date,countries,result,team1,team2,winner
18-04-2008,bangalore v. kolkata,kolkata by 140 runs,bangalore,kolkata,kolkata
19-04-2008,punjab v. chennai,chennai by 33 runs,punjab,chennai,chennai
19-04-2008,delhi v. rajasthan,delhi by 9 wickets,delhi,rajasthan,delhi
20-04-2008,kolkata v. deccan,kolkata by 5 wickets,kolkata,hyderabad,kolkata
20-04-2008,mumbai v. bangalore,bangalore by 5 wickets,mumbai,bangalore,bangalore
21-04-2008,rajasthan v. punjab,rajasthan by 6 wickets,rajasthan,punjab,rajasthan
22-04-2008,deccan v. delhi,delhi by 9 wickets,hyderabad,delhi,delhi
23-04-2008,chennai v. mumbai,chennai by 6 runs,chennai,mumbai,chennai
24-04-2008,deccan v. rajasthan,rajasthan by 3 wickets,hyderabad,rajasthan,rajasthan
25-04-2008,punjab v. mumbai,punjab by 66 runs,punjab,mumbai,punjab
26-04-2008,chennai v. kolkata,chennai by 9 wickets,chennai,kolkata,chennai
26-04-2008,bangalore v. rajasthan,rajasthan by 7 wickets,bangalore,rajasthan,rajasthan
27-04-2008,punjab v. delhi,punjab by 4 wickets,punjab,delhi,punjab
27-04-2008,mumbai v. deccan,deccan by 10 wickets,mumbai,hyderabad,hyderabad
28-04-2008,bangalore v. chennai,chennai by 13 runs,bangalore,chennai,chennai
29-04-2008,kolkata v. mumbai,mumbai by 7 wickets,kolkata,mumbai,mumbai
30-04-2008,delhi v. bangalore,delhi by 10 runs,delhi,bangalore,delhi
01-05-2008,rajasthan v. kolkata,rajasthan by 45 runs,rajasthan,kolkata,rajasthan
01-05-2008,deccan v. punjab,punjab by 7 wickets,hyderabad,punjab,punjab
02-05-2008,chennai v. delhi,delhi by 8 wickets,chennai,delhi,delhi
03-05-2008,bangalore v. deccan,bangalore by 3 runs,bangalore,hyderabad,bangalore
03-05-2008,punjab v. kolkata,punjab by 9 runs,punjab,kolkata,punjab
04-05-2008,mumbai v. delhi,mumbai by 29 runs,mumbai,delhi,mumbai
04-05-2008,rajasthan v. chennai,rajasthan by 8 wickets,rajasthan,chennai,rajasthan
05-05-2008,bangalore v. punjab,punjab by 6 wickets,bangalore,punjab,punjab
06-05-2008,chennai v. deccan,deccan by 7 wickets,chennai,hyderabad,hyderabad
07-05-2008,mumbai v. rajasthan,mumbai by 7 wickets,mumbai,rajasthan,mumbai
08-05-2008,delhi v. chennai,chennai by 4 wickets,delhi,chennai,chennai
08-05-2008,kolkata v. bangalore,kolkata by 5 runs,kolkata,bangalore,kolkata
09-05-2008,rajasthan v. deccan,rajasthan by 8 wickets,rajasthan,hyderabad,rajasthan
10-05-2008,chennai v. punjab,chennai by 18 runs,chennai,punjab,chennai
11-05-2008,deccan v. kolkata,kolkata by 23 runs,hyderabad,kolkata,kolkata
11-05-2008,rajasthan v. delhi,rajasthan by 3 wickets,rajasthan,delhi,rajasthan
12-05-2008,punjab v. bangalore,punjab by 9 wickets,punjab,bangalore,punjab
13-05-2008,kolkata v. delhi,kolkata by 23 runs,kolkata,delhi,kolkata
14-05-2008,mumbai v. chennai,mumbai by 9 wickets,mumbai,chennai,mumbai
15-05-2008,delhi v. deccan,delhi by 12 runs,delhi,hyderabad,delhi
16-05-2008,mumbai v. kolkata,mumbai by 8 wickets,mumbai,kolkata,mumbai
17-05-2008,rajasthan v. bangalore,rajasthan by 65 runs,rajasthan,bangalore,rajasthan
17-05-2008,delhi v. punjab,punjab by 6 runs [d/l],delhi,punjab,punjab
18-05-2008,kolkata v. chennai,chennai by 3 runs [d/l],kolkata,chennai,chennai
18-05-2008,deccan v. mumbai,mumbai by 25 runs,hyderabad,mumbai,mumbai
19-05-2008,bangalore v. delhi,delhi by 5 wickets,bangalore,delhi,delhi
20-05-2008,kolkata v. rajasthan,rajasthan by 6 wickets,kolkata,rajasthan,rajasthan
21-05-2008,punjab v. mumbai,punjab by 1 runs,punjab,mumbai,punjab
21-05-2008,chennai v. bangalore,bangalore by 14 runs,chennai,bangalore,bangalore
22-05-2008,delhi v. kolkata,match abandoned,delhi,kolkata,draw
23-05-2008,punjab v. deccan,punjab by 6 wickets,punjab,hyderabad,punjab
24-05-2008,chennai v. rajasthan,rajasthan by 10 runs,chennai,rajasthan,rajasthan
24-05-2008,delhi v. mumbai,delhi by 5 wickets,delhi,mumbai,delhi
25-05-2008,deccan v. bangalore,bangalore by 5 wickets,hyderabad,bangalore,bangalore
25-05-2008,kolkata v. punjab,kolkata by 3 wickets,kolkata,punjab,kolkata
26-05-2008,rajasthan v. mumbai,rajasthan by 5 wickets,rajasthan,mumbai,rajasthan
27-05-2008,deccan v. chennai,chennai by 7 wickets,hyderabad,chennai,chennai
28-05-2008,bangalore v. mumbai,mumbai by 9 wickets,bangalore,mumbai,mumbai
28-05-2008,punjab v. rajasthan,punjab by 41 runs,punjab,rajasthan,punjab
30-05-2008,delhi v. rajasthan,rajasthan by 105 runs,delhi,rajasthan,rajasthan
31-05-2008,punjab v. chennai,chennai by 9 wickets,punjab,chennai,chennai
01-06-2008,chennai v. rajasthan,rajasthan by 3 wickets,chennai,rajasthan,rajasthan
18-04-2009,chennai v. mumbai,mumbai by 19 runs,chennai,mumbai,mumbai
18-04-2009,bangalore v. rajasthan,bangalore by 75 runs,bangalore,rajasthan,bangalore
19-04-2009,delhi v. punjab,delhi by 10 wickets [d/l],delhi,punjab,delhi
19-04-2009,deccan v. kolkata,deccan by 8 wickets,hyderabad,kolkata,hyderabad
20-04-2009,bangalore v. chennai,chennai by 92 runs,bangalore,chennai,chennai
21-04-2009,punjab v. kolkata,kolkata by 11 runs [d/l],punjab,kolkata,kolkata
21-04-2009,mumbai v. rajasthan,match abandoned,mumbai,rajasthan,draw
22-04-2009,bangalore v. deccan,deccan by 24 runs,bangalore,hyderabad,hyderabad
23-04-2009,chennai v. delhi,delhi by 9 runs,chennai,delhi,delhi
23-04-2009,kolkata v. rajasthan,match tied (rajasthan won super over),kolkata,rajasthan,rajasthan
24-04-2009,bangalore v. punjab,punjab by 7 wickets,bangalore,punjab,punjab
25-04-2009,deccan v. mumbai,deccan by 12 runs,hyderabad,mumbai,hyderabad
25-04-2009,chennai v. kolkata,match abandoned,chennai,kolkata,draw
26-04-2009,bangalore v. delhi,delhi by 6 wickets,bangalore,delhi,delhi
26-04-2009,punjab v. rajasthan,punjab by 27 runs,punjab,rajasthan,punjab
27-04-2009,chennai v. deccan,deccan by 6 wickets,chennai,hyderabad,hyderabad
27-04-2009,kolkata v. mumbai,mumbai by 92 runs,kolkata,mumbai,mumbai
28-04-2009,delhi v. rajasthan,rajasthan by 5 wickets,delhi,rajasthan,rajasthan
29-04-2009,bangalore v. kolkata,bangalore by 5 wickets,bangalore,kolkata,bangalore
29-04-2009,punjab v. mumbai,punjab by 3 runs,punjab,mumbai,punjab
30-04-2009,deccan v. delhi,delhi by 6 wickets,hyderabad,delhi,delhi
30-04-2009,chennai v. rajasthan,chennai by 38 runs,chennai,rajasthan,chennai
01-05-2009,kolkata v. mumbai,mumbai by 9 runs,kolkata,mumbai,mumbai
01-05-2009,bangalore v. punjab,bangalore by 8 runs,bangalore,punjab,bangalore
02-05-2009,deccan v. rajasthan,rajasthan by 3 wickets,hyderabad,rajasthan,rajasthan
02-05-2009,chennai v. delhi,chennai by 18 runs,chennai,delhi,chennai
03-05-2009,punjab v. kolkata,punjab by 6 wickets,punjab,kolkata,punjab
03-05-2009,bangalore v. mumbai,bangalore by 9 wickets,bangalore,mumbai,bangalore
04-05-2009,chennai v. deccan,chennai by 78 runs,chennai,hyderabad,chennai
05-05-2009,punjab v. rajasthan,rajasthan by 78 runs,punjab,rajasthan,rajasthan
05-05-2009,delhi v. kolkata,delhi by 9 wickets,delhi,kolkata,delhi
06-05-2009,deccan v. mumbai,deccan by 19 runs,hyderabad,mumbai,hyderabad
07-05-2009,bangalore v. rajasthan,rajasthan by 7 wickets,bangalore,rajasthan,rajasthan
07-05-2009,chennai v. punjab,chennai by 12 runs [d/l],chennai,punjab,chennai
08-05-2009,delhi v. mumbai,delhi by 7 wickets,delhi,mumbai,delhi
09-05-2009,deccan v. punjab,punjab by 3 wickets,hyderabad,punjab,punjab
09-05-2009,chennai v. rajasthan,chennai by 7 wickets,chennai,rajasthan,chennai
10-05-2009,bangalore v. mumbai,mumbai by 16 runs,bangalore,mumbai,mumbai
10-05-2009,delhi v. kolkata,delhi by 7 wickets,delhi,kolkata,delhi
11-05-2009,deccan v. rajasthan,deccan by 53 runs,hyderabad,rajasthan,hyderabad
12-05-2009,bangalore v. kolkata,bangalore by 6 wickets,bangalore,kolkata,bangalore
12-05-2009,punjab v. mumbai,mumbai by 8 wickets,punjab,mumbai,mumbai
13-05-2009,deccan v. delhi,delhi by 12 runs,hyderabad,delhi,delhi
14-05-2009,bangalore v. chennai,bangalore by 2 wickets,bangalore,chennai,bangalore
14-05-2009,mumbai v. rajasthan,rajasthan by 2 runs,mumbai,rajasthan,rajasthan
15-05-2009,delhi v. punjab,punjab by 6 wickets,delhi,punjab,punjab
16-05-2009,chennai v. mumbai,chennai by 7 wickets,chennai,mumbai,chennai
16-05-2009,deccan v. kolkata,deccan by 6 wickets,hyderabad,kolkata,hyderabad
17-05-2009,deccan v. punjab,punjab by 1 runs,hyderabad,punjab,punjab
17-05-2009,delhi v. rajasthan,delhi by 14 runs,delhi,rajasthan,delhi
18-05-2009,chennai v. kolkata,kolkata by 7 wickets,chennai,kolkata,kolkata
19-05-2009,bangalore v. delhi,bangalore by 7 wickets,bangalore,delhi,bangalore
20-05-2009,kolkata v. rajasthan,kolkata by 4 wickets,kolkata,rajasthan,kolkata
20-05-2009,chennai v. punjab,chennai by 24 runs,chennai,punjab,chennai
21-05-2009,delhi v. mumbai,delhi by 4 wickets,delhi,mumbai,delhi
21-05-2009,bangalore v. deccan,bangalore by 12 runs,bangalore,hyderabad,bangalore
22-05-2009,delhi v. deccan,deccan by 6 wickets,delhi,hyderabad,hyderabad
23-05-2009,bangalore v. chennai,bangalore by 6 wickets,bangalore,chennai,bangalore
24-05-2009,bangalore v. deccan,deccan by 6 runs,bangalore,hyderabad,hyderabad
12-03-2010,deccan v. kolkata,kolkata by 11 runs,hyderabad,kolkata,kolkata
13-03-2010,mumbai v. rajasthan,mumbai by 4 runs,mumbai,rajasthan,mumbai
13-03-2010,punjab v. delhi,delhi by 5 wickets,punjab,delhi,delhi
14-03-2010,kolkata v. bangalore,kolkata by 7 wickets,kolkata,bangalore,kolkata
14-03-2010,chennai v. deccan,deccan by 31 runs,chennai,hyderabad,hyderabad
15-03-2010,rajasthan v. delhi,delhi by 6 wickets,rajasthan,delhi,delhi
16-03-2010,bangalore v. punjab,bangalore by 8 wickets,bangalore,punjab,bangalore
16-03-2010,chennai v. kolkata,chennai by 55 runs,chennai,kolkata,chennai
17-03-2010,delhi v. mumbai,mumbai by 98 runs,delhi,mumbai,mumbai
18-03-2010,bangalore v. rajasthan,bangalore by 10 wickets,bangalore,rajasthan,bangalore
19-03-2010,delhi v. chennai,chennai by 5 wickets,delhi,chennai,chennai
19-03-2010,deccan v. punjab,deccan by 6 runs,hyderabad,punjab,hyderabad
20-03-2010,rajasthan v. kolkata,rajasthan by 34 runs,rajasthan,kolkata,rajasthan
20-03-2010,mumbai v. bangalore,bangalore by 7 wickets,mumbai,bangalore,bangalore
21-03-2010,deccan v. delhi,deccan by 10 runs,hyderabad,delhi,hyderabad
21-03-2010,chennai v. punjab,match tied (punjab won super over),chennai,punjab,punjab
22-03-2010,mumbai v. kolkata,mumbai by 7 wickets,mumbai,kolkata,mumbai
23-03-2010,bangalore v. chennai,bangalore by 36 runs,bangalore,chennai,bangalore
24-03-2010,punjab v. rajasthan,rajasthan by 31 runs,punjab,rajasthan,rajasthan
25-03-2010,bangalore v. delhi,delhi by 17 runs,bangalore,delhi,delhi
25-03-2010,mumbai v. chennai,mumbai by 5 wickets,mumbai,chennai,mumbai
26-03-2010,rajasthan v. deccan,rajasthan by 8 wickets,rajasthan,hyderabad,rajasthan
27-03-2010,punjab v. kolkata,kolkata by 39 runs,punjab,kolkata,kolkata
28-03-2010,rajasthan v. chennai,rajasthan by 17 runs,rajasthan,chennai,rajasthan
28-03-2010,deccan v. mumbai,mumbai by 41 runs,hyderabad,mumbai,mumbai
29-03-2010,delhi v. kolkata,delhi by 40 runs,delhi,kolkata,delhi
30-03-2010,mumbai v. punjab,mumbai by 4 wickets,mumbai,punjab,mumbai
31-03-2010,chennai v. bangalore,chennai by 5 wickets,chennai,bangalore,chennai
31-03-2010,delhi v. rajasthan,delhi by 67 runs,delhi,rajasthan,delhi
01-04-2010,kolkata v. deccan,kolkata by 24 runs,kolkata,hyderabad,kolkata
02-04-2010,punjab v. bangalore,bangalore by 6 wickets,punjab,bangalore,bangalore
03-04-2010,chennai v. rajasthan,chennai by 23 runs,chennai,rajasthan,chennai
03-04-2010,mumbai v. deccan,mumbai by 63 runs,mumbai,hyderabad,mumbai
04-04-2010,kolkata v. punjab,punjab by 8 wickets,kolkata,punjab,punjab
04-04-2010,delhi v. bangalore,delhi by 37 runs,delhi,bangalore,delhi
05-04-2010,deccan v. rajasthan,rajasthan by 2 runs,hyderabad,rajasthan,rajasthan
06-04-2010,chennai v. mumbai,chennai by 24 runs,chennai,mumbai,chennai
07-04-2010,rajasthan v. punjab,rajasthan by 9 wickets,rajasthan,punjab,rajasthan
07-04-2010,kolkata v. delhi,kolkata by 14 runs,kolkata,delhi,kolkata
08-04-2010,bangalore v. deccan,deccan by 7 wickets,bangalore,hyderabad,hyderabad
09-04-2010,punjab v. mumbai,punjab by 6 wickets,punjab,mumbai,punjab
10-04-2010,deccan v. chennai,deccan by 6 wickets,hyderabad,chennai,hyderabad
10-04-2010,bangalore v. kolkata,bangalore by 7 wickets,bangalore,kolkata,bangalore
11-04-2010,delhi v. punjab,punjab by 7 wickets,delhi,punjab,punjab
11-04-2010,rajasthan v. mumbai,mumbai by 37 runs,rajasthan,mumbai,mumbai
12-04-2010,deccan v. bangalore,deccan by 13 runs,hyderabad,bangalore,hyderabad
13-04-2010,mumbai v. delhi,mumbai by 39 runs,mumbai,delhi,mumbai
13-04-2010,chennai v. kolkata,chennai by 9 wickets,chennai,kolkata,chennai
14-04-2010,rajasthan v. bangalore,bangalore by 5 wickets,rajasthan,bangalore,bangalore
15-04-2010,chennai v. delhi,delhi by 6 wickets,chennai,delhi,delhi
16-04-2010,punjab v. deccan,deccan by 5 wickets,punjab,hyderabad,hyderabad
17-04-2010,bangalore v. mumbai,mumbai by 57 runs,bangalore,mumbai,mumbai
17-04-2010,kolkata v. rajasthan,kolkata by 8 wickets,kolkata,rajasthan,kolkata
18-04-2010,punjab v. chennai,chennai by 6 wickets,punjab,chennai,chennai
18-04-2010,delhi v. deccan,deccan by 11 runs,delhi,hyderabad,hyderabad
19-04-2010,kolkata v. mumbai,kolkata by 9 wickets,kolkata,mumbai,kolkata
21-04-2010,bangalore v. mumbai,mumbai by 35 runs,bangalore,mumbai,mumbai
22-04-2010,chennai v. deccan,chennai by 38 runs,chennai,hyderabad,chennai
24-04-2010,bangalore v. deccan,bangalore by 9 wickets,bangalore,hyderabad,bangalore
25-04-2010,chennai v. mumbai,chennai by 22 runs,chennai,mumbai,chennai
08-04-2011,chennai v. kolkata,chennai by 2 runs,chennai,kolkata,chennai
09-04-2011,deccan v. rajasthan,rajasthan by 8 wickets,hyderabad,rajasthan,rajasthan
09-04-2011,kochi v. bangalore,bangalore by 6 wickets,kochi,bangalore,bangalore
10-04-2011,delhi v. mumbai,mumbai by 8 wickets,delhi,mumbai,mumbai
10-04-2011,pune warriors v. punjab,pune warriors by 7 wickets,pune,punjab,pune
11-04-2011,kolkata v. deccan,kolkata by 9 runs,kolkata,hyderabad,kolkata
12-04-2011,rajasthan v. delhi,rajasthan by 6 wickets,rajasthan,delhi,rajasthan
12-04-2011,bangalore v. mumbai,mumbai by 9 wickets,bangalore,mumbai,mumbai
13-04-2011,punjab v. chennai,punjab by 6 wickets,punjab,chennai,punjab
13-04-2011,pune warriors v. kochi,pune warriors by 4 wickets,pune,kochi,pune
14-04-2011,deccan v. bangalore,deccan by 33 runs,hyderabad,bangalore,hyderabad
15-04-2011,rajasthan v. kolkata,kolkata by 9 wickets,rajasthan,kolkata,kolkata
15-04-2011,mumbai v. kochi,kochi by 8 wickets,mumbai,kochi,kochi
16-04-2011,chennai v. bangalore,chennai by 21 runs,chennai,bangalore,chennai
16-04-2011,deccan v. punjab,punjab by 8 wickets,hyderabad,punjab,punjab
17-04-2011,pune warriors v. delhi,delhi by 3 wickets,pune,delhi,delhi
17-04-2011,kolkata v. rajasthan,kolkata by 8 wickets,kolkata,rajasthan,kolkata
18-04-2011,kochi v. chennai,kochi by 7 wickets,kochi,chennai,kochi
19-04-2011,delhi v. deccan,deccan by 16 runs,delhi,hyderabad,hyderabad
19-04-2011,bangalore v. rajasthan,match abandoned,bangalore,rajasthan,draw
20-04-2011,mumbai v. pune warriors,mumbai by 7 wickets,mumbai,pune,mumbai
20-04-2011,kolkata v. kochi,kochi by 6 runs,kolkata,kochi,kochi
21-04-2011,punjab v. rajasthan,punjab by 48 runs,punjab,rajasthan,punjab
22-04-2011,kolkata v. bangalore,bangalore by 9 wickets,kolkata,bangalore,bangalore
22-04-2011,mumbai v. chennai,mumbai by 8 runs,mumbai,chennai,mumbai
23-04-2011,delhi v. punjab,delhi by 29 runs,delhi,punjab,delhi
24-04-2011,deccan v. mumbai,mumbai by 37 runs,hyderabad,mumbai,mumbai
24-04-2011,rajasthan v. kochi,rajasthan by 8 wickets,rajasthan,kochi,rajasthan
25-04-2011,chennai v. pune warriors,chennai by 25 runs,chennai,pune,chennai
26-04-2011,delhi v. bangalore,bangalore by 3 wickets,delhi,bangalore,bangalore
27-04-2011,pune warriors v. chennai,chennai by 8 wickets,pune,chennai,chennai
27-04-2011,kochi v. deccan,deccan by 55 runs,kochi,hyderabad,hyderabad
28-04-2011,delhi v. kolkata,kolkata by 17 runs,delhi,kolkata,kolkata
29-04-2011,rajasthan v. mumbai,rajasthan by 7 wickets,rajasthan,mumbai,rajasthan
29-04-2011,bangalore v. pune warriors,bangalore by 26 runs,bangalore,pune,bangalore
30-04-2011,kochi v. delhi,delhi by 38 runs,kochi,delhi,delhi
30-04-2011,kolkata v. punjab,kolkata by 8 wickets,kolkata,punjab,kolkata
01-05-2011,rajasthan v. pune warriors,rajasthan by 6 wickets,rajasthan,pune,rajasthan
01-05-2011,chennai v. deccan,chennai by 19 runs,chennai,hyderabad,chennai
02-05-2011,mumbai v. punjab,mumbai by 23 runs,mumbai,punjab,mumbai
02-05-2011,delhi v. kochi,kochi by 7 wickets,delhi,kochi,kochi
03-05-2011,deccan v. kolkata,kolkata by 20 runs,hyderabad,kolkata,kolkata
04-05-2011,chennai v. rajasthan,chennai by 8 wickets,chennai,rajasthan,chennai
04-05-2011,pune warriors v. mumbai,mumbai by 21 runs,pune,mumbai,mumbai
05-05-2011,kochi v. kolkata,kochi by 17 runs,kochi,kolkata,kochi
05-05-2011,deccan v. delhi,delhi by 4 wickets,hyderabad,delhi,delhi
06-05-2011,bangalore v. punjab,bangalore by 85 runs,bangalore,punjab,bangalore
07-05-2011,kolkata v. chennai,kolkata by 10 runs [d/l],kolkata,chennai,kolkata
07-05-2011,mumbai v. delhi,mumbai by 32 runs,mumbai,delhi,mumbai
08-05-2011,bangalore v. kochi,bangalore by 9 wickets,bangalore,kochi,bangalore
08-05-2011,punjab v. pune warriors,pune warriors by 5 wickets,punjab,pune,pune
09-05-2011,rajasthan v. chennai,chennai by 63 runs,rajasthan,chennai,chennai
10-05-2011,deccan v. pune warriors,pune warriors by 6 wickets,hyderabad,pune,pune
10-05-2011,punjab v. mumbai,punjab by 76 runs,punjab,mumbai,punjab
11-05-2011,rajasthan v. bangalore,bangalore by 9 wickets,rajasthan,bangalore,bangalore
12-05-2011,chennai v. delhi,chennai by 18 runs,chennai,delhi,chennai
13-05-2011,kochi v. punjab,punjab by 6 wickets,kochi,punjab,punjab
14-05-2011,bangalore v. kolkata,bangalore by 4 wickets [d/l],bangalore,kolkata,bangalore
14-05-2011,mumbai v. deccan,deccan by 10 runs,mumbai,hyderabad,hyderabad
15-05-2011,punjab v. delhi,punjab by 29 runs,punjab,delhi,punjab
15-05-2011,kochi v. rajasthan,kochi by 8 wickets,kochi,rajasthan,kochi
16-05-2011,pune warriors v. deccan,deccan by 6 wickets,pune,hyderabad,hyderabad
17-05-2011,punjab v. bangalore,punjab by 111 runs,punjab,bangalore,punjab
18-05-2011,chennai v. kochi,chennai by 11 runs,chennai,kochi,chennai
19-05-2011,pune warriors v. kolkata,kolkata by 7 wickets,pune,kolkata,kolkata
20-05-2011,mumbai v. rajasthan,rajasthan by 10 wickets,mumbai,rajasthan,rajasthan
21-05-2011,punjab v. deccan,deccan by 82 runs,punjab,hyderabad,hyderabad
21-05-2011,delhi v. pune warriors,no result,delhi,pune,draw
22-05-2011,bangalore v. chennai,bangalore by 8 wickets,bangalore,chennai,bangalore
22-05-2011,kolkata v. mumbai,mumbai by 5 wickets,kolkata,mumbai,mumbai
24-05-2011,bangalore v. chennai,chennai by 6 wickets,bangalore,chennai,chennai
25-05-2011,kolkata v. mumbai,mumbai by 4 wickets,kolkata,mumbai,mumbai
27-05-2011,bangalore v. mumbai,bangalore by 43 runs,bangalore,mumbai,bangalore
28-05-2011,chennai v. bangalore,chennai by 58 runs,chennai,bangalore,chennai
04-04-2012,chennai v. mumbai,mumbai by 8 wickets,chennai,mumbai,mumbai
05-04-2012,kolkata v. delhi,delhi by 8 wickets,kolkata,delhi,delhi
06-04-2012,mumbai v. pune warriors,pune warriors by 28 runs,mumbai,pune,pune
06-04-2012,rajasthan v. punjab,rajasthan by 31 runs,rajasthan,punjab,rajasthan
07-04-2012,bangalore v. delhi,bangalore by 20 runs,bangalore,delhi,bangalore
07-04-2012,deccan v. chennai,chennai by 74 runs,hyderabad,chennai,chennai
08-04-2012,rajasthan v. kolkata,rajasthan by 22 runs,rajasthan,kolkata,rajasthan
08-04-2012,pune warriors v. punjab,pune warriors by 22 runs,pune,punjab,pune
09-04-2012,deccan v. mumbai,mumbai by 5 wickets,hyderabad,mumbai,mumbai
10-04-2012,bangalore v. kolkata,kolkata by 42 runs,bangalore,kolkata,kolkata
10-04-2012,delhi v. chennai,delhi by 8 wickets,delhi,chennai,delhi
11-04-2012,mumbai v. rajasthan,mumbai by 27 runs,mumbai,rajasthan,mumbai
12-04-2012,chennai v. bangalore,chennai by 5 wickets,chennai,bangalore,chennai
12-04-2012,punjab v. pune warriors,punjab by 7 wickets,punjab,pune,punjab
13-04-2012,kolkata v. rajasthan,kolkata by 5 wickets,kolkata,rajasthan,kolkata
14-04-2012,pune warriors v. chennai,pune warriors by 7 wickets,pune,chennai,pune
15-04-2012,kolkata v. punjab,punjab by 2 runs,kolkata,punjab,punjab
15-04-2012,bangalore v. rajasthan,rajasthan by 59 runs,bangalore,rajasthan,rajasthan
16-04-2012,mumbai v. delhi,delhi by 7 wickets,mumbai,delhi,delhi
17-04-2012,rajasthan v. deccan,rajasthan by 5 wickets,rajasthan,hyderabad,rajasthan
17-04-2012,bangalore v. pune warriors,bangalore by 6 wickets,bangalore,pune,bangalore
18-04-2012,punjab v. kolkata,kolkata by 8 wickets,punjab,kolkata,kolkata
19-04-2012,delhi v. deccan,delhi by 5 wickets,delhi,hyderabad,delhi
19-04-2012,chennai v. pune warriors,chennai by 13 runs,chennai,pune,chennai
20-04-2012,punjab v. bangalore,bangalore by 5 wickets,punjab,bangalore,bangalore
21-04-2012,chennai v. rajasthan,chennai by 7 wickets,chennai,rajasthan,chennai
21-04-2012,delhi v. pune warriors,pune warriors by 20 runs,delhi,pune,pune
22-04-2012,mumbai v. punjab,punjab by 6 wickets,mumbai,punjab,punjab
22-04-2012,deccan v. kolkata,kolkata by 5 wickets,hyderabad,kolkata,kolkata
23-04-2012,rajasthan v. bangalore,bangalore by 46 runs,rajasthan,bangalore,bangalore
24-04-2012,pune warriors v. delhi,delhi by 8 wickets,pune,delhi,delhi
24-04-2012,kolkata v. deccan,match abandoned,kolkata,hyderabad,draw
25-04-2012,punjab v. mumbai,mumbai by 4 wickets,punjab,mumbai,mumbai
25-04-2012,bangalore v. chennai,no result,bangalore,chennai,draw
26-04-2012,pune warriors v. deccan,deccan by 18 runs,pune,hyderabad,hyderabad
27-04-2012,delhi v. mumbai,delhi by 37 runs,delhi,mumbai,delhi
28-04-2012,chennai v. punjab,punjab by 7 runs,chennai,punjab,punjab
28-04-2012,kolkata v. bangalore,kolkata by 47 runs,kolkata,bangalore,kolkata
29-04-2012,delhi v. rajasthan,delhi by 1 runs,delhi,rajasthan,delhi
29-04-2012,mumbai v. deccan,mumbai by 5 wickets,mumbai,hyderabad,mumbai
30-04-2012,chennai v. kolkata,kolkata by 5 wickets,chennai,kolkata,kolkata
01-05-2012,deccan v. pune warriors,deccan by 13 runs,hyderabad,pune,hyderabad
01-05-2012,rajasthan v. delhi,delhi by 6 wickets,rajasthan,delhi,delhi
02-05-2012,bangalore v. punjab,punjab by 4 wickets,bangalore,punjab,punjab
03-05-2012,pune warriors v. mumbai,mumbai by 1 runs,pune,mumbai,mumbai
04-05-2012,chennai v. deccan,chennai by 10 runs,chennai,hyderabad,chennai
05-05-2012,kolkata v. pune warriors,kolkata by 7 runs,kolkata,pune,kolkata
05-05-2012,punjab v. rajasthan,rajasthan by 43 runs,punjab,rajasthan,rajasthan
06-05-2012,mumbai v. chennai,mumbai by 2 wickets,mumbai,chennai,mumbai
06-05-2012,bangalore v. deccan,bangalore by 5 wickets,bangalore,hyderabad,bangalore
07-05-2012,delhi v. kolkata,kolkata by 6 wickets,delhi,kolkata,kolkata
08-05-2012,pune warriors v. rajasthan,rajasthan by 7 wickets,pune,rajasthan,rajasthan
08-05-2012,deccan v. punjab,punjab by 25 runs,hyderabad,punjab,punjab
09-05-2012,mumbai v. bangalore,bangalore by 9 wickets,mumbai,bangalore,bangalore
10-05-2012,deccan v. delhi,delhi by 9 wickets,hyderabad,delhi,delhi
10-05-2012,rajasthan v. chennai,chennai by 4 wickets,rajasthan,chennai,chennai
11-05-2012,pune warriors v. bangalore,bangalore by 35 runs,pune,bangalore,bangalore
12-05-2012,kolkata v. mumbai,mumbai by 27 runs,kolkata,mumbai,mumbai
12-05-2012,chennai v. delhi,chennai by 9 wickets,chennai,delhi,chennai
13-05-2012,rajasthan v. pune warriors,rajasthan by 45 runs,rajasthan,pune,rajasthan
13-05-2012,punjab v. deccan,punjab by 4 wickets,punjab,hyderabad,punjab
14-05-2012,bangalore v. mumbai,mumbai by 5 wickets,bangalore,mumbai,mumbai
14-05-2012,kolkata v. chennai,chennai by 5 wickets,kolkata,chennai,chennai
15-05-2012,delhi v. punjab,delhi by 5 wickets,delhi,punjab,delhi
16-05-2012,mumbai v. kolkata,kolkata by 32 runs,mumbai,kolkata,kolkata
17-05-2012,punjab v. chennai,punjab by 6 wickets,punjab,chennai,punjab
17-05-2012,delhi v. bangalore,bangalore by 21 runs,delhi,bangalore,bangalore
18-05-2012,deccan v. rajasthan,deccan by 5 wickets,hyderabad,rajasthan,hyderabad
19-05-2012,punjab v. delhi,delhi by 6 wickets,punjab,delhi,delhi
19-05-2012,pune warriors v. kolkata,kolkata by 34 runs,pune,kolkata,kolkata
20-05-2012,deccan v. bangalore,deccan by 9 runs,hyderabad,bangalore,hyderabad
20-05-2012,rajasthan v. mumbai,mumbai by 10 wickets,rajasthan,mumbai,mumbai
22-05-2012,delhi v. kolkata,kolkata by 18 runs,delhi,kolkata,kolkata
23-05-2012,chennai v. mumbai,chennai by 3 runs,chennai,mumbai,chennai
25-05-2012,delhi v. chennai,chennai by 86 runs,delhi,chennai,chennai
27-05-2012,kolkata v. chennai,kolkata by 5 wickets,kolkata,chennai,kolkata
03-04-2013,kolkata v. delhi,kolkata by 6 wickets,kolkata,delhi,kolkata
04-04-2013,bangalore v. mumbai,bangalore by 2 runs,bangalore,mumbai,bangalore
05-04-2013,hyderabad v. pune warriors,hyderabad by 22 runs,hyderabad,pune,hyderabad
06-04-2013,delhi v. rajasthan,rajasthan by 5 runs,delhi,rajasthan,rajasthan
06-04-2013,chennai v. mumbai,mumbai by 9 runs,chennai,mumbai,mumbai
07-04-2013,pune warriors v. punjab,punjab by 8 wickets,pune,punjab,punjab
07-04-2013,hyderabad v. bangalore,match tied (hyderabad won super over),hyderabad,bangalore,hyderabad
08-04-2013,rajasthan v. kolkata,rajasthan by 19 runs,rajasthan,kolkata,rajasthan
09-04-2013,bangalore v. hyderabad,bangalore by 7 wickets,bangalore,hyderabad,bangalore
09-04-2013,mumbai v. delhi,mumbai by 44 runs,mumbai,delhi,mumbai
10-04-2013,punjab v. chennai,chennai by 10 wickets,punjab,chennai,chennai
11-04-2013,bangalore v. kolkata,bangalore by 8 wickets,bangalore,kolkata,bangalore
11-04-2013,pune warriors v. rajasthan,pune warriors by 7 wickets,pune,rajasthan,pune
12-04-2013,delhi v. hyderabad,hyderabad by 3 wickets,delhi,hyderabad,hyderabad
13-04-2013,mumbai v. pune warriors,mumbai by 41 runs,mumbai,pune,mumbai
13-04-2013,chennai v. bangalore,chennai by 4 wickets,chennai,bangalore,chennai
14-04-2013,kolkata v. hyderabad,kolkata by 48 runs,kolkata,hyderabad,kolkata
14-04-2013,rajasthan v. punjab,rajasthan by 6 wickets,rajasthan,punjab,rajasthan
15-04-2013,chennai v. pune warriors,pune warriors by 24 runs,chennai,pune,pune
16-04-2013,punjab v. kolkata,punjab by 4 runs,punjab,kolkata,punjab
16-04-2013,bangalore v. delhi,match tied (bangalore won super over),bangalore,delhi,bangalore
17-04-2013,pune warriors v. hyderabad,hyderabad by 11 runs,pune,hyderabad,hyderabad
17-04-2013,rajasthan v. mumbai,rajasthan by 87 runs,rajasthan,mumbai,rajasthan
18-04-2013,chennai v. delhi,chennai by 86 runs,chennai,delhi,chennai
19-04-2013,hyderabad v. punjab,hyderabad by 5 wickets,hyderabad,punjab,hyderabad
20-04-2013,kolkata v. chennai,chennai by 4 wickets,kolkata,chennai,chennai
20-04-2013,bangalore v. rajasthan,bangalore by 7 wickets,bangalore,rajasthan,bangalore
21-04-2013,delhi v. mumbai,delhi by 9 wickets,delhi,mumbai,delhi
21-04-2013,punjab v. pune warriors,punjab by 7 wickets,punjab,pune,punjab
22-04-2013,chennai v. rajasthan,chennai by 5 wickets,chennai,rajasthan,chennai
23-04-2013,bangalore v. pune warriors,bangalore by 130 runs,bangalore,pune,bangalore
23-04-2013,delhi v. punjab,punjab by 5 wickets,delhi,punjab,punjab
24-04-2013,kolkata v. mumbai,mumbai by 5 wickets,kolkata,mumbai,mumbai
25-04-2013,chennai v. hyderabad,chennai by 5 wickets,chennai,hyderabad,chennai
26-04-2013,kolkata v. punjab,kolkata by 6 wickets,kolkata,punjab,kolkata
27-04-2013,hyderabad v. rajasthan,rajasthan by 8 wickets,hyderabad,rajasthan,rajasthan
27-04-2013,mumbai v. bangalore,mumbai by 58 runs,mumbai,bangalore,mumbai
28-04-2013,chennai v. kolkata,chennai by 14 runs,chennai,kolkata,chennai
28-04-2013,delhi v. pune warriors,delhi by 15 runs,delhi,pune,delhi
29-04-2013,rajasthan v. bangalore,rajasthan by 4 wickets,rajasthan,bangalore,rajasthan
29-04-2013,mumbai v. punjab,mumbai by 4 runs,mumbai,punjab,mumbai
30-04-2013,chennai v. pune warriors,chennai by 37 runs,chennai,pune,chennai
01-05-2013,mumbai v. hyderabad,hyderabad by 7 wickets,mumbai,hyderabad,hyderabad
01-05-2013,delhi v. kolkata,delhi by 7 wickets,delhi,kolkata,delhi
02-05-2013,chennai v. punjab,chennai by 15 runs,chennai,punjab,chennai
02-05-2013,pune warriors v. bangalore,bangalore by 17 runs,pune,bangalore,bangalore
03-05-2013,kolkata v. rajasthan,kolkata by 8 wickets,kolkata,rajasthan,kolkata
04-05-2013,hyderabad v. delhi,hyderabad by 6 wickets,hyderabad,delhi,hyderabad
05-05-2013,mumbai v. chennai,mumbai by 60 runs,mumbai,chennai,mumbai
05-05-2013,rajasthan v. pune warriors,rajasthan by 5 wickets,rajasthan,pune,rajasthan
06-05-2013,punjab v. bangalore,punjab by 6 wickets,punjab,bangalore,punjab
07-05-2013,rajasthan v. delhi,rajasthan by 9 wickets,rajasthan,delhi,rajasthan
07-05-2013,mumbai v. kolkata,mumbai by 65 runs,mumbai,kolkata,mumbai
08-05-2013,hyderabad v. chennai,chennai by 77 runs,hyderabad,chennai,chennai
09-05-2013,punjab v. rajasthan,rajasthan by 8 wickets,punjab,rajasthan,rajasthan
09-05-2013,pune warriors v. kolkata,kolkata by 46 runs,pune,kolkata,kolkata
10-05-2013,bangalore v. delhi,bangalore by 4 runs,bangalore,delhi,bangalore
11-05-2013,pune warriors v. mumbai,mumbai by 5 wickets,pune,mumbai,mumbai
11-05-2013,punjab v. hyderabad,hyderabad by 30 runs,punjab,hyderabad,hyderabad
12-05-2013,kolkata v. bangalore,kolkata by 5 wickets,kolkata,bangalore,kolkata
12-05-2013,rajasthan v. chennai,rajasthan by 5 wickets,rajasthan,chennai,rajasthan
13-05-2013,mumbai v. hyderabad,mumbai by 7 wickets,mumbai,hyderabad,mumbai
14-05-2013,bangalore v. punjab,punjab by 7 wickets,bangalore,punjab,punjab
14-05-2013,chennai v. delhi,chennai by 33 runs,chennai,delhi,chennai
15-05-2013,kolkata v. pune warriors,pune warriors by 7 runs,kolkata,pune,pune
15-05-2013,mumbai v. rajasthan,mumbai by 14 runs,mumbai,rajasthan,mumbai
16-05-2013,punjab v. delhi,punjab by 7 runs,punjab,delhi,punjab
17-05-2013,hyderabad v. rajasthan,hyderabad by 23 runs,hyderabad,rajasthan,hyderabad
18-05-2013,punjab v. mumbai,punjab by 50 runs,punjab,mumbai,punjab
18-05-2013,bangalore v. chennai,bangalore by 24 runs,bangalore,chennai,bangalore
19-05-2013,pune warriors v. delhi,pune warriors by 38 runs,pune,delhi,pune
19-05-2013,hyderabad v. kolkata,hyderabad by 5 wickets,hyderabad,kolkata,hyderabad
21-05-2013,chennai v. mumbai,chennai by 48 runs,chennai,mumbai,chennai
22-05-2013,rajasthan v. hyderabad,rajasthan by 4 wickets,rajasthan,hyderabad,rajasthan
24-05-2013,mumbai v. rajasthan,mumbai by 4 wickets,mumbai,rajasthan,mumbai
26-05-2013,chennai v. mumbai,mumbai by 23 runs,chennai,mumbai,mumbai
16-04-2014,kolkata v. mumbai,kolkata by 41 runs,kolkata,mumbai,kolkata
17-04-2014,bangalore v. delhi,bangalore by 8 wickets,bangalore,delhi,bangalore
18-04-2014,chennai v. punjab,punjab by 6 wickets,chennai,punjab,punjab
18-04-2014,hyderabad v. rajasthan,rajasthan by 4 wickets,hyderabad,rajasthan,rajasthan
19-04-2014,mumbai v. bangalore,bangalore by 7 wickets,mumbai,bangalore,bangalore
19-04-2014,kolkata v. delhi,delhi by 4 wickets,kolkata,delhi,delhi
20-04-2014,rajasthan v. punjab,punjab by 7 wickets,rajasthan,punjab,punjab
21-04-2014,chennai v. delhi,chennai by 93 runs,chennai,delhi,chennai
22-04-2014,punjab v. hyderabad,punjab by 72 runs,punjab,hyderabad,punjab
23-04-2014,chennai v. rajasthan,chennai by 7 runs,chennai,rajasthan,chennai
24-04-2014,bangalore v. kolkata,kolkata by 2 runs,bangalore,kolkata,kolkata
25-04-2014,hyderabad v. delhi,hyderabad by 4 runs,hyderabad,delhi,hyderabad
25-04-2014,chennai v. mumbai,chennai by 7 wickets,chennai,mumbai,chennai
26-04-2014,bangalore v. rajasthan,rajasthan by 6 wickets,bangalore,rajasthan,rajasthan
26-04-2014,kolkata v. punjab,punjab by 23 runs,kolkata,punjab,punjab
27-04-2014,delhi v. mumbai,delhi by 6 wickets,delhi,mumbai,delhi
27-04-2014,hyderabad v. chennai,chennai by 5 wickets,hyderabad,chennai,chennai
28-04-2014,punjab v. bangalore,punjab by 5 wickets,punjab,bangalore,punjab
29-04-2014,kolkata v. rajasthan,rajasthan by boundary count,kolkata,rajasthan,rajasthan
30-04-2014,mumbai v. hyderabad,hyderabad by 15 runs,mumbai,hyderabad,hyderabad
02-05-2014,chennai v. kolkata,chennai by 34 runs,chennai,kolkata,chennai
03-05-2014,mumbai v. punjab,mumbai by 5 wickets,mumbai,punjab,mumbai
03-05-2014,delhi v. rajasthan,rajasthan by 7 wickets,delhi,rajasthan,rajasthan
04-05-2014,bangalore v. hyderabad,bangalore by 4 wickets,bangalore,hyderabad,bangalore
05-05-2014,rajasthan v. kolkata,rajasthan by 10 runs,rajasthan,kolkata,rajasthan
05-05-2014,delhi v. chennai,chennai by 8 wickets,delhi,chennai,chennai
06-05-2014,mumbai v. bangalore,mumbai by 19 runs,mumbai,bangalore,mumbai
07-05-2014,delhi v. kolkata,kolkata by 8 wickets,delhi,kolkata,kolkata
07-05-2014,punjab v. chennai,punjab by 44 runs,punjab,chennai,punjab
08-05-2014,hyderabad v. rajasthan,hyderabad by 32 runs,hyderabad,rajasthan,hyderabad
09-05-2014,bangalore v. punjab,punjab by 32 runs,bangalore,punjab,punjab
10-05-2014,delhi v. hyderabad,hyderabad by 8 wickets [d/l],delhi,hyderabad,hyderabad
10-05-2014,mumbai v. chennai,chennai by 4 wickets,mumbai,chennai,chennai
11-05-2014,kolkata v. punjab,kolkata by 9 wickets,kolkata,punjab,kolkata
11-05-2014,bangalore v. rajasthan,rajasthan by 5 wickets,bangalore,rajasthan,rajasthan
12-05-2014,hyderabad v. mumbai,mumbai by 7 wickets,hyderabad,mumbai,mumbai
13-05-2014,chennai v. rajasthan,chennai by 5 wickets,chennai,rajasthan,chennai
13-05-2014,bangalore v. delhi,bangalore by 16 runs,bangalore,delhi,bangalore
14-05-2014,hyderabad v. punjab,punjab by 6 wickets,hyderabad,punjab,punjab
14-05-2014,kolkata v. mumbai,kolkata by 6 wickets,kolkata,mumbai,kolkata
15-05-2014,rajasthan v. delhi,rajasthan by 62 runs,rajasthan,delhi,rajasthan
18-05-2014,chennai v. bangalore,bangalore by 5 wickets,chennai,bangalore,bangalore
18-05-2014,hyderabad v. kolkata,kolkata by 7 wickets,hyderabad,kolkata,kolkata
19-05-2014,rajasthan v. mumbai,mumbai by 25 runs,rajasthan,mumbai,mumbai
19-05-2014,delhi v. punjab,punjab by 4 wickets,delhi,punjab,punjab
20-05-2014,hyderabad v. bangalore,hyderabad by 7 wickets,hyderabad,bangalore,hyderabad
20-05-2014,kolkata v. chennai,kolkata by 8 wickets,kolkata,chennai,kolkata
21-05-2014,punjab v. mumbai,mumbai by 7 wickets,punjab,mumbai,mumbai
22-05-2014,kolkata v. bangalore,kolkata by 30 runs,kolkata,bangalore,kolkata
22-05-2014,chennai v. hyderabad,hyderabad by 6 wickets,chennai,hyderabad,hyderabad
23-05-2014,mumbai v. delhi,mumbai by 15 runs,mumbai,delhi,mumbai
23-05-2014,punjab v. rajasthan,punjab by 16 runs,punjab,rajasthan,punjab
24-05-2014,bangalore v. chennai,chennai by 8 wickets,bangalore,chennai,chennai
24-05-2014,kolkata v. hyderabad,kolkata by 4 wickets,kolkata,hyderabad,kolkata
25-05-2014,punjab v. delhi,punjab by 7 wickets,punjab,delhi,punjab
25-05-2014,mumbai v. rajasthan,mumbai by 5 wickets,mumbai,rajasthan,mumbai
28-05-2014,mumbai v. chennai,chennai by 7 wickets,mumbai,chennai,chennai
28-05-2014,kolkata v. punjab,kolkata by 28 runs,kolkata,punjab,kolkata
30-05-2014,chennai v. punjab,punjab by 24 runs,chennai,punjab,punjab
01-06-2014,kolkata v. punjab,kolkata by 3 wickets,kolkata,punjab,kolkata
08-04-2015,kolkata v. mumbai,kolkata by 3 wickets,kolkata,mumbai,kolkata
09-04-2015,chennai v. delhi,chennai by 1 runs,chennai,delhi,chennai
10-04-2015,punjab v. rajasthan,rajasthan by 26 runs,punjab,rajasthan,rajasthan
11-04-2015,chennai v. hyderabad,chennai by 45 runs,chennai,hyderabad,chennai
11-04-2015,kolkata v. bangalore,bangalore by 3 wickets,kolkata,bangalore,bangalore
12-04-2015,delhi v. rajasthan,rajasthan by 3 wickets,delhi,rajasthan,rajasthan
12-04-2015,mumbai v. punjab,punjab by 18 runs,mumbai,punjab,punjab
13-04-2015,bangalore v. hyderabad,hyderabad by 8 wickets,bangalore,hyderabad,hyderabad
14-04-2015,rajasthan v. mumbai,rajasthan by 7 wickets,rajasthan,mumbai,rajasthan
15-04-2015,punjab v. delhi,delhi by 5 wickets,punjab,delhi,delhi
16-04-2015,hyderabad v. rajasthan,rajasthan by 6 wickets,hyderabad,rajasthan,rajasthan
17-04-2015,mumbai v. chennai,chennai by 6 wickets,mumbai,chennai,chennai
18-04-2015,hyderabad v. delhi,delhi by 4 runs,hyderabad,delhi,delhi
18-04-2015,punjab v. kolkata,kolkata by 4 wickets,punjab,kolkata,kolkata
19-04-2015,rajasthan v. chennai,rajasthan by 8 wickets,rajasthan,chennai,rajasthan
19-04-2015,bangalore v. mumbai,mumbai by 18 runs,bangalore,mumbai,mumbai
20-04-2015,delhi v. kolkata,kolkata by 6 wickets,delhi,kolkata,kolkata
21-04-2015,rajasthan v. punjab,punjab by   super over,rajasthan,punjab,punjab
22-04-2015,hyderabad v. kolkata,hyderabad by 16 runs [d/l],hyderabad,kolkata,hyderabad
22-04-2015,bangalore v. chennai,chennai by 27 runs,bangalore,chennai,chennai
23-04-2015,delhi v. mumbai,delhi by 37 runs,delhi,mumbai,delhi
24-04-2015,rajasthan v. bangalore,bangalore by 9 wickets,rajasthan,bangalore,bangalore
25-04-2015,mumbai v. hyderabad,mumbai by 20 runs,mumbai,hyderabad,mumbai
25-04-2015,chennai v. punjab,chennai by 97 runs,chennai,punjab,chennai
26-04-2015,kolkata v. rajasthan,match abandoned,kolkata,rajasthan,draw
26-04-2015,delhi v. bangalore,bangalore by 10 wickets,delhi,bangalore,bangalore
27-04-2015,punjab v. hyderabad,hyderabad by 20 runs,punjab,hyderabad,hyderabad
28-04-2015,chennai v. kolkata,chennai by 2 runs,chennai,kolkata,chennai
29-04-2015,bangalore v. rajasthan,no result,bangalore,rajasthan,draw
30-04-2015,kolkata v. chennai,kolkata by 7 wickets,kolkata,chennai,kolkata
01-05-2015,delhi v. punjab,delhi by 9 wickets,delhi,punjab,delhi
01-05-2015,mumbai v. rajasthan,mumbai by 8 runs,mumbai,rajasthan,mumbai
02-05-2015,bangalore v. kolkata,bangalore by 7 wickets,bangalore,kolkata,bangalore
02-05-2015,hyderabad v. chennai,hyderabad by 22 runs,hyderabad,chennai,hyderabad
03-05-2015,punjab v. mumbai,mumbai by 23 runs,punjab,mumbai,mumbai
03-05-2015,rajasthan v. delhi,rajasthan by 14 runs,rajasthan,delhi,rajasthan
04-05-2015,chennai v. bangalore,chennai by 24 runs,chennai,bangalore,chennai
04-05-2015,kolkata v. hyderabad,kolkata by 35 runs,kolkata,hyderabad,kolkata
05-05-2015,mumbai v. delhi,mumbai by 5 wickets,mumbai,delhi,mumbai
06-05-2015,bangalore v. punjab,bangalore by 138 runs,bangalore,punjab,bangalore
07-05-2015,rajasthan v. hyderabad,hyderabad by 7 runs,rajasthan,hyderabad,hyderabad
07-05-2015,kolkata v. delhi,kolkata by 13 runs,kolkata,delhi,kolkata
08-05-2015,chennai v. mumbai,mumbai by 6 wickets,chennai,mumbai,mumbai
09-05-2015,kolkata v. punjab,kolkata by 1 wickets,kolkata,punjab,kolkata
09-05-2015,delhi v. hyderabad,hyderabad by 6 runs,delhi,hyderabad,hyderabad
10-05-2015,mumbai v. bangalore,bangalore by 39 runs,mumbai,bangalore,bangalore
10-05-2015,chennai v. rajasthan,chennai by 12 runs,chennai,rajasthan,chennai
11-05-2015,hyderabad v. punjab,hyderabad by 5 runs,hyderabad,punjab,hyderabad
12-05-2015,delhi v. chennai,delhi by 6 wickets,delhi,chennai,delhi
13-05-2015,punjab v. bangalore,punjab by 22 runs,punjab,bangalore,punjab
14-05-2015,mumbai v. kolkata,mumbai by 5 runs,mumbai,kolkata,mumbai
15-05-2015,hyderabad v. bangalore,bangalore by 6 wickets [d/l],hyderabad,bangalore,bangalore
16-05-2015,punjab v. chennai,chennai by 7 wickets,punjab,chennai,chennai
16-05-2015,rajasthan v. kolkata,rajasthan by 9 runs,rajasthan,kolkata,rajasthan
17-05-2015,bangalore v. delhi,no result,bangalore,delhi,draw
17-05-2015,hyderabad v. mumbai,mumbai by 9 wickets,hyderabad,mumbai,mumbai
19-05-2015,chennai v. mumbai,mumbai by 25 runs,chennai,mumbai,mumbai
20-05-2015,bangalore v. rajasthan,bangalore by 71 runs,bangalore,rajasthan,bangalore
22-05-2015,chennai v. bangalore,chennai by 3 wickets,chennai,bangalore,chennai
24-05-2015,mumbai v. chennai,mumbai by 41 runs,mumbai,chennai,mumbai
09-04-2016,mumbai v. pune supergiant,pune supergiant by 9 wickets,mumbai,pune,pune
10-04-2016,kolkata v. delhi,kolkata by 9 wickets,kolkata,delhi,kolkata
11-04-2016,punjab v. gujarat,gujarat by 5 wickets,punjab,gujarat,gujarat
12-04-2016,bangalore v. hyderabad,bangalore by 45 runs,bangalore,hyderabad,bangalore
13-04-2016,kolkata v. mumbai,mumbai by 6 wickets,kolkata,mumbai,mumbai
14-04-2016,gujarat v. pune supergiant,gujarat by 7 wickets,gujarat,pune,gujarat
15-04-2016,delhi v. punjab,delhi by 8 wickets,delhi,punjab,delhi
16-04-2016,hyderabad v. kolkata,kolkata by 8 wickets,hyderabad,kolkata,kolkata
16-04-2016,mumbai v. gujarat,gujarat by 3 wickets,mumbai,gujarat,gujarat
17-04-2016,punjab v. pune supergiant,punjab by 6 wickets,punjab,pune,punjab
17-04-2016,bangalore v. delhi,delhi by 7 wickets,bangalore,delhi,delhi
18-04-2016,hyderabad v. mumbai,hyderabad by 7 wickets,hyderabad,mumbai,hyderabad
19-04-2016,punjab v. kolkata,kolkata by 7 wickets,punjab,kolkata,kolkata
20-04-2016,mumbai v. bangalore,mumbai by 6 wickets,mumbai,bangalore,mumbai
21-04-2016,gujarat v. hyderabad,hyderabad by 10 wickets,gujarat,hyderabad,hyderabad
22-04-2016,pune supergiant v. bangalore,bangalore by 13 runs,pune,bangalore,bangalore
23-04-2016,delhi v. mumbai,delhi by 10 runs,delhi,mumbai,delhi
23-04-2016,punjab v. hyderabad,hyderabad by 5 wickets,punjab,hyderabad,hyderabad
24-04-2016,gujarat v. bangalore,gujarat by 6 wickets,gujarat,bangalore,gujarat
24-04-2016,pune supergiant v. kolkata,kolkata by 2 wickets,pune,kolkata,kolkata
25-04-2016,punjab v. mumbai,mumbai by 25 runs,punjab,mumbai,mumbai
26-04-2016,hyderabad v. pune supergiant,pune supergiant by 34 runs [d/l],hyderabad,pune,pune
27-04-2016,delhi v. gujarat,gujarat by 1 runs,delhi,gujarat,gujarat
28-04-2016,mumbai v. kolkata,mumbai by 6 wickets,mumbai,kolkata,mumbai
29-04-2016,pune supergiant v. gujarat,gujarat by 3 wickets,pune,gujarat,gujarat
30-04-2016,delhi v. kolkata,delhi by 27 runs,delhi,kolkata,delhi
30-04-2016,hyderabad v. bangalore,hyderabad by 15 runs,hyderabad,bangalore,hyderabad
01-05-2016,gujarat v. punjab,punjab by 23 runs,gujarat,punjab,punjab
01-05-2016,pune supergiant v. mumbai,mumbai by 8 wickets,pune,mumbai,mumbai
02-05-2016,bangalore v. kolkata,kolkata by 5 wickets,bangalore,kolkata,kolkata
03-05-2016,gujarat v. delhi,delhi by 8 wickets,gujarat,delhi,delhi
04-05-2016,kolkata v. punjab,kolkata by 7 runs,kolkata,punjab,kolkata
05-05-2016,delhi v. pune supergiant,pune supergiant by 7 wickets,delhi,pune,pune
06-05-2016,hyderabad v. gujarat,hyderabad by 5 wickets,hyderabad,gujarat,hyderabad
07-05-2016,bangalore v. pune supergiant,bangalore by 7 wickets,bangalore,pune,bangalore
07-05-2016,punjab v. delhi,punjab by 9 runs,punjab,delhi,punjab
08-05-2016,mumbai v. hyderabad,hyderabad by 85 runs,mumbai,hyderabad,hyderabad
08-05-2016,kolkata v. gujarat,gujarat by 5 wickets,kolkata,gujarat,gujarat
09-05-2016,punjab v. bangalore,bangalore by 1 runs,punjab,bangalore,bangalore
10-05-2016,pune supergiant v. hyderabad,hyderabad by 4 runs,pune,hyderabad,hyderabad
11-05-2016,bangalore v. mumbai,mumbai by 6 wickets,bangalore,mumbai,mumbai
12-05-2016,hyderabad v. delhi,delhi by 7 wickets,hyderabad,delhi,delhi
13-05-2016,mumbai v. punjab,punjab by 7 wickets,mumbai,punjab,punjab
14-05-2016,bangalore v. gujarat,bangalore by 144 runs,bangalore,gujarat,bangalore
14-05-2016,kolkata v. pune supergiant,kolkata by 8 wickets [d/l],kolkata,pune,kolkata
15-05-2016,punjab v. hyderabad,hyderabad by 7 wickets,punjab,hyderabad,hyderabad
15-05-2016,mumbai v. delhi,mumbai by 80 runs,mumbai,delhi,mumbai
16-05-2016,kolkata v. bangalore,bangalore by 9 wickets,kolkata,bangalore,bangalore
17-05-2016,pune supergiant v. delhi,pune supergiant by 19 runs [d/l],pune,delhi,pune
18-05-2016,bangalore v. punjab,bangalore by 82 runs [d/l],bangalore,punjab,bangalore
19-05-2016,gujarat v. kolkata,gujarat by 6 wickets,gujarat,kolkata,gujarat
20-05-2016,delhi v. hyderabad,delhi by 6 wickets,delhi,hyderabad,delhi
21-05-2016,pune supergiant v. punjab,pune supergiant by 4 wickets,pune,punjab,pune
21-05-2016,gujarat v. mumbai,gujarat by 6 wickets,gujarat,mumbai,gujarat
22-05-2016,kolkata v. hyderabad,kolkata by 22 runs,kolkata,hyderabad,kolkata
22-05-2016,delhi v. bangalore,bangalore by 6 wickets,delhi,bangalore,bangalore
24-05-2016,bangalore v. gujarat,bangalore by 4 wickets,bangalore,gujarat,bangalore
25-05-2016,hyderabad v. kolkata,hyderabad by 22 runs,hyderabad,kolkata,hyderabad
27-05-2016,gujarat v. hyderabad,hyderabad by 4 wickets,gujarat,hyderabad,hyderabad
29-05-2016,bangalore v. hyderabad,hyderabad by 8 runs,bangalore,hyderabad,hyderabad
05-04-2017,hyderabad v. bangalore,hyderabad by 35 runs,hyderabad,bangalore,hyderabad
06-04-2017,pune supergiant v. mumbai,pune supergiant by 7 wickets,pune,mumbai,pune
07-04-2017,gujarat v. kolkata,kolkata by 10 wickets,gujarat,kolkata,kolkata
08-04-2017,punjab v. pune supergiant,punjab by 6 wickets,punjab,pune,punjab
08-04-2017,bangalore v. delhi,bangalore by 15 runs,bangalore,delhi,bangalore
09-04-2017,hyderabad v. gujarat,hyderabad by 9 wickets,hyderabad,gujarat,hyderabad
09-04-2017,mumbai v. kolkata,mumbai by 4 wickets,mumbai,kolkata,mumbai
10-04-2017,punjab v. bangalore,punjab by 8 wickets,punjab,bangalore,punjab
11-04-2017,pune supergiant v. delhi,delhi by 97 runs,pune,delhi,delhi
12-04-2017,mumbai v. hyderabad,mumbai by 4 wickets,mumbai,hyderabad,mumbai
13-04-2017,kolkata v. punjab,kolkata by 8 wickets,kolkata,punjab,kolkata
14-04-2017,bangalore v. mumbai,mumbai by 4 wickets,bangalore,mumbai,mumbai
14-04-2017,gujarat v. pune supergiant,gujarat by 7 wickets,gujarat,pune,gujarat
15-04-2017,kolkata v. hyderabad,kolkata by 17 runs,kolkata,hyderabad,kolkata
15-04-2017,delhi v. punjab,delhi by 51 runs,delhi,punjab,delhi
16-04-2017,mumbai v. gujarat,mumbai by 6 wickets,mumbai,gujarat,mumbai
16-04-2017,bangalore v. pune supergiant,pune supergiant by 27 runs,bangalore,pune,pune
17-04-2017,delhi v. kolkata,kolkata by 4 wickets,delhi,kolkata,kolkata
17-04-2017,hyderabad v. punjab,hyderabad by 5 runs,hyderabad,punjab,hyderabad
18-04-2017,gujarat v. bangalore,bangalore by 21 runs,gujarat,bangalore,bangalore
19-04-2017,hyderabad v. delhi,hyderabad by 15 runs,hyderabad,delhi,hyderabad
20-04-2017,punjab v. mumbai,mumbai by 8 wickets,punjab,mumbai,mumbai
21-04-2017,kolkata v. gujarat,gujarat by 4 wickets,kolkata,gujarat,gujarat
22-04-2017,hyderabad v. pune supergiant,pune supergiant by 6 wickets,hyderabad,pune,pune
22-04-2017,mumbai v. delhi,mumbai by 14 runs,mumbai,delhi,mumbai
22-04-2017,punjab v. gujarat,punjab by 26 runs,punjab,gujarat,punjab
23-04-2017,kolkata v. bangalore,kolkata by 82 runs,kolkata,bangalore,kolkata
24-04-2017,mumbai v. pune supergiant,pune supergiant by 3 runs,mumbai,pune,pune
25-04-2017,bangalore v. hyderabad,match abandoned,bangalore,hyderabad,draw
26-04-2017,pune supergiant v. kolkata,kolkata by 7 wickets,pune,kolkata,kolkata
27-04-2017,bangalore v. gujarat,gujarat by 7 wickets,bangalore,gujarat,gujarat
28-04-2017,kolkata v. delhi,kolkata by 7 wickets,kolkata,delhi,kolkata
28-04-2017,punjab v. hyderabad,hyderabad by 26 runs,punjab,hyderabad,hyderabad
29-04-2017,pune supergiant v. bangalore,pune supergiant by 61 runs,pune,bangalore,pune
29-04-2017,gujarat v. mumbai,match tied (mumbai won super over),gujarat,mumbai,mumbai
30-04-2017,punjab v. delhi,punjab by 10 wickets,punjab,delhi,punjab
30-04-2017,hyderabad v. kolkata,hyderabad by 48 runs,hyderabad,kolkata,hyderabad
01-05-2017,mumbai v. bangalore,mumbai by 5 wickets,mumbai,bangalore,mumbai
01-05-2017,pune supergiant v. gujarat,pune supergiant by 5 wickets,pune,gujarat,pune
02-05-2017,delhi v. hyderabad,delhi by 6 wickets,delhi,hyderabad,delhi
03-05-2017,kolkata v. pune supergiant,pune supergiant by 4 wickets,kolkata,pune,pune
04-05-2017,delhi v. gujarat,delhi by 7 wickets,delhi,gujarat,delhi
05-05-2017,bangalore v. punjab,punjab by 19 runs,bangalore,punjab,punjab
06-05-2017,hyderabad v. pune supergiant,pune supergiant by 12 runs,hyderabad,pune,pune
06-05-2017,delhi v. mumbai,mumbai by 146 runs,delhi,mumbai,mumbai
07-05-2017,bangalore v. kolkata,kolkata by 6 wickets,bangalore,kolkata,kolkata
07-05-2017,punjab v. gujarat,gujarat by 6 wickets,punjab,gujarat,gujarat
08-05-2017,hyderabad v. mumbai,hyderabad by 7 wickets,hyderabad,mumbai,hyderabad
09-05-2017,punjab v. kolkata,punjab by 14 runs,punjab,kolkata,punjab
10-05-2017,gujarat v. delhi,delhi by 2 wickets,gujarat,delhi,delhi
11-05-2017,mumbai v. punjab,punjab by 7 runs,mumbai,punjab,punjab
12-05-2017,delhi v. pune supergiant,delhi by 7 runs,delhi,pune,delhi
13-05-2017,gujarat v. hyderabad,hyderabad by 8 wickets,gujarat,hyderabad,hyderabad
13-05-2017,kolkata v. mumbai,mumbai by 9 runs,kolkata,mumbai,mumbai
14-05-2017,pune supergiant v. punjab,pune supergiant by 9 wickets,pune,punjab,pune
14-05-2017,delhi v. bangalore,bangalore by 10 runs,delhi,bangalore,bangalore
16-05-2017,mumbai v. pune supergiant,pune supergiant by 20 runs,mumbai,pune,pune
17-05-2017,hyderabad v. kolkata,kolkata by 7 wickets [d/l],hyderabad,kolkata,kolkata
19-05-2017,mumbai v. kolkata,mumbai by 6 wickets,mumbai,kolkata,mumbai
21-05-2017,mumbai v. pune supergiant,mumbai by 1 runs,mumbai,pune,mumbai
07-04-2018,mumbai v. chennai,chennai by 1 wickets,mumbai,chennai,chennai
08-04-2018,punjab v. delhi,punjab by 6 wickets,punjab,delhi,punjab
08-04-2018,kolkata v. bangalore,kolkata by 4 wickets,kolkata,bangalore,kolkata
09-04-2018,hyderabad v. rajasthan,hyderabad by 9 wickets,hyderabad,rajasthan,hyderabad
10-04-2018,chennai v. kolkata,chennai by 5 wickets,chennai,kolkata,chennai
11-04-2018,rajasthan v. delhi,rajasthan by 10 runs [d/l],rajasthan,delhi,rajasthan
12-04-2018,mumbai v. hyderabad,hyderabad by 1 wickets,mumbai,hyderabad,hyderabad
13-04-2018,punjab v. bangalore,bangalore by 4 wickets,punjab,bangalore,bangalore
14-04-2018,mumbai v. delhi,delhi by 7 wickets,mumbai,delhi,delhi
14-04-2018,kolkata v. hyderabad,hyderabad by 5 wickets,kolkata,hyderabad,hyderabad
15-04-2018,bangalore v. rajasthan,rajasthan by 19 runs,bangalore,rajasthan,rajasthan
15-04-2018,punjab v. chennai,punjab by 4 runs,punjab,chennai,punjab
16-04-2018,kolkata v. delhi,kolkata by 71 runs,kolkata,delhi,kolkata
17-04-2018,mumbai v. bangalore,mumbai by 46 runs,mumbai,bangalore,mumbai
18-04-2018,rajasthan v. kolkata,kolkata by 7 wickets,rajasthan,kolkata,kolkata
19-04-2018,punjab v. hyderabad,punjab by 15 runs,punjab,hyderabad,punjab
20-04-2018,rajasthan v. chennai,chennai by 64 runs,rajasthan,chennai,chennai
21-04-2018,kolkata v. punjab,punjab by 9 wickets [d/l],kolkata,punjab,punjab
21-04-2018,bangalore v. delhi,bangalore by 6 wickets,bangalore,delhi,bangalore
22-04-2018,hyderabad v. chennai,chennai by 4 runs,hyderabad,chennai,chennai
22-04-2018,rajasthan v. mumbai,rajasthan by 3 wickets,rajasthan,mumbai,rajasthan
23-04-2018,delhi v. punjab,punjab by 4 runs,delhi,punjab,punjab
24-04-2018,mumbai v. hyderabad,hyderabad by 31 runs,mumbai,hyderabad,hyderabad
25-04-2018,bangalore v. chennai,chennai by 5 wickets,bangalore,chennai,chennai
26-04-2018,hyderabad v. punjab,hyderabad by 13 runs,hyderabad,punjab,hyderabad
27-04-2018,delhi v. kolkata,delhi by 55 runs,delhi,kolkata,delhi
28-04-2018,chennai v. mumbai,mumbai by 8 wickets,chennai,mumbai,mumbai
29-04-2018,rajasthan v. hyderabad,hyderabad by 11 runs,rajasthan,hyderabad,hyderabad
29-04-2018,bangalore v. kolkata,kolkata by 6 wickets,bangalore,kolkata,kolkata
30-04-2018,chennai v. delhi,chennai by 13 runs,chennai,delhi,chennai
01-05-2018,bangalore v. mumbai,bangalore by 14 runs,bangalore,mumbai,bangalore
02-05-2018,delhi v. rajasthan,delhi by 4 runs [d/l],delhi,rajasthan,delhi
03-05-2018,kolkata v. chennai,kolkata by 6 wickets,kolkata,chennai,kolkata
04-05-2018,punjab v. mumbai,mumbai by 6 wickets,punjab,mumbai,mumbai
05-05-2018,chennai v. bangalore,chennai by 6 wickets,chennai,bangalore,chennai
05-05-2018,hyderabad v. delhi,hyderabad by 7 wickets,hyderabad,delhi,hyderabad
06-05-2018,mumbai v. kolkata,mumbai by 13 runs,mumbai,kolkata,mumbai
06-05-2018,punjab v. rajasthan,punjab by 6 wickets,punjab,rajasthan,punjab
07-05-2018,hyderabad v. bangalore,hyderabad by 5 runs,hyderabad,bangalore,hyderabad
08-05-2018,rajasthan v. punjab,rajasthan by 15 runs,rajasthan,punjab,rajasthan
09-05-2018,kolkata v. mumbai,mumbai by 102 runs,kolkata,mumbai,mumbai
10-05-2018,delhi v. hyderabad,hyderabad by 9 wickets,delhi,hyderabad,hyderabad
11-05-2018,rajasthan v. chennai,rajasthan by 4 wickets,rajasthan,chennai,rajasthan
12-05-2018,punjab v. kolkata,kolkata by 31 runs,punjab,kolkata,kolkata
12-05-2018,delhi v. bangalore,bangalore by 5 wickets,delhi,bangalore,bangalore
13-05-2018,chennai v. hyderabad,chennai by 8 wickets,chennai,hyderabad,chennai
13-05-2018,mumbai v. rajasthan,rajasthan by 7 wickets,mumbai,rajasthan,rajasthan
14-05-2018,punjab v. bangalore,bangalore by 10 wickets,punjab,bangalore,bangalore
15-05-2018,kolkata v. rajasthan,kolkata by 6 wickets,kolkata,rajasthan,kolkata
16-05-2018,mumbai v. punjab,mumbai by 3 runs,mumbai,punjab,mumbai
17-05-2018,bangalore v. hyderabad,bangalore by 14 runs,bangalore,hyderabad,bangalore
18-05-2018,delhi v. chennai,delhi by 34 runs,delhi,chennai,delhi
19-05-2018,rajasthan v. bangalore,rajasthan by 30 runs,rajasthan,bangalore,rajasthan
19-05-2018,hyderabad v. kolkata,kolkata by 5 wickets,hyderabad,kolkata,kolkata
20-05-2018,delhi v. mumbai,delhi by 11 runs,delhi,mumbai,delhi
20-05-2018,chennai v. punjab,chennai by 5 wickets,chennai,punjab,chennai
22-05-2018,chennai v. hyderabad,chennai by 2 wickets,chennai,hyderabad,chennai
23-05-2018,kolkata v. rajasthan,kolkata by 25 runs,kolkata,rajasthan,kolkata
25-05-2018,kolkata v. hyderabad,hyderabad by 14 runs,kolkata,hyderabad,hyderabad
27-05-2018,chennai v. hyderabad,chennai by 8 wickets,chennai,hyderabad,chennai
23-03-2019,chennai v. bangalore,chennai by 7 wickets,chennai,bangalore,chennai
24-03-2019,kolkata v. hyderabad,kolkata by 6 wickets,kolkata,hyderabad,kolkata
24-03-2019,mumbai v. delhi,delhi by 37 runs,mumbai,delhi,delhi
25-03-2019,rajasthan v. punjab,punjab by 14 runs,rajasthan,punjab,punjab
26-03-2019,delhi v. chennai,chennai by 6 wickets,delhi,chennai,chennai
27-03-2019,kolkata v. punjab,kolkata by 28 runs,kolkata,punjab,kolkata
28-03-2019,bangalore v. mumbai,mumbai by 6 runs,bangalore,mumbai,mumbai
29-03-2019,hyderabad v. rajasthan,hyderabad by 5 wickets,hyderabad,rajasthan,hyderabad
30-03-2019,punjab v. mumbai,punjab by 8 wickets,punjab,mumbai,punjab
30-03-2019,delhi v. kolkata,match tied (delhi won super over),delhi,kolkata,delhi
31-03-2019,hyderabad v. bangalore,hyderabad by 118 runs,hyderabad,bangalore,hyderabad
31-03-2019,chennai v. rajasthan,chennai by 8 runs,chennai,rajasthan,chennai
01-04-2019,punjab v. delhi,punjab by 14 runs,punjab,delhi,punjab
02-04-2019,rajasthan v. bangalore,rajasthan by 7 wickets,rajasthan,bangalore,rajasthan
03-04-2019,mumbai v. chennai,mumbai by 37 runs,mumbai,chennai,mumbai
04-04-2019,delhi v. hyderabad,hyderabad by 5 wickets,delhi,hyderabad,hyderabad
05-04-2019,bangalore v. kolkata,kolkata by 5 wickets,bangalore,kolkata,kolkata
06-04-2019,chennai v. punjab,chennai by 22 runs,chennai,punjab,chennai
06-04-2019,hyderabad v. mumbai,mumbai by 40 runs,hyderabad,mumbai,mumbai
07-04-2019,bangalore v. delhi,delhi by 4 wickets,bangalore,delhi,delhi
07-04-2019,rajasthan v. kolkata,kolkata by 8 wickets,rajasthan,kolkata,kolkata
08-04-2019,punjab v. hyderabad,punjab by 6 wickets,punjab,hyderabad,punjab
09-04-2019,chennai v. kolkata,chennai by 7 wickets,chennai,kolkata,chennai
10-04-2019,mumbai v. punjab,mumbai by 3 wickets,mumbai,punjab,mumbai
11-04-2019,rajasthan v. chennai,chennai by 4 wickets,rajasthan,chennai,chennai
12-04-2019,kolkata v. delhi,delhi by 7 wickets,kolkata,delhi,delhi
13-04-2019,mumbai v. rajasthan,rajasthan by 4 wickets,mumbai,rajasthan,rajasthan
13-04-2019,punjab v. bangalore,bangalore by 8 wickets,punjab,bangalore,bangalore
14-04-2019,kolkata v. chennai,chennai by 5 wickets,kolkata,chennai,chennai
14-04-2019,hyderabad v. delhi,delhi by 39 runs,hyderabad,delhi,delhi
15-04-2019,mumbai v. bangalore,mumbai by 5 wickets,mumbai,bangalore,mumbai
16-04-2019,punjab v. rajasthan,punjab by 12 runs,punjab,rajasthan,punjab
17-04-2019,hyderabad v. chennai,hyderabad by 6 wickets,hyderabad,chennai,hyderabad
18-04-2019,delhi v. mumbai,mumbai by 40 runs,delhi,mumbai,mumbai
19-04-2019,kolkata v. bangalore,bangalore by 10 runs,kolkata,bangalore,bangalore
20-04-2019,rajasthan v. mumbai,rajasthan by 5 wickets,rajasthan,mumbai,rajasthan
20-04-2019,delhi v. punjab,delhi by 5 wickets,delhi,punjab,delhi
21-04-2019,hyderabad v. kolkata,hyderabad by 9 wickets,hyderabad,kolkata,hyderabad
21-04-2019,bangalore v. chennai,bangalore by 1 runs,bangalore,chennai,bangalore
22-04-2019,rajasthan v. delhi,delhi by 6 wickets,rajasthan,delhi,delhi
23-04-2019,chennai v. hyderabad,chennai by 6 wickets,chennai,hyderabad,chennai
24-04-2019,bangalore v. punjab,bangalore by 17 runs,bangalore,punjab,bangalore
25-04-2019,kolkata v. rajasthan,rajasthan by 3 wickets,kolkata,rajasthan,rajasthan
26-04-2019,chennai v. mumbai,mumbai by 46 runs,chennai,mumbai,mumbai
27-04-2019,rajasthan v. hyderabad,rajasthan by 7 wickets,rajasthan,hyderabad,rajasthan
28-04-2019,delhi v. bangalore,delhi by 16 runs,delhi,bangalore,delhi
28-04-2019,kolkata v. mumbai,kolkata by 34 runs,kolkata,mumbai,kolkata
29-04-2019,hyderabad v. punjab,hyderabad by 45 runs,hyderabad,punjab,hyderabad
30-04-2019,bangalore v. rajasthan,no result,bangalore,rajasthan,draw
01-05-2019,chennai v. delhi,chennai by 80 runs,chennai,delhi,chennai
02-05-2019,mumbai v. hyderabad,match tied (mumbai won super over),mumbai,hyderabad,mumbai
03-05-2019,punjab v. kolkata,kolkata by 7 wickets,punjab,kolkata,kolkata
04-05-2019,delhi v. rajasthan,delhi by 5 wickets,delhi,rajasthan,delhi
04-05-2019,bangalore v. hyderabad,bangalore by 4 wickets,bangalore,hyderabad,bangalore
05-05-2019,punjab v. chennai,punjab by 6 wickets,punjab,chennai,punjab
05-05-2019,mumbai v. kolkata,mumbai by 9 wickets,mumbai,kolkata,mumbai
07-05-2019,chennai v. mumbai,mumbai by 6 wickets,chennai,mumbai,mumbai
08-05-2019,delhi v. hyderabad,delhi by 2 wickets,delhi,hyderabad,delhi
10-05-2019,chennai v. delhi,chennai by 6 wickets,chennai,delhi,chennai
12-05-2019,chennai v. mumbai,mumbai by 1 runs,chennai,mumbai,mumbai
19-09-2020,chennai v. mumbai,chennai by 5 wickets,chennai,mumbai,chennai
20-09-2020,delhi v. punjab,match tied (delhi won super over),delhi,punjab,delhi
21-09-2020,bangalore v. hyderabad,bangalore by 10 runs,bangalore,hyderabad,bangalore
22-09-2020,chennai v. rajasthan,rajasthan by 16 runs,chennai,rajasthan,rajasthan
23-09-2020,kolkata v. mumbai,mumbai by 49 runs,kolkata,mumbai,mumbai
24-09-2020,punjab v. bangalore,punjab by 97 runs,punjab,bangalore,punjab
25-09-2020,chennai v. delhi,delhi by 44 runs,chennai,delhi,delhi
26-09-2020,kolkata v. hyderabad,kolkata by 7 wickets,kolkata,hyderabad,kolkata
27-09-2020,punjab v. rajasthan,rajasthan by 4 wickets,punjab,rajasthan,rajasthan
28-09-2020,mumbai v. bangalore,match tied (bangalore won super over),mumbai,bangalore,bangalore
29-09-2020,delhi v. hyderabad,hyderabad by 15 runs,delhi,hyderabad,hyderabad
30-09-2020,kolkata v. rajasthan,kolkata by 37 runs,kolkata,rajasthan,kolkata
01-10-2020,punjab v. mumbai,mumbai by 48 runs,punjab,mumbai,mumbai
02-10-2020,chennai v. hyderabad,hyderabad by 7 runs,chennai,hyderabad,hyderabad
03-10-2020,bangalore v. rajasthan,bangalore by 8 wickets,bangalore,rajasthan,bangalore
03-10-2020,delhi v. kolkata,delhi by 18 runs,delhi,kolkata,delhi
04-10-2020,mumbai v. hyderabad,mumbai by 34 runs,mumbai,hyderabad,mumbai
04-10-2020,chennai v. punjab,chennai by 10 wickets,chennai,punjab,chennai
05-10-2020,delhi v. bangalore,delhi by 59 runs,delhi,bangalore,delhi
06-10-2020,mumbai v. rajasthan,mumbai by 57 runs,mumbai,rajasthan,mumbai
07-10-2020,chennai v. kolkata,kolkata by 10 runs,chennai,kolkata,kolkata
08-10-2020,punjab v. hyderabad,hyderabad by 69 runs,punjab,hyderabad,hyderabad
09-10-2020,delhi v. rajasthan,delhi by 46 runs,delhi,rajasthan,delhi
10-10-2020,kolkata v. punjab,kolkata by 2 runs,kolkata,punjab,kolkata
10-10-2020,chennai v. bangalore,bangalore by 37 runs,chennai,bangalore,bangalore
11-10-2020,rajasthan v. hyderabad,rajasthan by 5 wickets,rajasthan,hyderabad,rajasthan
11-10-2020,delhi v. mumbai,mumbai by 5 wickets,delhi,mumbai,mumbai
12-10-2020,kolkata v. bangalore,bangalore by 82 runs,kolkata,bangalore,bangalore
13-10-2020,chennai v. hyderabad,chennai by 20 runs,chennai,hyderabad,chennai
14-10-2020,delhi v. rajasthan,delhi by 13 runs,delhi,rajasthan,delhi
15-10-2020,punjab v. bangalore,punjab by 8 wickets,punjab,bangalore,punjab
16-10-2020,kolkata v. mumbai,mumbai by 8 wickets,kolkata,mumbai,mumbai
17-10-2020,bangalore v. rajasthan,bangalore by 7 wickets,bangalore,rajasthan,bangalore
17-10-2020,chennai v. delhi,delhi by 5 wickets,chennai,delhi,delhi
18-10-2020,kolkata v. hyderabad,match tied (kolkata won super over),kolkata,hyderabad,kolkata
18-10-2020,punjab v. mumbai,match tied (punjab won super over),punjab,mumbai,punjab
19-10-2020,chennai v. rajasthan,rajasthan by 7 wickets,chennai,rajasthan,rajasthan
20-10-2020,delhi v. punjab,punjab by 5 wickets,delhi,punjab,punjab
21-10-2020,kolkata v. bangalore,bangalore by 8 wickets,kolkata,bangalore,bangalore
22-10-2020,rajasthan v. hyderabad,hyderabad by 8 wickets,rajasthan,hyderabad,hyderabad
23-10-2020,chennai v. mumbai,mumbai by 10 wickets,chennai,mumbai,mumbai
24-10-2020,delhi v. kolkata,kolkata by 59 runs,delhi,kolkata,kolkata
24-10-2020,punjab v. hyderabad,punjab by 12 runs,punjab,hyderabad,punjab
25-10-2020,chennai v. bangalore,chennai by 8 wickets,chennai,bangalore,chennai
25-10-2020,mumbai v. rajasthan,rajasthan by 8 wickets,mumbai,rajasthan,rajasthan
26-10-2020,kolkata v. punjab,punjab by 8 wickets,kolkata,punjab,punjab
27-10-2020,delhi v. hyderabad,hyderabad by 88 runs,delhi,hyderabad,hyderabad
28-10-2020,mumbai v. bangalore,mumbai by 5 wickets,mumbai,bangalore,mumbai
29-10-2020,chennai v. kolkata,chennai by 6 wickets,chennai,kolkata,chennai
30-10-2020,punjab v. rajasthan,rajasthan by 7 wickets,punjab,rajasthan,rajasthan
31-10-2020,delhi v. mumbai,mumbai by 9 wickets,delhi,mumbai,mumbai
31-10-2020,bangalore v. hyderabad,hyderabad by 5 wickets,bangalore,hyderabad,hyderabad
01-11-2020,chennai v. punjab,chennai by 9 wickets,chennai,punjab,chennai
01-11-2020,kolkata v. rajasthan,kolkata by 60 runs,kolkata,rajasthan,kolkata
02-11-2020,delhi v. bangalore,delhi by 6 wickets,delhi,bangalore,delhi
03-11-2020,mumbai v. hyderabad,hyderabad by 10 wickets,mumbai,hyderabad,hyderabad
05-11-2020,delhi v. mumbai,mumbai by 57 runs,delhi,mumbai,mumbai
06-11-2020,bangalore v. hyderabad,hyderabad by 6 wickets,bangalore,hyderabad,hyderabad
08-11-2020,delhi v. hyderabad,delhi by 17 runs,delhi,hyderabad,delhi
10-11-2020,delhi v. mumbai,mumbai by 5 wickets,delhi,mumbai,mumbai
09-04-2021,mumbai v. bangalore,bangalore by 2 wickets,mumbai,bangalore,bangalore
10-04-2021,chennai v. delhi,delhi by 7 wickets,chennai,delhi,delhi
11-04-2021,kolkata v. hyderabad,kolkata by 10 runs,kolkata,hyderabad,kolkata
12-04-2021,punjab v. rajasthan,punjab by 4 runs,punjab,rajasthan,punjab
13-04-2021,kolkata v. mumbai,mumbai by 10 runs,kolkata,mumbai,mumbai
14-04-2021,bangalore v. hyderabad,bangalore by 6 runs,bangalore,hyderabad,bangalore
15-04-2021,delhi v. rajasthan,rajasthan by 3 wickets,delhi,rajasthan,rajasthan
16-04-2021,chennai v. punjab,chennai by 6 wickets,chennai,punjab,chennai
17-04-2021,mumbai v. hyderabad,mumbai by 13 runs,mumbai,hyderabad,mumbai
18-04-2021,kolkata v. bangalore,bangalore by 38 runs,kolkata,bangalore,bangalore
18-04-2021,delhi v. punjab,delhi by 6 wickets,delhi,punjab,delhi
19-04-2021,chennai v. rajasthan,chennai by 45 runs,chennai,rajasthan,chennai
20-04-2021,delhi v. mumbai,delhi by 6 wickets,delhi,mumbai,delhi
21-04-2021,punjab v. hyderabad,hyderabad by 9 wickets,punjab,hyderabad,hyderabad
21-04-2021,chennai v. kolkata,chennai by 18 runs,chennai,kolkata,chennai
22-04-2021,rajasthan v. bangalore,bangalore by 10 wickets,rajasthan,bangalore,bangalore
23-04-2021,mumbai v. punjab,punjab by 9 wickets,mumbai,punjab,punjab
24-04-2021,kolkata v. rajasthan,rajasthan by 6 wickets,kolkata,rajasthan,rajasthan
25-04-2021,chennai v. bangalore,chennai by 69 runs,chennai,bangalore,chennai
25-04-2021,delhi v. hyderabad,match tied (delhi won super over),delhi,hyderabad,delhi
26-04-2021,kolkata v. punjab,kolkata by 5 wickets,kolkata,punjab,kolkata
27-04-2021,delhi v. bangalore,bangalore by 1 runs,delhi,bangalore,bangalore
28-04-2021,chennai v. hyderabad,chennai by 7 wickets,chennai,hyderabad,chennai
29-04-2021,mumbai v. rajasthan,mumbai by 7 wickets,mumbai,rajasthan,mumbai
29-04-2021,delhi v. kolkata,delhi by 7 wickets,delhi,kolkata,delhi
30-04-2021,punjab v. bangalore,punjab by 34 runs,punjab,bangalore,punjab
01-05-2021,chennai v. mumbai,mumbai by 4 wickets,chennai,mumbai,mumbai
02-05-2021,rajasthan v. hyderabad,rajasthan by 55 runs,rajasthan,hyderabad,rajasthan
02-05-2021,delhi v. punjab,delhi by 7 wickets,delhi,punjab,delhi
19-09-2021,chennai v. mumbai,chennai by 20 runs,chennai,mumbai,chennai
20-09-2021,kolkata v. bangalore,kolkata by 9 wickets,kolkata,bangalore,kolkata
21-09-2021,punjab v. rajasthan,rajasthan by 2 runs,punjab,rajasthan,rajasthan
22-09-2021,delhi v. hyderabad,delhi by 8 wickets,delhi,hyderabad,delhi
23-09-2021,kolkata v. mumbai,kolkata by 7 wickets,kolkata,mumbai,kolkata
24-09-2021,chennai v. bangalore,chennai by 6 wickets,chennai,bangalore,chennai
25-09-2021,delhi v. rajasthan,delhi by 33 runs,delhi,rajasthan,delhi
25-09-2021,punjab v. hyderabad,punjab by 5 runs,punjab,hyderabad,punjab
26-09-2021,chennai v. kolkata,chennai by 2 wickets,chennai,kolkata,chennai
26-09-2021,mumbai v. bangalore,bangalore by 54 runs,mumbai,bangalore,bangalore
27-09-2021,rajasthan v. hyderabad,hyderabad by 7 wickets,rajasthan,hyderabad,hyderabad
28-09-2021,delhi v. kolkata,kolkata by 3 wickets,delhi,kolkata,kolkata
28-09-2021,mumbai v. punjab,mumbai by 6 wickets,mumbai,punjab,mumbai
29-09-2021,rajasthan v. bangalore,bangalore by 7 wickets,rajasthan,bangalore,bangalore
30-09-2021,chennai v. hyderabad,chennai by 6 wickets,chennai,hyderabad,chennai
01-10-2021,kolkata v. punjab,punjab by 5 wickets,kolkata,punjab,punjab
02-10-2021,delhi v. mumbai,delhi by 4 wickets,delhi,mumbai,delhi
02-10-2021,chennai v. rajasthan,rajasthan by 7 wickets,chennai,rajasthan,rajasthan
03-10-2021,punjab v. bangalore,bangalore by 6 runs,punjab,bangalore,bangalore
03-10-2021,kolkata v. hyderabad,kolkata by 6 wickets,kolkata,hyderabad,kolkata
04-10-2021,chennai v. delhi,delhi by 3 wickets,chennai,delhi,delhi
05-10-2021,mumbai v. rajasthan,mumbai by 8 wickets,mumbai,rajasthan,mumbai
06-10-2021,bangalore v. hyderabad,hyderabad by 4 runs,bangalore,hyderabad,hyderabad
07-10-2021,chennai v. punjab,punjab by 6 wickets,chennai,punjab,punjab
07-10-2021,kolkata v. rajasthan,kolkata by 86 runs,kolkata,rajasthan,kolkata
08-10-2021,mumbai v. hyderabad,mumbai by 42 runs,mumbai,hyderabad,mumbai
08-10-2021,delhi v. bangalore,bangalore by 7 wickets,delhi,bangalore,bangalore
10-10-2021,chennai v. delhi,chennai by 4 wickets,chennai,delhi,chennai
11-10-2021,kolkata v. bangalore,kolkata by 4 wickets,kolkata,bangalore,kolkata
