Date,Match,Time
23-10-2021,Australia vs South Africa,3:30 PM
23-10-2021,England vs West Indies,7:30 PM
24-10-2021,Sri Lanka vs Bangladesh,3:30 PM
24-10-2021,India vs Pakistan,7:30 PM
25-10-2021,Afghanistan vs Scotland,7:30 PM
26-10-2021,South Africa vs West Indies,3:30 PM
26-10-2021,Pakistan vs New Zealand,7:30 PM
27-10-2021,England vs Bangladesh,3:30 PM
27-10-2021,Scotland vs Namibia,7:30 PM
28-10-2021,Australia vs Sri Lanka,7:30 PM
29-10-2021,West Indies vs Bangladesh,3:30 PM
29-10-2021,Afghanistan vs Pakistan,7:30 PM
30-10-2021,South Africa vs Sri Lanka,3:30 PM
30-10-2021,England vs Australia,7:30 PM
31-10-2021,Afghanistan vs Namibia,3:30 PM
31-10-2021,India vs New Zealand,7:30 PM
01-11-2021,England vs Sri Lanka,7:30 PM
21-11-2021,South Africa vs Bangladesh,3:30 PM
02-11-2021,Pakistan vs Namibia,7:30 PM
03-11-2021,New Zealand vs Scotland,3:30 PM
03-11-2021,India vs Afghanistan,7:30 PM
04-11-2021,Australia vs Bangladesh,3:30 PM
04-11-2021,West Indies vs Sri Lanka,7:30 PM
05-11-2021,New Zealand vs Namibia,3:30 PM
05-11-2021,India vs Scotland,7:30 PM
06-11-2021,Australia vs West Indies,3:30 PM
06-11-2021,England vs South Africa,7:30 PM
07-11-2021,New Zealand vs Afghanistan,3:30 PM
07-11-2021,Pakistan vs Scotland,7:30 PM
08-11-2021,India vs Namibia,7:30 PM
