date,countries,result,team1,team2,winner
01/02/2012,australia v. india,australia won by 31 runs,australia,india,australia
03/02/2012,australia v. india,india won by 8 wickets,australia,india,india
11/02/2012,new zealand v. zimbabwe,new zealand won by 7 wickets,new zealand,zimbabwe,new zealand
14/02/2012,new zealand v. zimbabwe,new zealand won by 5 wickets,new zealand,zimbabwe,new zealand
17/02/2012,new zealand v. south africa,new zealand won by 6 wickets,new zealand,south africa,new zealand
19/02/2012,new zealand v. south africa,south africa won by 8 wickets,new zealand,south africa,south africa
22/02/2012,kenya v. ireland,ireland won by 6 wickets,kenya,ireland,ireland
22/02/2012,new zealand v. south africa,south africa won by 3 runs,new zealand,south africa,south africa
23/02/2012,pakistan v. england,pakistan won by 8 runs,pakistan,england,pakistan
23/02/2012,kenya v. ireland,ireland won by 8 wickets,kenya,ireland,ireland
24/02/2012,kenya v. ireland,ireland won by 2 runs,kenya,ireland,ireland
25/02/2012,pakistan v. england,england won by 38 runs,pakistan,england,england
27/02/2012,pakistan v. england,england won by 5 runs,pakistan,england,england
13/03/2012,canada v. netherlands,netherlands won by 42 runs,canada,netherlands,netherlands
13/03/2012,kenya v. scotland,scotland won by 14 runs,kenya,scotland,scotland
14/03/2012,ireland v. kenya,ireland won by 10 wickets,ireland,kenya,ireland
14/03/2012,afghanistan v. netherlands,afghanistan won by 4 wickets,afghanistan,netherlands,afghanistan
18/03/2012,afghanistan v. canada,afghanistan won by 41 runs,afghanistan,canada,afghanistan
18/03/2012,ireland v. scotland,ireland won by 17 runs,ireland,scotland,ireland
22/03/2012,canada v. ireland,ireland won by 10 wickets,canada,ireland,ireland
22/03/2012,netherlands v. scotland,netherlands won by 3 wickets,netherlands,scotland,netherlands
23/03/2012,ireland v. netherlands,ireland won by 7 wickets,ireland,netherlands,ireland
23/03/2012,canada v. scotland,scotland won by 4 wickets,canada,scotland,scotland
24/03/2012,afghanistan v. ireland,ireland won by 5 wickets,afghanistan,ireland,ireland
27/03/2012,west indies v. australia,australia won by 8 wickets,west indies,australia,australia
30/03/2012,south africa v. india,south africa won by 11 runs,south africa,india,south africa
30/03/2012,west indies v. australia,west indies won by 14 runs,west indies,australia,west indies
01/06/2012,sri lanka v. pakistan,sri lanka won by 37 runs,sri lanka,pakistan,sri lanka
03/06/2012,sri lanka v. pakistan,pakistan won by 23 runs,sri lanka,pakistan,pakistan
24/06/2012,england v. west indies,england won by 7 wickets,england,west indies,england
30/06/2012,west indies v. new zealand,west indies won by 56 runs,west indies,new zealand,west indies
01/07/2012,west indies v. new zealand,west indies won by 61 runs,west indies,new zealand,west indies
18/07/2012,ireland v. bangladesh,bangladesh won by 71 runs,ireland,bangladesh,bangladesh
20/07/2012,ireland v. bangladesh,bangladesh won by 1 run,ireland,bangladesh,bangladesh
21/07/2012,ireland v. bangladesh,bangladesh won by 2 wickets,ireland,bangladesh,bangladesh
24/07/2012,bangladesh v. scotland,scotland won by 34 runs,bangladesh,scotland,scotland
25/07/2012,netherlands v. bangladesh,bangladesh won by 8 wickets,netherlands,bangladesh,bangladesh
26/07/2012,netherlands v. bangladesh,netherlands won by 1 wicket,netherlands,bangladesh,netherlands
07/08/2012,sri lanka v. india,india won by 39 runs,sri lanka,india,india
05/09/2012,pakistan v. australia,pakistan won by 7 wickets,pakistan,australia,pakistan
07/09/2012,pakistan v. australia,pakistan won in super over after scores were tied,pakistan,australia,pakistan
08/09/2012,england v. south africa,south africa won by 7 wickets,england,south africa,south africa
08/09/2012,india v. new zealand,match abandoned,india,new zealand,draw
10/09/2012,england v. south africa,no result,england,south africa,draw
10/09/2012,pakistan v. australia,australia won by 94 runs,pakistan,australia,australia
11/09/2012,india v. new zealand,new zealand won by 1 run,india,new zealand,new zealand
12/09/2012,england v. south africa,england won by 28 runs,england,south africa,england
18/09/2012,sri lanka v. zimbabwe,sri lanka won by 82 runs,sri lanka,zimbabwe,sri lanka
19/09/2012,australia v. ireland,australia won by 7 wickets,australia,ireland,australia
19/09/2012,afghanistan v. india,india won by 23 runs,afghanistan,india,india
20/09/2012,south africa v. zimbabwe,south africa won by 10 wickets,south africa,zimbabwe,south africa
21/09/2012,bangladesh v. new zealand,new zealand won by 59 runs,bangladesh,new zealand,new zealand
21/09/2012,afghanistan v. england,england won by 116 runs,afghanistan,england,england
22/09/2012,sri lanka v. south africa,south africa won by 32 runs,sri lanka,south africa,south africa
22/09/2012,australia v. west indies,australia won by 17 runs,australia,west indies,australia
23/09/2012,new zealand v. pakistan,pakistan won by 13 runs,new zealand,pakistan,pakistan
23/09/2012,england v. india,india won by 90 runs,england,india,india
24/09/2012,ireland v. west indies,no result,ireland,west indies,draw
25/09/2012,bangladesh v. pakistan,pakistan won by 8 wickets,bangladesh,pakistan,pakistan
27/09/2012,sri lanka v. new zealand,sri lanka won in super over after scores were tied,sri lanka,new zealand,sri lanka
27/09/2012,england v. west indies,west indies won by 15 runs,england,west indies,west indies
28/09/2012,pakistan v. south africa,pakistan won by 2 wickets,pakistan,south africa,pakistan
28/09/2012,australia v. india,australia won by 9 wickets,australia,india,australia
29/09/2012,england v. new zealand,england won by 6 wickets,england,new zealand,england
29/09/2012,sri lanka v. west indies,sri lanka won by 9 wickets,sri lanka,west indies,sri lanka
30/09/2012,australia v. south africa,australia won by 8 wickets,australia,south africa,australia
30/09/2012,india v. pakistan,india won by 8 wickets,india,pakistan,india
01/10/2012,new zealand v. west indies,west indies won in super over after scores were tied,new zealand,west indies,west indies
01/10/2012,sri lanka v. england,sri lanka won by 19 runs,sri lanka,england,sri lanka
02/10/2012,australia v. pakistan,pakistan won by 32 runs,australia,pakistan,pakistan
02/10/2012,india v. south africa,india won by 1 run,india,south africa,india
04/10/2012,sri lanka v. pakistan,sri lanka won by 16 runs,sri lanka,pakistan,sri lanka
05/10/2012,australia v. west indies,west indies won by 74 runs,australia,west indies,west indies
07/10/2012,sri lanka v. west indies,west indies won by 36 runs,sri lanka,west indies,west indies
30/10/2012,sri lanka v. new zealand,no result,sri lanka,new zealand,draw
10/12/2012,bangladesh v. west indies,west indies won by 18 runs,bangladesh,west indies,west indies
20/12/2012,india v. england,india won by 5 wickets,india,england,india
21/12/2012,south africa v. new zealand,south africa won by 8 wickets,south africa,new zealand,south africa
22/12/2012,india v. england,england won by 6 wickets,india,england,england
23/12/2012,south africa v. new zealand,new zealand won by 8 wickets,south africa,new zealand,new zealand
25/12/2012,india v. pakistan,pakistan won by 5 wickets,india,pakistan,pakistan
26/12/2012,south africa v. new zealand,south africa won by 33 runs,south africa,new zealand,south africa
28/12/2012,india v. pakistan,india won by 11 runs,india,pakistan,india
