date,countries,result,team1,team2,winner
26/01/2013,australia v. sri lanka,sri lanka won by 5 wickets,australia,sri lanka,sri lanka
28/01/2013,australia v. sri lanka,sri lanka won by 2 runs,australia,sri lanka,sri lanka
09/02/2013,new zealand v. england,england won by 40 runs,new zealand,england,england
12/02/2013,new zealand v. england,new zealand won by 55 runs,new zealand,england,new zealand
13/02/2013,australia v. west indies,west indies won by 27 runs,australia,west indies,west indies
15/02/2013,new zealand v. england,england won by 10 wickets,new zealand,england,england
01/03/2013,south africa v. pakistan,match abandoned,south africa,pakistan,draw
02/03/2013,west indies v. zimbabwe,west indies won by 8 wickets,west indies,zimbabwe,west indies
03/03/2013,afghanistan v. scotland,afghanistan won by 27 runs,afghanistan,scotland,afghanistan
03/03/2013,south africa v. pakistan,pakistan won by 95 runs,south africa,pakistan,pakistan
03/03/2013,west indies v. zimbabwe,west indies won by 41 runs,west indies,zimbabwe,west indies
04/03/2013,afghanistan v. scotland,afghanistan won by 7 wickets,afghanistan,scotland,afghanistan
15/03/2013,canada v. kenya,canada won by 5 wickets,canada,kenya,canada
16/03/2013,canada v. kenya,kenya won by 21 runs,canada,kenya,kenya
31/03/2013,sri lanka v. bangladesh,sri lanka won by 17 runs,sri lanka,bangladesh,sri lanka
19/04/2013,netherlands v. kenya,kenya won by 5 wickets,netherlands,kenya,kenya
20/04/2013,netherlands v. kenya,kenya won by 7 wickets,netherlands,kenya,kenya
11/05/2013,zimbabwe v. bangladesh,zimbabwe won by 6 runs,zimbabwe,bangladesh,zimbabwe
12/05/2013,zimbabwe v. bangladesh,bangladesh won by 34 runs,zimbabwe,bangladesh,bangladesh
25/06/2013,england v. new zealand,new zealand won by 5 runs,england,new zealand,new zealand
27/06/2013,england v. new zealand,no result,england,new zealand,draw
04/07/2013,scotland v. kenya,scotland won by 35 runs,scotland,kenya,scotland
05/07/2013,scotland v. kenya,scotland won by 7 wickets,scotland,kenya,scotland
27/07/2013,west indies v. pakistan,pakistan won by 2 wickets,west indies,pakistan,pakistan
28/07/2013,west indies v. pakistan,pakistan won by 11 runs,west indies,pakistan,pakistan
02/08/2013,sri lanka v. south africa,south africa won by 12 runs,sri lanka,south africa,south africa
04/08/2013,sri lanka v. south africa,south africa won by 22 runs,sri lanka,south africa,south africa
06/08/2013,sri lanka v. south africa,sri lanka won by 6 wickets,sri lanka,south africa,sri lanka
23/08/2013,zimbabwe v. pakistan,pakistan won by 25 runs,zimbabwe,pakistan,pakistan
24/08/2013,zimbabwe v. pakistan,pakistan won by 19 runs,zimbabwe,pakistan,pakistan
29/08/2013,england v. australia,australia won by 39 runs,england,australia,australia
31/08/2013,england v. australia,england won by 27 runs,england,australia,england
30/09/2013,afghanistan v. kenya,afghanistan won by 106 runs,afghanistan,kenya,afghanistan
10/10/2013,india v. australia,india won by 6 wickets,india,australia,india
11/10/2013,afghanistan v. kenya,kenya won by 34 runs,afghanistan,kenya,kenya
06/11/2013,bangladesh v. new zealand,new zealand won by 15 runs,bangladesh,new zealand,new zealand
13/11/2013,pakistan v. south africa,south africa won by 9 wickets,pakistan,south africa,south africa
15/11/2013,afghanistan v. netherlands,netherlands won by 7 wickets,afghanistan,netherlands,netherlands
15/11/2013,pakistan v. south africa,south africa won by 6 runs,pakistan,south africa,south africa
16/11/2013,afghanistan v. scotland,afghanistan won by 17 runs,afghanistan,scotland,afghanistan
16/11/2013,canada v. ireland,ireland won by 2 runs,canada,ireland,ireland
19/11/2013,sri lanka v. new zealand,match abandoned,sri lanka,new zealand,draw
19/11/2013,kenya v. scotland,kenya won by 92 runs,kenya,scotland,kenya
20/11/2013,south africa v. pakistan,south africa won by 4 runs,south africa,pakistan,south africa
21/11/2013,sri lanka v. new zealand,sri lanka won by 8 wickets,sri lanka,new zealand,sri lanka
22/11/2013,south africa v. pakistan,pakistan won by 6 runs,south africa,pakistan,pakistan
22/11/2013,netherlands v. scotland,scotland won by 15 runs,netherlands,scotland,scotland
23/11/2013,kenya v. netherlands,netherlands won by 29 runs,kenya,netherlands,netherlands
24/11/2013,afghanistan v. kenya,afghanistan won by 34 runs,afghanistan,kenya,afghanistan
26/11/2013,canada v. kenya,kenya won by 21 runs,canada,kenya,kenya
28/11/2013,netherlands v. scotland,netherlands won by 8 wickets,netherlands,scotland,netherlands
30/11/2013,afghanistan v. ireland,ireland won by 68 runs,afghanistan,ireland,ireland
08/12/2013,afghanistan v. pakistan,pakistan won by 6 wickets,afghanistan,pakistan,pakistan
11/12/2013,pakistan v. sri lanka,pakistan won by 3 wickets,pakistan,sri lanka,pakistan
13/12/2013,pakistan v. sri lanka,sri lanka won by 24 runs,pakistan,sri lanka,sri lanka
