date,countries,result,team1,team2,winner
05/01/2020,india v. sri lanka,no result,india,sri lanka,draw
07/01/2020,india v. sri lanka,india won by 7 wickets,india,sri lanka,india
10/01/2020,india v. sri lanka,india won by 78 runs,india,sri lanka,india
15/01/2020,west indies v. ireland,ireland won by 4 runs,west indies,ireland,ireland
18/01/2020,west indies v. ireland,no result,west indies,ireland,draw
19/01/2020,west indies v. ireland,west indies won by 9 wickets,west indies,ireland,west indies
24/01/2020,new zealand v. india,india won by 6 wickets,new zealand,india,india
24/01/2020,pakistan v. bangladesh,pakistan won by 5 wickets,pakistan,bangladesh,pakistan
25/01/2020,pakistan v. bangladesh,pakistan won by 9 wickets,pakistan,bangladesh,pakistan
26/01/2020,new zealand v. india,india won by 7 wickets,new zealand,india,india
27/01/2020,pakistan v. bangladesh,match abandoned,pakistan,bangladesh,draw
29/01/2020,new zealand v. india,india won in super over after scores were tied,new zealand,india,india
31/01/2020,new zealand v. india,india won in super over after scores were tied,new zealand,india,india
02/02/2020,new zealand v. india,india won by 7 runs,new zealand,india,india
12/02/2020,qatar v. uganda,qatar won by 40 runs,qatar,uganda,qatar
12/02/2020,south africa v. england,south africa won by 1 run,south africa,england,south africa
13/02/2020,qatar v. uganda,qatar won by 28 runs,qatar,uganda,qatar
14/02/2020,south africa v. england,england won by 2 runs,south africa,england,england
15/02/2020,qatar v. uganda,uganda won by 18 runs,qatar,uganda,uganda
16/02/2020,south africa v. england,england won by 5 wickets,south africa,england,england
20/02/2020,malaysia v. hong kong,malaysia won by 21 runs,malaysia,hong kong,malaysia
21/02/2020,south africa v. australia,australia won by 107 runs,south africa,australia,australia
21/02/2020,malaysia v. hong kong,malaysia won by 35 runs,malaysia,hong kong,malaysia
23/02/2020,iran v. united arab emirates,united arab emirates won by 10 wickets,iran,united arab emirates,united arab emirates
23/02/2020,maldives v. qatar,qatar won by 106 runs,maldives,qatar,qatar
23/02/2020,south africa v. australia,south africa won by 12 runs,south africa,australia,south africa
23/02/2020,kuwait v. saudi arabia,kuwait won by 9 wickets,kuwait,saudi arabia,kuwait
23/02/2020,malaysia v. hong kong,malaysia won by 8 runs,malaysia,hong kong,malaysia
23/02/2020,oman v. bahrain,oman won by 8 wickets,oman,bahrain,oman
24/02/2020,malaysia v. hong kong,malaysia won by 13 runs,malaysia,hong kong,malaysia
24/02/2020,iran v. saudi arabia,saudi arabia won by 9 wickets,iran,saudi arabia,saudi arabia
24/02/2020,oman v. qatar,qatar won by 34 runs,oman,qatar,qatar
24/02/2020,bahrain v. maldives,bahrain won by 65 runs,bahrain,maldives,bahrain
24/02/2020,kuwait v. united arab emirates,united arab emirates won by 47 runs,kuwait,united arab emirates,united arab emirates
25/02/2020,oman v. maldives,oman won by 10 wickets,oman,maldives,oman
25/02/2020,saudi arabia v. united arab emirates,united arab emirates won by 12 runs,saudi arabia,united arab emirates,united arab emirates
25/02/2020,bahrain v. qatar,bahrain won by 6 wickets,bahrain,qatar,bahrain
25/02/2020,iran v. kuwait,kuwait won by 8 wickets,iran,kuwait,kuwait
26/02/2020,south africa v. australia,australia won by 97 runs,south africa,australia,australia
26/02/2020,malaysia v. hong kong,malaysia won by 6 wickets,malaysia,hong kong,malaysia
26/02/2020,bahrain v. kuwait,kuwait won by 87 runs,bahrain,kuwait,kuwait
26/02/2020,qatar v. united arab emirates,united arab emirates won by 28 runs,qatar,united arab emirates,united arab emirates
27/02/2020,kuwait v. united arab emirates,united arab emirates won by 102 runs,kuwait,united arab emirates,united arab emirates
29/02/2020,thailand v. singapore,singapore won by 43 runs,thailand,singapore,singapore
29/02/2020,malaysia v. nepal,malaysia won by 22 runs,malaysia,nepal,malaysia
01/03/2020,hong kong v. nepal,hong kong won by 43 runs,hong kong,nepal,hong kong
01/03/2020,thailand v. malaysia,malaysia won by 8 wickets,thailand,malaysia,malaysia
03/03/2020,malaysia v. singapore,singapore won by 128 runs,malaysia,singapore,singapore
03/03/2020,thailand v. hong kong,hong kong won by 8 wickets,thailand,hong kong,hong kong
04/03/2020,sri lanka v. west indies,west indies won by 25 runs,sri lanka,west indies,west indies
04/03/2020,thailand v. nepal,nepal won by 9 wickets,thailand,nepal,nepal
04/03/2020,hong kong v. singapore,singapore won by 16 runs,hong kong,singapore,singapore
06/03/2020,afghanistan v. ireland,afghanistan won by 11 runs,afghanistan,ireland,afghanistan
06/03/2020,sri lanka v. west indies,west indies won by 7 wickets,sri lanka,west indies,west indies
06/03/2020,nepal v. singapore,match abandoned,nepal,singapore,draw
06/03/2020,hong kong v. malaysia,hong kong won by 6 wickets,hong kong,malaysia,hong kong
08/03/2020,spain v. germany,spain won by 9 wickets,spain,germany,spain
08/03/2020,afghanistan v. ireland,afghanistan won by 21 runs,afghanistan,ireland,afghanistan
08/03/2020,spain v. germany,germany won by 58 runs,spain,germany,germany
09/03/2020,bangladesh v. zimbabwe,bangladesh won by 48 runs,bangladesh,zimbabwe,bangladesh
10/03/2020,afghanistan v. ireland,ireland won in super over after scores were tied,afghanistan,ireland,ireland
11/03/2020,bangladesh v. zimbabwe,bangladesh won by 9 wickets,bangladesh,zimbabwe,bangladesh
21/08/2020,guernsey v. isle of man,guernsey won by 8 wickets,guernsey,isle of man,guernsey
28/08/2020,england v. pakistan,no result,england,pakistan,draw
28/08/2020,luxembourg v. czech republic,luxembourg won by 63 runs,luxembourg,czech republic,luxembourg
29/08/2020,luxembourg v. czech republic,czech republic won by 5 wickets,luxembourg,czech republic,czech republic
29/08/2020,luxembourg v. belgium,belgium won by 37 runs,luxembourg,belgium,belgium
29/08/2020,belgium v. czech republic,belgium won by 46 runs,belgium,czech republic,belgium
30/08/2020,england v. pakistan,england won by 5 wickets,england,pakistan,england
30/08/2020,belgium v. czech republic,belgium won by 87 runs,belgium,czech republic,belgium
30/08/2020,luxembourg v. belgium,belgium won by 49 runs,luxembourg,belgium,belgium
01/09/2020,england v. pakistan,pakistan won by 5 runs,england,pakistan,pakistan
04/09/2020,england v. australia,england won by 2 runs,england,australia,england
06/09/2020,england v. australia,england won by 6 wickets,england,australia,england
08/09/2020,england v. australia,australia won by 5 wickets,england,australia,australia
23/09/2020,bulgaria v. malta,malta won by 57 runs,bulgaria,malta,malta
23/09/2020,bulgaria v. malta,malta won by 8 wickets,bulgaria,malta,malta
24/09/2020,bulgaria v. malta,no result,bulgaria,malta,draw
24/09/2020,bulgaria v. malta,match abandoned,bulgaria,malta,draw
16/10/2020,romania v. bulgaria,bulgaria won by 33 runs,romania,bulgaria,bulgaria
17/10/2020,romania v. bulgaria,romania won by 52 runs,romania,bulgaria,romania
17/10/2020,romania v. bulgaria,romania won by 34 runs,romania,bulgaria,romania
18/10/2020,romania v. bulgaria,romania won by 6 wickets,romania,bulgaria,romania
07/11/2020,pakistan v. zimbabwe,pakistan won by 6 wickets,pakistan,zimbabwe,pakistan
08/11/2020,pakistan v. zimbabwe,pakistan won by 8 wickets,pakistan,zimbabwe,pakistan
10/11/2020,pakistan v. zimbabwe,pakistan won by 8 wickets,pakistan,zimbabwe,pakistan
27/11/2020,new zealand v. west indies,new zealand won by 5 wickets,new zealand,west indies,new zealand
27/11/2020,south africa v. england,england won by 5 wickets,south africa,england,england
29/11/2020,new zealand v. west indies,new zealand won by 72 runs,new zealand,west indies,new zealand
29/11/2020,south africa v. england,england won by 4 wickets,south africa,england,england
30/11/2020,new zealand v. west indies,no result,new zealand,west indies,draw
01/12/2020,south africa v. england,england won by 9 wickets,south africa,england,england
04/12/2020,australia v. india,india won by 11 runs,australia,india,india
06/12/2020,australia v. india,india won by 6 wickets,australia,india,india
08/12/2020,australia v. india,australia won by 12 runs,australia,india,australia
18/12/2020,new zealand v. pakistan,new zealand won by 5 wickets,new zealand,pakistan,new zealand
20/12/2020,new zealand v. pakistan,new zealand won by 9 wickets,new zealand,pakistan,new zealand
22/12/2020,new zealand v. pakistan,pakistan won by 4 wickets,new zealand,pakistan,pakistan
