date,countries,result,team1,team2,winner
11/01/2014,new zealand v. west indies,new zealand won by 81 runs,new zealand,west indies,new zealand
15/01/2014,new zealand v. west indies,new zealand won by 4 wickets,new zealand,west indies,new zealand
29/01/2014,australia v. england,australia won by 13 runs,australia,england,australia
31/01/2014,australia v. england,australia won by 8 wickets,australia,england,australia
02/02/2014,australia v. england,australia won by 84 runs,australia,england,australia
12/02/2014,bangladesh v. sri lanka,sri lanka won by 2 runs,bangladesh,sri lanka,sri lanka
14/02/2014,bangladesh v. sri lanka,sri lanka won by 3 wickets,bangladesh,sri lanka,sri lanka
19/02/2014,west indies v. ireland,ireland won by 6 wickets,west indies,ireland,ireland
21/02/2014,west indies v. ireland,west indies won by 11 runs,west indies,ireland,west indies
09/03/2014,south africa v. australia,match abandoned,south africa,australia,draw
09/03/2014,west indies v. england,west indies won by 27 runs,west indies,england,west indies
11/03/2014,west indies v. england,west indies won by 5 wickets,west indies,england,west indies
12/03/2014,south africa v. australia,australia won by 5 wickets,south africa,australia,australia
13/03/2014,west indies v. england,england won by 5 runs,west indies,england,england
14/03/2014,south africa v. australia,australia won by 6 wickets,south africa,australia,australia
16/03/2014,bangladesh v. afghanistan,bangladesh won by 9 wickets,bangladesh,afghanistan,bangladesh
16/03/2014,hong kong v. nepal,nepal won by 80 runs,hong kong,nepal,nepal
17/03/2014,ireland v. zimbabwe,ireland won by 3 wickets,ireland,zimbabwe,ireland
17/03/2014,netherlands v. united arab emirates,netherlands won by 6 wickets,netherlands,united arab emirates,netherlands
18/03/2014,afghanistan v. hong kong,afghanistan won by 7 wickets,afghanistan,hong kong,afghanistan
18/03/2014,bangladesh v. nepal,bangladesh won by 8 wickets,bangladesh,nepal,bangladesh
19/03/2014,netherlands v. zimbabwe,zimbabwe won by 5 wickets,netherlands,zimbabwe,zimbabwe
19/03/2014,ireland v. united arab emirates,ireland won by 21 runs,ireland,united arab emirates,ireland
20/03/2014,afghanistan v. nepal,nepal won by 9 runs,afghanistan,nepal,nepal
20/03/2014,bangladesh v. hong kong,hong kong won by 2 wickets,bangladesh,hong kong,hong kong
20/03/2014,united arab emirates v. zimbabwe,zimbabwe won by 5 wickets,united arab emirates,zimbabwe,zimbabwe
21/03/2014,ireland v. netherlands,netherlands won by 6 wickets,ireland,netherlands,netherlands
21/03/2014,india v. pakistan,india won by 7 wickets,india,pakistan,india
22/03/2014,south africa v. sri lanka,sri lanka won by 5 runs,south africa,sri lanka,sri lanka
22/03/2014,england v. new zealand,new zealand won by 9 runs,england,new zealand,new zealand
23/03/2014,australia v. pakistan,pakistan won by 16 runs,australia,pakistan,pakistan
23/03/2014,india v. west indies,india won by 7 wickets,india,west indies,india
24/03/2014,new zealand v. south africa,south africa won by 2 runs,new zealand,south africa,south africa
24/03/2014,netherlands v. sri lanka,sri lanka won by 9 wickets,netherlands,sri lanka,sri lanka
25/03/2014,bangladesh v. west indies,west indies won by 73 runs,bangladesh,west indies,west indies
27/03/2014,netherlands v. south africa,south africa won by 6 runs,netherlands,south africa,south africa
27/03/2014,england v. sri lanka,england won by 6 wickets,england,sri lanka,england
28/03/2014,australia v. west indies,west indies won by 6 wickets,australia,west indies,west indies
28/03/2014,bangladesh v. india,india won by 8 wickets,bangladesh,india,india
29/03/2014,netherlands v. new zealand,netherlands won by 6 wickets,netherlands,new zealand,netherlands
29/03/2014,england v. south africa,south africa won by 3 runs,england,south africa,south africa
30/03/2014,bangladesh v. pakistan,pakistan won by 50 runs,bangladesh,pakistan,pakistan
30/03/2014,australia v. india,india won by 73 runs,australia,india,india
31/03/2014,england v. netherlands,netherlands won by 45 runs,england,netherlands,netherlands
31/03/2014,new zealand v. sri lanka,sri lanka won by 59 runs,new zealand,sri lanka,sri lanka
01/04/2014,bangladesh v. australia,australia won by 7 wickets,bangladesh,australia,australia
01/04/2014,pakistan v. west indies,west indies won by 84 runs,pakistan,west indies,west indies
03/04/2014,sri lanka v. west indies,sri lanka won by 27 runs,sri lanka,west indies,sri lanka
04/04/2014,india v. south africa,india won by 6 wickets,india,south africa,india
06/04/2014,india v. sri lanka,sri lanka won by 6 wickets,india,sri lanka,sri lanka
20/05/2014,england v. sri lanka,sri lanka won by 9 runs,england,sri lanka,sri lanka
05/07/2014,west indies v. new zealand,new zealand won by 12 runs,west indies,new zealand,new zealand
06/07/2014,west indies v. new zealand,west indies won by 39 runs,west indies,new zealand,west indies
27/08/2014,west indies v. bangladesh,no result,west indies,bangladesh,draw
07/09/2014,england v. india,england won by 3 runs,england,india,england
05/10/2014,pakistan v. australia,australia won by 6 wickets,pakistan,australia,australia
05/11/2014,australia v. south africa,south africa won by 7 wickets,australia,south africa,south africa
07/11/2014,australia v. south africa,australia won by 7 wickets,australia,south africa,australia
09/11/2014,australia v. south africa,australia won by 2 wickets,australia,south africa,australia
19/11/2014,hong kong v. nepal,match abandoned,hong kong,nepal,draw
21/11/2014,hong kong v. nepal,match abandoned,hong kong,nepal,draw
22/11/2014,hong kong v. nepal,match abandoned,hong kong,nepal,draw
24/11/2014,hong kong v. nepal,hong kong won by 2 wickets,hong kong,nepal,hong kong
04/12/2014,pakistan v. new zealand,pakistan won by 7 wickets,pakistan,new zealand,pakistan
05/12/2014,pakistan v. new zealand,new zealand won by 17 runs,pakistan,new zealand,new zealand
