date,countries,result,team1,team2,winner
01/01/2018,new zealand v. west indies,no result,new zealand,west indies,draw
03/01/2018,new zealand v. west indies,new zealand won by 119 runs,new zealand,west indies,new zealand
22/01/2018,new zealand v. pakistan,new zealand won by 7 wickets,new zealand,pakistan,new zealand
25/01/2018,new zealand v. pakistan,pakistan won by 48 runs,new zealand,pakistan,pakistan
28/01/2018,new zealand v. pakistan,pakistan won by 18 runs,new zealand,pakistan,pakistan
03/02/2018,australia v. new zealand,australia won by 7 wickets,australia,new zealand,australia
05/02/2018,afghanistan v. zimbabwe,afghanistan won by 5 wickets,afghanistan,zimbabwe,afghanistan
06/02/2018,afghanistan v. zimbabwe,afghanistan won by 17 runs,afghanistan,zimbabwe,afghanistan
07/02/2018,australia v. england,australia won by 5 wickets,australia,england,australia
10/02/2018,australia v. england,australia won by 7 wickets,australia,england,australia
13/02/2018,new zealand v. england,new zealand won by 12 runs,new zealand,england,new zealand
15/02/2018,bangladesh v. sri lanka,sri lanka won by 5 wickets,bangladesh,sri lanka,sri lanka
16/02/2018,new zealand v. australia,australia won by 5 wickets,new zealand,australia,australia
18/02/2018,south africa v. india,india won by 28 runs,south africa,india,india
18/02/2018,bangladesh v. sri lanka,sri lanka won by 75 runs,bangladesh,sri lanka,sri lanka
18/02/2018,new zealand v. england,england won by 2 runs,new zealand,england,england
21/02/2018,south africa v. india,south africa won by 6 wickets,south africa,india,south africa
21/02/2018,new zealand v. australia,australia won by 19 runs,new zealand,australia,australia
24/02/2018,south africa v. india,india won by 7 runs,south africa,india,india
06/03/2018,sri lanka v. india,sri lanka won by 5 wickets,sri lanka,india,sri lanka
08/03/2018,bangladesh v. india,india won by 6 wickets,bangladesh,india,india
10/03/2018,sri lanka v. bangladesh,bangladesh won by 5 wickets,sri lanka,bangladesh,bangladesh
12/03/2018,sri lanka v. india,india won by 6 wickets,sri lanka,india,india
14/03/2018,bangladesh v. india,india won by 17 runs,bangladesh,india,india
16/03/2018,sri lanka v. bangladesh,bangladesh won by 2 wickets,sri lanka,bangladesh,bangladesh
18/03/2018,bangladesh v. india,india won by 4 wickets,bangladesh,india,india
01/04/2018,pakistan v. west indies,pakistan won by 143 runs,pakistan,west indies,pakistan
02/04/2018,pakistan v. west indies,pakistan won by 82 runs,pakistan,west indies,pakistan
03/04/2018,pakistan v. west indies,pakistan won by 8 wickets,pakistan,west indies,pakistan
31/05/2018,icc world xi v. west indies,west indies won by 72 runs,icc world xi,west indies,west indies
03/06/2018,afghanistan v. bangladesh,afghanistan won by 45 runs,afghanistan,bangladesh,afghanistan
05/06/2018,afghanistan v. bangladesh,afghanistan won by 6 wickets,afghanistan,bangladesh,afghanistan
07/06/2018,afghanistan v. bangladesh,afghanistan won by 1 run,afghanistan,bangladesh,afghanistan
12/06/2018,netherlands v. ireland,netherlands won by 4 runs,netherlands,ireland,netherlands
12/06/2018,scotland v. pakistan,pakistan won by 48 runs,scotland,pakistan,pakistan
13/06/2018,netherlands v. ireland,netherlands won by 4 wickets,netherlands,ireland,netherlands
13/06/2018,scotland v. pakistan,pakistan won by 84 runs,scotland,pakistan,pakistan
17/06/2018,ireland v. scotland,ireland won by 46 runs,ireland,scotland,ireland
17/06/2018,ireland v. scotland,match tied,ireland,scotland,draw
19/06/2018,netherlands v. scotland,scotland won by 7 wickets,netherlands,scotland,scotland
20/06/2018,netherlands v. scotland,scotland won by 115 runs,netherlands,scotland,scotland
27/06/2018,england v. australia,england won by 28 runs,england,australia,england
27/06/2018,ireland v. india,india won by 76 runs,ireland,india,india
29/06/2018,ireland v. india,india won by 143 runs,ireland,india,india
01/07/2018,zimbabwe v. pakistan,pakistan won by 74 runs,zimbabwe,pakistan,pakistan
02/07/2018,australia v. pakistan,australia won by 9 wickets,australia,pakistan,australia
03/07/2018,england v. india,india won by 8 wickets,england,india,india
03/07/2018,zimbabwe v. australia,australia won by 100 runs,zimbabwe,australia,australia
04/07/2018,zimbabwe v. pakistan,pakistan won by 7 wickets,zimbabwe,pakistan,pakistan
05/07/2018,australia v. pakistan,pakistan won by 45 runs,australia,pakistan,pakistan
06/07/2018,england v. india,england won by 5 wickets,england,india,england
06/07/2018,zimbabwe v. australia,australia won by 5 wickets,zimbabwe,australia,australia
08/07/2018,england v. india,india won by 7 wickets,england,india,india
08/07/2018,australia v. pakistan,pakistan won by 6 wickets,australia,pakistan,pakistan
29/07/2018,netherlands v. nepal,no result,netherlands,nepal,draw
31/07/2018,west indies v. bangladesh,west indies won by 7 wickets,west indies,bangladesh,west indies
04/08/2018,west indies v. bangladesh,bangladesh won by 12 runs,west indies,bangladesh,bangladesh
05/08/2018,west indies v. bangladesh,bangladesh won by 19 runs,west indies,bangladesh,bangladesh
14/08/2018,sri lanka v. south africa,sri lanka won by 3 wickets,sri lanka,south africa,sri lanka
20/08/2018,ireland v. afghanistan,afghanistan won by 16 runs,ireland,afghanistan,afghanistan
22/08/2018,ireland v. afghanistan,afghanistan won by 81 runs,ireland,afghanistan,afghanistan
24/08/2018,ireland v. afghanistan,match abandoned,ireland,afghanistan,draw
09/10/2018,south africa v. zimbabwe,south africa won by 34 runs,south africa,zimbabwe,south africa
12/10/2018,south africa v. zimbabwe,south africa won by 6 wickets,south africa,zimbabwe,south africa
14/10/2018,south africa v. zimbabwe,match abandoned,south africa,zimbabwe,draw
22/10/2018,united arab emirates v. australia,australia won by 7 wickets,united arab emirates,australia,australia
24/10/2018,pakistan v. australia,pakistan won by 66 runs,pakistan,australia,pakistan
26/10/2018,pakistan v. australia,pakistan won by 11 runs,pakistan,australia,pakistan
27/10/2018,sri lanka v. england,england won by 30 runs,sri lanka,england,england
28/10/2018,pakistan v. australia,pakistan won by 33 runs,pakistan,australia,pakistan
31/10/2018,pakistan v. new zealand,pakistan won by 2 runs,pakistan,new zealand,pakistan
02/11/2018,pakistan v. new zealand,pakistan won by 6 wickets,pakistan,new zealand,pakistan
04/11/2018,india v. west indies,india won by 5 wickets,india,west indies,india
04/11/2018,pakistan v. new zealand,pakistan won by 47 runs,pakistan,new zealand,pakistan
06/11/2018,india v. west indies,india won by 71 runs,india,west indies,india
11/11/2018,india v. west indies,india won by 6 wickets,india,west indies,india
17/11/2018,australia v. south africa,south africa won by 21 runs,australia,south africa,south africa
21/11/2018,australia v. india,australia won by 4 runs,australia,india,australia
23/11/2018,australia v. india,no result,australia,india,draw
25/11/2018,australia v. india,india won by 6 wickets,australia,india,india
17/12/2018,bangladesh v. west indies,west indies won by 8 wickets,bangladesh,west indies,west indies
20/12/2018,bangladesh v. west indies,bangladesh won by 36 runs,bangladesh,west indies,bangladesh
22/12/2018,bangladesh v. west indies,west indies won by 50 runs,bangladesh,west indies,west indies
