date,countries,result,team1,team2,winner
09/01/2007,australia v. england,australia won by 77 runs,australia,england,australia
02/02/2007,south africa v. pakistan,south africa won by 10 wickets,south africa,pakistan,south africa
28/06/2007,england v. west indies,west indies won by 15 runs,england,west indies,west indies
29/06/2007,england v. west indies,england won by 5 wickets,england,west indies,england
01/09/2007,kenya v. bangladesh,bangladesh won by 5 wickets,kenya,bangladesh,bangladesh
02/09/2007,bangladesh v. pakistan,pakistan won by 30 runs,bangladesh,pakistan,pakistan
04/09/2007,kenya v. pakistan,pakistan won by 8 wickets,kenya,pakistan,pakistan
11/09/2007,south africa v. west indies,south africa won by 8 wickets,south africa,west indies,south africa
12/09/2007,kenya v. new zealand,new zealand won by 9 wickets,kenya,new zealand,new zealand
12/09/2007,pakistan v. scotland,pakistan won by 51 runs,pakistan,scotland,pakistan
12/09/2007,australia v. zimbabwe,zimbabwe won by 5 wickets,australia,zimbabwe,zimbabwe
13/09/2007,bangladesh v. west indies,bangladesh won by 6 wickets,bangladesh,west indies,bangladesh
13/09/2007,england v. zimbabwe,england won by 50 runs,england,zimbabwe,england
13/09/2007,india v. scotland,no result,india,scotland,draw
14/09/2007,kenya v. sri lanka,sri lanka won by 172 runs,kenya,sri lanka,sri lanka
14/09/2007,australia v. england,australia won by 8 wickets,australia,england,australia
14/09/2007,india v. pakistan,india won in bowl-out after scores were tied,india,pakistan,india
15/09/2007,new zealand v. sri lanka,sri lanka won by 7 wickets,new zealand,sri lanka,sri lanka
15/09/2007,south africa v. bangladesh,south africa won by 7 wickets,south africa,bangladesh,south africa
16/09/2007,india v. new zealand,new zealand won by 10 runs,india,new zealand,new zealand
16/09/2007,australia v. bangladesh,australia won by 9 wickets,australia,bangladesh,australia
16/09/2007,south africa v. england,south africa won by 19 runs,south africa,england,south africa
17/09/2007,pakistan v. sri lanka,pakistan won by 33 runs,pakistan,sri lanka,pakistan
18/09/2007,england v. new zealand,new zealand won by 5 runs,england,new zealand,new zealand
18/09/2007,australia v. pakistan,pakistan won by 6 wickets,australia,pakistan,pakistan
18/09/2007,bangladesh v. sri lanka,sri lanka won by 64 runs,bangladesh,sri lanka,sri lanka
19/09/2007,south africa v. new zealand,south africa won by 6 wickets,south africa,new zealand,south africa
19/09/2007,england v. india,india won by 18 runs,england,india,india
20/09/2007,australia v. sri lanka,australia won by 10 wickets,australia,sri lanka,australia
20/09/2007,bangladesh v. pakistan,pakistan won by 4 wickets,bangladesh,pakistan,pakistan
20/09/2007,south africa v. india,india won by 37 runs,south africa,india,india
22/09/2007,new zealand v. pakistan,pakistan won by 6 wickets,new zealand,pakistan,pakistan
22/09/2007,australia v. india,india won by 15 runs,australia,india,india
24/09/2007,india v. pakistan,india won by 5 runs,india,pakistan,india
20/10/2007,india v. australia,india won by 7 wickets,india,australia,india
23/11/2007,south africa v. new zealand,south africa won by 3 wickets,south africa,new zealand,south africa
11/12/2007,australia v. new zealand,australia won by 54 runs,australia,new zealand,australia
16/12/2007,south africa v. west indies,west indies won by 5 wickets,south africa,west indies,west indies
