date,countries,result,team1,team2,winner
09/01/2011,south africa v. india,india won by 21 runs,south africa,india,india
12/01/2011,australia v. england,england won by 1 wicket,australia,england,england
14/01/2011,australia v. england,australia won by 4 runs,australia,england,australia
21/04/2011,west indies v. pakistan,west indies won by 7 runs,west indies,pakistan,west indies
04/06/2011,west indies v. india,india won by 16 runs,west indies,india,india
25/06/2011,england v. sri lanka,sri lanka won by 9 wickets,england,sri lanka,sri lanka
06/08/2011,sri lanka v. australia,sri lanka won by 35 runs,sri lanka,australia,sri lanka
08/08/2011,sri lanka v. australia,sri lanka won by 8 runs,sri lanka,australia,sri lanka
31/08/2011,england v. india,england won by 6 wickets,england,india,england
16/09/2011,zimbabwe v. pakistan,pakistan won by 85 runs,zimbabwe,pakistan,pakistan
18/09/2011,zimbabwe v. pakistan,pakistan won by 5 runs,zimbabwe,pakistan,pakistan
23/09/2011,england v. west indies,england won by 10 wickets,england,west indies,england
25/09/2011,england v. west indies,west indies won by 25 runs,england,west indies,west indies
11/10/2011,bangladesh v. west indies,bangladesh won by 3 wickets,bangladesh,west indies,bangladesh
13/10/2011,south africa v. australia,australia won by 5 wickets,south africa,australia,australia
15/10/2011,zimbabwe v. new zealand,new zealand won by 10 wickets,zimbabwe,new zealand,new zealand
16/10/2011,south africa v. australia,south africa won by 3 wickets,south africa,australia,south africa
17/10/2011,zimbabwe v. new zealand,new zealand won by 34 runs,zimbabwe,new zealand,new zealand
29/10/2011,india v. england,england won by 6 wickets,india,england,england
25/11/2011,pakistan v. sri lanka,pakistan won by 5 wickets,pakistan,sri lanka,pakistan
29/11/2011,bangladesh v. pakistan,pakistan won by 50 runs,bangladesh,pakistan,pakistan
