date,countries,result,team1,team2,winner
01/02/2010,afghanistan v. ireland,ireland won by 5 wickets,afghanistan,ireland,ireland
01/02/2010,kenya v. scotland,kenya won by 10 wickets,kenya,scotland,kenya
03/02/2010,new zealand v. bangladesh,new zealand won by 10 wickets,new zealand,bangladesh,new zealand
03/02/2010,canada v. ireland,canada won by 4 runs,canada,ireland,canada
04/02/2010,kenya v. scotland,kenya won by 10 wickets,kenya,scotland,kenya
04/02/2010,afghanistan v. canada,afghanistan won by 5 wickets,afghanistan,canada,afghanistan
05/02/2010,australia v. pakistan,australia won by 2 runs,australia,pakistan,australia
09/02/2010,afghanistan v. ireland,afghanistan won by 13 runs,afghanistan,ireland,afghanistan
09/02/2010,canada v. netherlands,netherlands won by 6 wickets,canada,netherlands,netherlands
10/02/2010,afghanistan v. scotland,afghanistan won by 14 runs,afghanistan,scotland,afghanistan
10/02/2010,canada v. kenya,kenya won by 9 wickets,canada,kenya,kenya
11/02/2010,kenya v. netherlands,netherlands won by 7 wickets,kenya,netherlands,netherlands
11/02/2010,ireland v. scotland,ireland won by 37 runs,ireland,scotland,ireland
12/02/2010,afghanistan v. netherlands,netherlands won by 4 wickets,afghanistan,netherlands,netherlands
13/02/2010,ireland v. netherlands,ireland won by 65 runs,ireland,netherlands,ireland
13/02/2010,afghanistan v. ireland,afghanistan won by 8 wickets,afghanistan,ireland,afghanistan
19/02/2010,pakistan v. england,england won by 7 wickets,pakistan,england,england
20/02/2010,pakistan v. england,pakistan won by 4 wickets,pakistan,england,pakistan
21/02/2010,australia v. west indies,australia won by 38 runs,australia,west indies,australia
23/02/2010,australia v. west indies,australia won by 8 wickets,australia,west indies,australia
26/02/2010,new zealand v. australia,australia won by 6 wickets,new zealand,australia,australia
28/02/2010,west indies v. zimbabwe,zimbabwe won by 26 runs,west indies,zimbabwe,zimbabwe
28/02/2010,new zealand v. australia,new zealand won in super over after scores were tied,new zealand,australia,new zealand
30/04/2010,new zealand v. sri lanka,new zealand won by 2 wickets,new zealand,sri lanka,new zealand
30/04/2010,west indies v. ireland,west indies won by 70 runs,west indies,ireland,west indies
01/05/2010,afghanistan v. india,india won by 7 wickets,afghanistan,india,india
01/05/2010,bangladesh v. pakistan,pakistan won by 21 runs,bangladesh,pakistan,pakistan
02/05/2010,india v. south africa,india won by 14 runs,india,south africa,india
02/05/2010,australia v. pakistan,australia won by 24 runs,australia,pakistan,australia
03/05/2010,sri lanka v. zimbabwe,sri lanka won by 14 runs,sri lanka,zimbabwe,sri lanka
03/05/2010,west indies v. england,west indies won by 8 wickets,west indies,england,west indies
04/05/2010,new zealand v. zimbabwe,new zealand won by 7 runs,new zealand,zimbabwe,new zealand
04/05/2010,england v. ireland,no result,england,ireland,draw
05/05/2010,australia v. bangladesh,australia won by 27 runs,australia,bangladesh,australia
05/05/2010,afghanistan v. south africa,south africa won by 59 runs,afghanistan,south africa,south africa
06/05/2010,england v. pakistan,england won by 6 wickets,england,pakistan,england
06/05/2010,new zealand v. south africa,south africa won by 13 runs,new zealand,south africa,south africa
07/05/2010,australia v. india,australia won by 49 runs,australia,india,australia
07/05/2010,west indies v. sri lanka,sri lanka won by 57 runs,west indies,sri lanka,sri lanka
08/05/2010,new zealand v. pakistan,new zealand won by 1 run,new zealand,pakistan,new zealand
08/05/2010,england v. south africa,england won by 39 runs,england,south africa,england
09/05/2010,west indies v. india,west indies won by 14 runs,west indies,india,west indies
09/05/2010,australia v. sri lanka,australia won by 81 runs,australia,sri lanka,australia
10/05/2010,pakistan v. south africa,pakistan won by 11 runs,pakistan,south africa,pakistan
10/05/2010,england v. new zealand,england won by 3 wickets,england,new zealand,england
11/05/2010,india v. sri lanka,sri lanka won by 5 wickets,india,sri lanka,sri lanka
11/05/2010,west indies v. australia,australia won by 6 wickets,west indies,australia,australia
13/05/2010,england v. sri lanka,england won by 7 wickets,england,sri lanka,england
14/05/2010,australia v. pakistan,australia won by 3 wickets,australia,pakistan,australia
16/05/2010,australia v. england,england won by 7 wickets,australia,england,england
19/05/2010,west indies v. south africa,south africa won by 13 runs,west indies,south africa,south africa
20/05/2010,west indies v. south africa,south africa won by 1 run,west indies,south africa,south africa
22/05/2010,new zealand v. sri lanka,new zealand won by 28 runs,new zealand,sri lanka,new zealand
23/05/2010,new zealand v. sri lanka,sri lanka won by 7 wickets,new zealand,sri lanka,sri lanka
12/06/2010,zimbabwe v. india,india won by 6 wickets,zimbabwe,india,india
13/06/2010,zimbabwe v. india,india won by 7 wickets,zimbabwe,india,india
05/07/2010,pakistan v. australia,pakistan won by 23 runs,pakistan,australia,pakistan
06/07/2010,pakistan v. australia,pakistan won by 11 runs,pakistan,australia,pakistan
05/09/2010,england v. pakistan,england won by 5 wickets,england,pakistan,england
07/09/2010,england v. pakistan,england won by 6 wickets,england,pakistan,england
08/10/2010,south africa v. zimbabwe,south africa won by 7 wickets,south africa,zimbabwe,south africa
10/10/2010,south africa v. zimbabwe,south africa won by 8 runs,south africa,zimbabwe,south africa
26/10/2010,pakistan v. south africa,south africa won by 6 wickets,pakistan,south africa,south africa
27/10/2010,pakistan v. south africa,south africa won by 6 wickets,pakistan,south africa,south africa
31/10/2010,australia v. sri lanka,sri lanka won by 7 wickets,australia,sri lanka,sri lanka
26/12/2010,new zealand v. pakistan,new zealand won by 5 wickets,new zealand,pakistan,new zealand
28/12/2010,new zealand v. pakistan,new zealand won by 39 runs,new zealand,pakistan,new zealand
30/12/2010,new zealand v. pakistan,pakistan won by 103 runs,new zealand,pakistan,pakistan
