date,countries,result,team1,team2,winner
09/01/2006,australia v. south africa,australia won by 95 runs,australia,south africa,australia
16/02/2006,new zealand v. west indies,new zealand won in bowl-out after scores were tied,new zealand,west indies,new zealand
24/02/2006,south africa v. australia,south africa won by 2 runs,south africa,australia,south africa
15/06/2006,england v. sri lanka,sri lanka won by 2 runs,england,sri lanka,sri lanka
28/08/2006,england v. pakistan,pakistan won by 5 wickets,england,pakistan,pakistan
28/11/2006,bangladesh v. zimbabwe,bangladesh won by 43 runs,bangladesh,zimbabwe,bangladesh
01/12/2006,south africa v. india,india won by 6 wickets,south africa,india,india
22/12/2006,new zealand v. sri lanka,sri lanka won by 18 runs,new zealand,sri lanka,sri lanka
26/12/2006,new zealand v. sri lanka,new zealand won by 5 wickets,new zealand,sri lanka,new zealand
