date,countries,result,team1,team2,winner
07/01/2016,new zealand v. sri lanka,new zealand won by 3 runs,new zealand,sri lanka,new zealand
08/01/2016,afghanistan v. zimbabwe,afghanistan won by 5 runs,afghanistan,zimbabwe,afghanistan
10/01/2016,afghanistan v. zimbabwe,afghanistan won by 81 runs,afghanistan,zimbabwe,afghanistan
10/01/2016,new zealand v. sri lanka,new zealand won by 9 wickets,new zealand,sri lanka,new zealand
15/01/2016,bangladesh v. zimbabwe,bangladesh won by 4 wickets,bangladesh,zimbabwe,bangladesh
15/01/2016,new zealand v. pakistan,pakistan won by 16 runs,new zealand,pakistan,pakistan
17/01/2016,bangladesh v. zimbabwe,bangladesh won by 42 runs,bangladesh,zimbabwe,bangladesh
17/01/2016,new zealand v. pakistan,new zealand won by 10 wickets,new zealand,pakistan,new zealand
20/01/2016,bangladesh v. zimbabwe,zimbabwe won by 31 runs,bangladesh,zimbabwe,zimbabwe
22/01/2016,new zealand v. pakistan,new zealand won by 95 runs,new zealand,pakistan,new zealand
22/01/2016,bangladesh v. zimbabwe,zimbabwe won by 18 runs,bangladesh,zimbabwe,zimbabwe
26/01/2016,australia v. india,india won by 37 runs,australia,india,india
29/01/2016,australia v. india,india won by 27 runs,australia,india,india
30/01/2016,hong kong v. scotland,hong kong won by 9 wickets,hong kong,scotland,hong kong
31/01/2016,hong kong v. scotland,scotland won by 37 runs,hong kong,scotland,scotland
31/01/2016,australia v. india,india won by 7 wickets,australia,india,india
03/02/2016,united arab emirates v. netherlands,netherlands won by 84 runs,united arab emirates,netherlands,netherlands
04/02/2016,united arab emirates v. scotland,united arab emirates won by 9 runs,united arab emirates,scotland,united arab emirates
05/02/2016,netherlands v. scotland,scotland won by 37 runs,netherlands,scotland,scotland
06/02/2016,papua new guinea v. ireland,ireland won by 5 wickets,papua new guinea,ireland,ireland
07/02/2016,papua new guinea v. ireland,ireland won by 7 runs,papua new guinea,ireland,ireland
09/02/2016,india v. sri lanka,sri lanka won by 5 wickets,india,sri lanka,sri lanka
09/02/2016,papua new guinea v. ireland,papua new guinea won by 11 runs,papua new guinea,ireland,papua new guinea
12/02/2016,india v. sri lanka,india won by 69 runs,india,sri lanka,india
14/02/2016,united arab emirates v. ireland,ireland won by 34 runs,united arab emirates,ireland,ireland
14/02/2016,india v. sri lanka,india won by 9 wickets,india,sri lanka,india
16/02/2016,united arab emirates v. ireland,united arab emirates won by 5 runs,united arab emirates,ireland,united arab emirates
19/02/2016,south africa v. england,south africa won by 3 wickets,south africa,england,south africa
19/02/2016,united arab emirates v. afghanistan,united arab emirates won by 16 runs,united arab emirates,afghanistan,united arab emirates
19/02/2016,hong kong v. oman,oman won by 5 runs,hong kong,oman,oman
20/02/2016,afghanistan v. oman,afghanistan won by 3 wickets,afghanistan,oman,afghanistan
21/02/2016,south africa v. england,south africa won by 9 wickets,south africa,england,south africa
21/02/2016,hong kong v. united arab emirates,united arab emirates won by 6 wickets,hong kong,united arab emirates,united arab emirates
22/02/2016,afghanistan v. hong kong,afghanistan won by 66 runs,afghanistan,hong kong,afghanistan
22/02/2016,oman v. united arab emirates,united arab emirates won by 101 runs,oman,united arab emirates,united arab emirates
24/02/2016,bangladesh v. india,india won by 45 runs,bangladesh,india,india
25/02/2016,sri lanka v. united arab emirates,sri lanka won by 14 runs,sri lanka,united arab emirates,sri lanka
26/02/2016,bangladesh v. united arab emirates,bangladesh won by 51 runs,bangladesh,united arab emirates,bangladesh
27/02/2016,india v. pakistan,india won by 5 wickets,india,pakistan,india
28/02/2016,bangladesh v. sri lanka,bangladesh won by 23 runs,bangladesh,sri lanka,bangladesh
29/02/2016,pakistan v. united arab emirates,pakistan won by 7 wickets,pakistan,united arab emirates,pakistan
01/03/2016,india v. sri lanka,india won by 5 wickets,india,sri lanka,india
02/03/2016,bangladesh v. pakistan,bangladesh won by 5 wickets,bangladesh,pakistan,bangladesh
03/03/2016,india v. united arab emirates,india won by 9 wickets,india,united arab emirates,india
04/03/2016,south africa v. australia,south africa won by 3 wickets,south africa,australia,south africa
04/03/2016,pakistan v. sri lanka,pakistan won by 6 wickets,pakistan,sri lanka,pakistan
06/03/2016,south africa v. australia,australia won by 5 wickets,south africa,australia,australia
06/03/2016,bangladesh v. india,india won by 8 wickets,bangladesh,india,india
08/03/2016,hong kong v. zimbabwe,zimbabwe won by 14 runs,hong kong,zimbabwe,zimbabwe
08/03/2016,afghanistan v. scotland,afghanistan won by 14 runs,afghanistan,scotland,afghanistan
09/03/2016,bangladesh v. netherlands,bangladesh won by 8 runs,bangladesh,netherlands,bangladesh
09/03/2016,south africa v. australia,australia won by 6 wickets,south africa,australia,australia
09/03/2016,ireland v. oman,oman won by 2 wickets,ireland,oman,oman
10/03/2016,scotland v. zimbabwe,zimbabwe won by 11 runs,scotland,zimbabwe,zimbabwe
10/03/2016,afghanistan v. hong kong,afghanistan won by 6 wickets,afghanistan,hong kong,afghanistan
11/03/2016,netherlands v. oman,no result,netherlands,oman,draw
11/03/2016,bangladesh v. ireland,no result,bangladesh,ireland,draw
12/03/2016,afghanistan v. zimbabwe,afghanistan won by 59 runs,afghanistan,zimbabwe,afghanistan
12/03/2016,hong kong v. scotland,scotland won by 8 wickets,hong kong,scotland,scotland
13/03/2016,ireland v. netherlands,netherlands won by 12 runs,ireland,netherlands,netherlands
13/03/2016,bangladesh v. oman,bangladesh won by 54 runs,bangladesh,oman,bangladesh
15/03/2016,india v. new zealand,new zealand won by 47 runs,india,new zealand,new zealand
16/03/2016,bangladesh v. pakistan,pakistan won by 55 runs,bangladesh,pakistan,pakistan
16/03/2016,england v. west indies,west indies won by 6 wickets,england,west indies,west indies
17/03/2016,afghanistan v. sri lanka,sri lanka won by 6 wickets,afghanistan,sri lanka,sri lanka
18/03/2016,australia v. new zealand,new zealand won by 8 runs,australia,new zealand,new zealand
18/03/2016,england v. south africa,england won by 2 wickets,england,south africa,england
19/03/2016,india v. pakistan,india won by 6 wickets,india,pakistan,india
20/03/2016,afghanistan v. south africa,south africa won by 37 runs,afghanistan,south africa,south africa
20/03/2016,sri lanka v. west indies,west indies won by 7 wickets,sri lanka,west indies,west indies
21/03/2016,australia v. bangladesh,australia won by 3 wickets,australia,bangladesh,australia
22/03/2016,new zealand v. pakistan,new zealand won by 22 runs,new zealand,pakistan,new zealand
23/03/2016,afghanistan v. england,england won by 15 runs,afghanistan,england,england
23/03/2016,india v. bangladesh,india won by 1 run,india,bangladesh,india
25/03/2016,australia v. pakistan,australia won by 21 runs,australia,pakistan,australia
25/03/2016,south africa v. west indies,west indies won by 3 wickets,south africa,west indies,west indies
26/03/2016,bangladesh v. new zealand,new zealand won by 75 runs,bangladesh,new zealand,new zealand
26/03/2016,england v. sri lanka,england won by 10 runs,england,sri lanka,england
27/03/2016,afghanistan v. west indies,afghanistan won by 6 runs,afghanistan,west indies,afghanistan
27/03/2016,india v. australia,india won by 6 wickets,india,australia,india
28/03/2016,south africa v. sri lanka,south africa won by 8 wickets,south africa,sri lanka,south africa
30/03/2016,england v. new zealand,england won by 7 wickets,england,new zealand,england
31/03/2016,india v. west indies,west indies won by 7 wickets,india,west indies,west indies
03/04/2016,england v. west indies,west indies won by 4 wickets,england,west indies,west indies
18/06/2016,zimbabwe v. india,zimbabwe won by 2 runs,zimbabwe,india,zimbabwe
20/06/2016,zimbabwe v. india,india won by 10 wickets,zimbabwe,india,india
22/06/2016,zimbabwe v. india,india won by 3 runs,zimbabwe,india,india
05/07/2016,england v. sri lanka,england won by 8 wickets,england,sri lanka,england
27/08/2016,west indies v. india,west indies won by 1 run,west indies,india,west indies
28/08/2016,west indies v. india,no result,west indies,india,draw
05/09/2016,ireland v. hong kong,hong kong won by 40 runs,ireland,hong kong,hong kong
06/09/2016,sri lanka v. australia,australia won by 85 runs,sri lanka,australia,australia
06/09/2016,ireland v. hong kong,match abandoned,ireland,hong kong,draw
07/09/2016,england v. pakistan,pakistan won by 9 wickets,england,pakistan,pakistan
09/09/2016,sri lanka v. australia,australia won by 4 wickets,sri lanka,australia,australia
23/09/2016,pakistan v. west indies,pakistan won by 9 wickets,pakistan,west indies,pakistan
24/09/2016,pakistan v. west indies,pakistan won by 16 runs,pakistan,west indies,pakistan
27/09/2016,pakistan v. west indies,pakistan won by 8 wickets,pakistan,west indies,pakistan
14/12/2016,united arab emirates v. afghanistan,afghanistan won by 11 runs,united arab emirates,afghanistan,afghanistan
16/12/2016,united arab emirates v. afghanistan,afghanistan won by 5 wickets,united arab emirates,afghanistan,afghanistan
18/12/2016,united arab emirates v. afghanistan,afghanistan won by 44 runs,united arab emirates,afghanistan,afghanistan
