date,countries,result,team1,team2,winner
11/01/2009,australia v. south africa,australia won by 52 runs,australia,south africa,australia
13/01/2009,australia v. south africa,australia won by 6 wickets,australia,south africa,australia
10/02/2009,sri lanka v. india,india won by 3 wickets,sri lanka,india,india
15/02/2009,australia v. new zealand,australia won by 1 run,australia,new zealand,australia
25/02/2009,new zealand v. india,new zealand won by 7 wickets,new zealand,india,new zealand
27/02/2009,new zealand v. india,new zealand won by 5 wickets,new zealand,india,new zealand
15/03/2009,west indies v. england,west indies won by 6 wickets,west indies,england,west indies
27/03/2009,south africa v. australia,south africa won by 4 wickets,south africa,australia,south africa
29/03/2009,south africa v. australia,south africa won by 17 runs,south africa,australia,south africa
07/05/2009,pakistan v. australia,pakistan won by 7 wickets,pakistan,australia,pakistan
05/06/2009,england v. netherlands,netherlands won by 4 wickets,england,netherlands,netherlands
06/06/2009,new zealand v. scotland,new zealand won by 7 wickets,new zealand,scotland,new zealand
06/06/2009,australia v. west indies,west indies won by 7 wickets,australia,west indies,west indies
06/06/2009,bangladesh v. india,india won by 25 runs,bangladesh,india,india
07/06/2009,scotland v. south africa,south africa won by 130 runs,scotland,south africa,south africa
07/06/2009,england v. pakistan,england won by 48 runs,england,pakistan,england
08/06/2009,bangladesh v. ireland,ireland won by 6 wickets,bangladesh,ireland,ireland
08/06/2009,australia v. sri lanka,sri lanka won by 6 wickets,australia,sri lanka,sri lanka
09/06/2009,netherlands v. pakistan,pakistan won by 82 runs,netherlands,pakistan,pakistan
09/06/2009,new zealand v. south africa,south africa won by 1 run,new zealand,south africa,south africa
10/06/2009,sri lanka v. west indies,sri lanka won by 15 runs,sri lanka,west indies,sri lanka
10/06/2009,india v. ireland,india won by 8 wickets,india,ireland,india
11/06/2009,ireland v. new zealand,new zealand won by 83 runs,ireland,new zealand,new zealand
11/06/2009,england v. south africa,south africa won by 7 wickets,england,south africa,south africa
12/06/2009,pakistan v. sri lanka,sri lanka won by 19 runs,pakistan,sri lanka,sri lanka
12/06/2009,india v. west indies,west indies won by 7 wickets,india,west indies,west indies
13/06/2009,south africa v. west indies,south africa won by 20 runs,south africa,west indies,south africa
13/06/2009,new zealand v. pakistan,pakistan won by 6 wickets,new zealand,pakistan,pakistan
14/06/2009,ireland v. sri lanka,sri lanka won by 9 runs,ireland,sri lanka,sri lanka
14/06/2009,england v. india,england won by 3 runs,england,india,england
15/06/2009,ireland v. pakistan,pakistan won by 39 runs,ireland,pakistan,pakistan
15/06/2009,england v. west indies,west indies won by 5 wickets,england,west indies,west indies
16/06/2009,new zealand v. sri lanka,sri lanka won by 48 runs,new zealand,sri lanka,sri lanka
16/06/2009,india v. south africa,south africa won by 12 runs,india,south africa,south africa
18/06/2009,pakistan v. south africa,pakistan won by 7 runs,pakistan,south africa,pakistan
19/06/2009,sri lanka v. west indies,sri lanka won by 57 runs,sri lanka,west indies,sri lanka
21/06/2009,pakistan v. sri lanka,pakistan won by 8 wickets,pakistan,sri lanka,pakistan
02/08/2009,west indies v. bangladesh,west indies won by 5 wickets,west indies,bangladesh,west indies
12/08/2009,sri lanka v. pakistan,pakistan won by 52 runs,sri lanka,pakistan,pakistan
30/08/2009,england v. australia,no result,england,australia,draw
01/09/2009,england v. australia,match abandoned,england,australia,draw
02/09/2009,sri lanka v. new zealand,new zealand won by 3 runs,sri lanka,new zealand,new zealand
04/09/2009,sri lanka v. new zealand,new zealand won by 22 runs,sri lanka,new zealand,new zealand
12/11/2009,pakistan v. new zealand,pakistan won by 49 runs,pakistan,new zealand,pakistan
13/11/2009,south africa v. england,england won by 1 run,south africa,england,england
13/11/2009,pakistan v. new zealand,pakistan won by 7 runs,pakistan,new zealand,pakistan
15/11/2009,south africa v. england,south africa won by 84 runs,south africa,england,south africa
09/12/2009,india v. sri lanka,sri lanka won by 29 runs,india,sri lanka,sri lanka
12/12/2009,india v. sri lanka,india won by 6 wickets,india,sri lanka,india
