date,countries,result,team1,team2,winner
11/01/2019,new zealand v. sri lanka,new zealand won by 35 runs,new zealand,sri lanka,new zealand
20/01/2019,bahrain v. saudi arabia,bahrain won by 41 runs,bahrain,saudi arabia,bahrain
20/01/2019,kuwait v. maldives,kuwait won by 8 wickets,kuwait,maldives,kuwait
21/01/2019,bahrain v. maldives,bahrain won by 2 wickets,bahrain,maldives,bahrain
21/01/2019,qatar v. saudi arabia,qatar won by 4 wickets,qatar,saudi arabia,qatar
22/01/2019,kuwait v. qatar,qatar won in super over after scores were tied,kuwait,qatar,qatar
22/01/2019,maldives v. saudi arabia,saudi arabia won by 6 wickets,maldives,saudi arabia,saudi arabia
23/01/2019,maldives v. qatar,qatar won by 8 wickets,maldives,qatar,qatar
23/01/2019,bahrain v. kuwait,kuwait won by 7 wickets,bahrain,kuwait,kuwait
24/01/2019,kuwait v. saudi arabia,saudi arabia won by 7 wickets,kuwait,saudi arabia,saudi arabia
24/01/2019,bahrain v. qatar,qatar won by 48 runs,bahrain,qatar,qatar
24/01/2019,qatar v. saudi arabia,saudi arabia won by 8 wickets,qatar,saudi arabia,saudi arabia
31/01/2019,united arab emirates v. nepal,united arab emirates won by 21 runs,united arab emirates,nepal,united arab emirates
01/02/2019,south africa v. pakistan,south africa won by 6 runs,south africa,pakistan,south africa
01/02/2019,united arab emirates v. nepal,nepal won by 4 wickets,united arab emirates,nepal,nepal
03/02/2019,south africa v. pakistan,south africa won by 7 runs,south africa,pakistan,south africa
03/02/2019,united arab emirates v. nepal,nepal won by 14 runs,united arab emirates,nepal,nepal
06/02/2019,new zealand v. india,new zealand won by 80 runs,new zealand,india,new zealand
06/02/2019,south africa v. pakistan,pakistan won by 27 runs,south africa,pakistan,pakistan
08/02/2019,new zealand v. india,india won by 7 wickets,new zealand,india,india
10/02/2019,new zealand v. india,new zealand won by 4 runs,new zealand,india,new zealand
13/02/2019,netherlands v. scotland,netherlands won by 7 wickets,netherlands,scotland,netherlands
13/02/2019,oman v. ireland,ireland won by 15 runs,oman,ireland,ireland
15/02/2019,oman v. netherlands,netherlands won by 8 wickets,oman,netherlands,netherlands
15/02/2019,ireland v. scotland,scotland won by 6 wickets,ireland,scotland,scotland
17/02/2019,ireland v. netherlands,ireland won by 1 wicket,ireland,netherlands,ireland
17/02/2019,oman v. scotland,scotland won by 7 wickets,oman,scotland,scotland
21/02/2019,ireland v. afghanistan,afghanistan won by 5 wickets,ireland,afghanistan,afghanistan
23/02/2019,ireland v. afghanistan,afghanistan won by 84 runs,ireland,afghanistan,afghanistan
24/02/2019,india v. australia,australia won by 3 wickets,india,australia,australia
24/02/2019,ireland v. afghanistan,afghanistan won by 32 runs,ireland,afghanistan,afghanistan
27/02/2019,india v. australia,australia won by 7 wickets,india,australia,australia
05/03/2019,west indies v. england,england won by 4 wickets,west indies,england,england
08/03/2019,west indies v. england,england won by 137 runs,west indies,england,england
10/03/2019,west indies v. england,england won by 8 wickets,west indies,england,england
15/03/2019,united arab emirates v. united states,no result,united arab emirates,united states,draw
16/03/2019,united arab emirates v. united states,united arab emirates won by 24 runs,united arab emirates,united states,united arab emirates
19/03/2019,south africa v. sri lanka,south africa won in super over after the scores were tied,south africa,sri lanka,south africa
22/03/2019,papua new guinea v. philippines,papua new guinea won by 133 runs,papua new guinea,philippines,papua new guinea
22/03/2019,papua new guinea v. vanuatu,papua new guinea won by 8 wickets,papua new guinea,vanuatu,papua new guinea
22/03/2019,south africa v. sri lanka,south africa won by 16 runs,south africa,sri lanka,south africa
22/03/2019,philippines v. vanuatu,vanuatu won by 63 runs,philippines,vanuatu,vanuatu
23/03/2019,papua new guinea v. philippines,no result,papua new guinea,philippines,draw
24/03/2019,south africa v. sri lanka,south africa won by 45 runs,south africa,sri lanka,south africa
24/03/2019,philippines v. vanuatu,philippines won by 10 runs,philippines,vanuatu,philippines
24/03/2019,papua new guinea v. vanuatu,papua new guinea won by 10 wickets,papua new guinea,vanuatu,papua new guinea
29/03/2019,spain v. malta,spain won by 7 wickets,spain,malta,spain
30/03/2019,spain v. malta,spain won by 109 runs,spain,malta,spain
31/03/2019,spain v. malta,match abandoned,spain,malta,draw
25/04/2019,mexico v. belize,belize won by 4 wickets,mexico,belize,belize
25/04/2019,costa rica v. panama,panama won by 7 wickets,costa rica,panama,panama
26/04/2019,mexico v. costa rica,mexico won by 3 wickets,mexico,costa rica,mexico
26/04/2019,belize v. panama,belize won by 9 runs,belize,panama,belize
27/04/2019,mexico v. panama,panama won by 33 runs,mexico,panama,panama
27/04/2019,belize v. costa rica,belize won by 5 wickets,belize,costa rica,belize
05/05/2019,england v. pakistan,england won by 7 wickets,england,pakistan,england
11/05/2019,belgium v. germany,germany won by 9 runs,belgium,germany,germany
11/05/2019,belgium v. germany,germany won by 62 runs,belgium,germany,germany
12/05/2019,belgium v. germany,germany won by 6 wickets,belgium,germany,germany
19/05/2019,botswana v. namibia,match abandoned,botswana,namibia,draw
19/05/2019,ghana v. nigeria,match abandoned,ghana,nigeria,draw
19/05/2019,uganda v. kenya,match abandoned,uganda,kenya,draw
20/05/2019,kenya v. nigeria,kenya won by 8 wickets,kenya,nigeria,kenya
20/05/2019,ghana v. namibia,namibia won by 9 wickets,ghana,namibia,namibia
20/05/2019,uganda v. botswana,uganda won by 52 runs,uganda,botswana,uganda
21/05/2019,uganda v. namibia,namibia won by 42 runs,uganda,namibia,namibia
21/05/2019,botswana v. nigeria,nigeria won by 11 runs,botswana,nigeria,nigeria
21/05/2019,ghana v. kenya,kenya won by 53 runs,ghana,kenya,kenya
22/05/2019,ghana v. nigeria,nigeria won by 28 runs,ghana,nigeria,nigeria
22/05/2019,botswana v. namibia,namibia won by 10 wickets,botswana,namibia,namibia
22/05/2019,uganda v. kenya,kenya won by 1 run,uganda,kenya,kenya
23/05/2019,botswana v. kenya,match abandoned,botswana,kenya,draw
23/05/2019,namibia v. nigeria,match abandoned,namibia,nigeria,draw
23/05/2019,uganda v. ghana,uganda won by 7 wickets,uganda,ghana,uganda
24/05/2019,botswana v. ghana,match abandoned,botswana,ghana,draw
24/05/2019,kenya v. namibia,match abandoned,kenya,namibia,draw
24/05/2019,uganda v. nigeria,match abandoned,uganda,nigeria,draw
25/05/2019,germany v. italy,italy won by 7 wickets,germany,italy,italy
25/05/2019,germany v. italy,italy won by 6 wickets,germany,italy,italy
31/05/2019,guernsey v. jersey,jersey won in super over after scores were tied,guernsey,jersey,jersey
01/06/2019,guernsey v. jersey,jersey won by 41 runs,guernsey,jersey,jersey
01/06/2019,guernsey v. jersey,jersey won by 76 runs,guernsey,jersey,jersey
15/06/2019,guernsey v. jersey,jersey won by 8 wickets,guernsey,jersey,jersey
15/06/2019,italy v. norway,italy won by 20 runs,italy,norway,italy
15/06/2019,guernsey v. germany,germany won by 5 wickets,guernsey,germany,germany
16/06/2019,germany v. italy,italy won by 5 wickets,germany,italy,italy
16/06/2019,denmark v. jersey,jersey won by 18 runs,denmark,jersey,jersey
16/06/2019,guernsey v. italy,italy won by 11 runs,guernsey,italy,italy
16/06/2019,jersey v. norway,jersey won by 80 runs,jersey,norway,jersey
17/06/2019,denmark v. norway,denmark won by 46 runs,denmark,norway,denmark
18/06/2019,guernsey v. denmark,no result,guernsey,denmark,draw
18/06/2019,germany v. norway,match abandoned,germany,norway,draw
18/06/2019,denmark v. italy,no result,denmark,italy,draw
18/06/2019,germany v. jersey,match abandoned,germany,jersey,draw
19/06/2019,guernsey v. norway,guernsey won by 4 wickets,guernsey,norway,guernsey
19/06/2019,italy v. jersey,jersey won by 73 runs,italy,jersey,jersey
19/06/2019,denmark v. germany,germany won by 7 wickets,denmark,germany,germany
20/06/2019,guernsey v. denmark,guernsey won by 6 runs,guernsey,denmark,guernsey
20/06/2019,germany v. norway,germany won by 7 wickets,germany,norway,germany
20/06/2019,denmark v. italy,denmark won by 30 runs,denmark,italy,denmark
20/06/2019,germany v. jersey,germany won by 3 wickets,germany,jersey,germany
23/06/2019,netherlands v. zimbabwe,netherlands won by 49 runs,netherlands,zimbabwe,netherlands
24/06/2019,malaysia v. thailand,malaysia won by 5 wickets,malaysia,thailand,malaysia
25/06/2019,malaysia v. maldives,malaysia won by 73 runs,malaysia,maldives,malaysia
25/06/2019,netherlands v. zimbabwe,zimbabwe won in super over after scores were tied,netherlands,zimbabwe,zimbabwe
26/06/2019,maldives v. thailand,maldives won by 2 wickets,maldives,thailand,maldives
27/06/2019,malaysia v. thailand,malaysia won by 8 wickets,malaysia,thailand,malaysia
28/06/2019,malaysia v. maldives,no result,malaysia,maldives,draw
29/06/2019,maldives v. thailand,thailand won by 5 wickets,maldives,thailand,thailand
04/07/2019,qatar v. kuwait,kuwait won by 7 wickets,qatar,kuwait,kuwait
05/07/2019,qatar v. kuwait,qatar won in super over after scores were tied,qatar,kuwait,qatar
06/07/2019,qatar v. kuwait,qatar won by 3 wickets,qatar,kuwait,qatar
08/07/2019,samoa v. papua new guinea,papua new guinea won by 9 wickets,samoa,papua new guinea,papua new guinea
09/07/2019,papua new guinea v. vanuatu,papua new guinea won by 3 wickets,papua new guinea,vanuatu,papua new guinea
09/07/2019,samoa v. vanuatu,samoa won by 2 wickets,samoa,vanuatu,samoa
10/07/2019,ireland v. zimbabwe,match abandoned,ireland,zimbabwe,draw
10/07/2019,samoa v. papua new guinea,papua new guinea won by 7 wickets,samoa,papua new guinea,papua new guinea
12/07/2019,ireland v. zimbabwe,ireland won by 9 wickets,ireland,zimbabwe,ireland
12/07/2019,samoa v. vanuatu,vanuatu won by 32 runs,samoa,vanuatu,vanuatu
12/07/2019,papua new guinea v. vanuatu,papua new guinea won by 59 runs,papua new guinea,vanuatu,papua new guinea
13/07/2019,denmark v. finland,denmark won by 1 run,denmark,finland,denmark
13/07/2019,malaysia v. nepal,nepal won by 7 wickets,malaysia,nepal,nepal
13/07/2019,denmark v. finland,denmark won by 38 runs,denmark,finland,denmark
13/07/2019,papua new guinea v. vanuatu,papua new guinea won by 32 runs,papua new guinea,vanuatu,papua new guinea
14/07/2019,malaysia v. nepal,nepal won by 6 runs,malaysia,nepal,nepal
14/07/2019,ireland v. zimbabwe,zimbabwe won by 8 wickets,ireland,zimbabwe,zimbabwe
22/07/2019,singapore v. qatar,singapore won by 33 runs,singapore,qatar,singapore
22/07/2019,kuwait v. malaysia,malaysia won by 42 runs,kuwait,malaysia,malaysia
23/07/2019,nepal v. qatar,qatar won by 4 wickets,nepal,qatar,qatar
23/07/2019,singapore v. kuwait,match abandoned,singapore,kuwait,draw
24/07/2019,malaysia v. nepal,nepal won by 7 wickets,malaysia,nepal,nepal
26/07/2019,kuwait v. qatar,kuwait won by 10 runs,kuwait,qatar,kuwait
26/07/2019,singapore v. malaysia,singapore won by 8 wickets,singapore,malaysia,singapore
27/07/2019,kuwait v. nepal,nepal won by 7 wickets,kuwait,nepal,nepal
27/07/2019,malaysia v. qatar,qatar won by 4 wickets,malaysia,qatar,qatar
28/07/2019,singapore v. nepal,singapore won by 82 runs,singapore,nepal,singapore
03/08/2019,netherlands v. united arab emirates,united arab emirates won by 13 runs,netherlands,united arab emirates,united arab emirates
03/08/2019,west indies v. india,india won by 4 wickets,west indies,india,india
04/08/2019,west indies v. india,india won by 22 runs,west indies,india,india
05/08/2019,netherlands v. united arab emirates,united arab emirates won by 5 wickets,netherlands,united arab emirates,united arab emirates
06/08/2019,netherlands v. united arab emirates,united arab emirates won by 14 runs,netherlands,united arab emirates,united arab emirates
06/08/2019,west indies v. india,india won by 7 wickets,west indies,india,india
08/08/2019,netherlands v. united arab emirates,united arab emirates won by 7 wickets,netherlands,united arab emirates,united arab emirates
17/08/2019,finland v. spain,finland won by 82 runs,finland,spain,finland
17/08/2019,finland v. spain,spain won by 6 wickets,finland,spain,spain
18/08/2019,bermuda v. united states,bermuda won by 6 runs,bermuda,united states,bermuda
18/08/2019,canada v. cayman islands,canada won by 84 runs,canada,cayman islands,canada
18/08/2019,finland v. spain,spain won by 4 wickets,finland,spain,spain
19/08/2019,namibia v. botswana,namibia won by 93 runs,namibia,botswana,namibia
19/08/2019,bermuda v. canada,no result,bermuda,canada,draw
19/08/2019,cayman islands v. united states,united states won by 10 runs,cayman islands,united states,united states
20/08/2019,namibia v. botswana,namibia won by 123 runs,namibia,botswana,namibia
21/08/2019,bermuda v. cayman islands,bermuda won by 6 wickets,bermuda,cayman islands,bermuda
21/08/2019,canada v. united states,canada won by 4 wickets,canada,united states,canada
22/08/2019,namibia v. botswana,namibia won by 78 runs,namibia,botswana,namibia
22/08/2019,canada v. cayman islands,canada won by 8 wickets,canada,cayman islands,canada
22/08/2019,bermuda v. united states,bermuda won by 4 wickets,bermuda,united states,bermuda
23/08/2019,namibia v. botswana,namibia won by 8 wickets,namibia,botswana,namibia
24/08/2019,cayman islands v. united states,united states won by 9 wickets,cayman islands,united states,united states
24/08/2019,bermuda v. canada,canada won by 8 wickets,bermuda,canada,canada
25/08/2019,canada v. united states,canada won by 15 runs,canada,united states,canada
25/08/2019,bermuda v. cayman islands,bermuda won by 6 wickets,bermuda,cayman islands,bermuda
29/08/2019,romania v. austria,romania won by 31 runs,romania,austria,romania
29/08/2019,luxembourg v. turkey,luxembourg won by 8 wickets,luxembourg,turkey,luxembourg
29/08/2019,romania v. turkey,romania won by 173 runs,romania,turkey,romania
30/08/2019,austria v. czech republic,austria won by 8 wickets,austria,czech republic,austria
30/08/2019,romania v. luxembourg,romania won by 7 wickets,romania,luxembourg,romania
30/08/2019,czech republic v. turkey,czech republic won by 257 runs,czech republic,turkey,czech republic
31/08/2019,austria v. luxembourg,austria won by 135 runs,austria,luxembourg,austria
31/08/2019,romania v. czech republic,czech republic won by 6 wickets,romania,czech republic,czech republic
31/08/2019,austria v. turkey,austria won by 10 wickets,austria,turkey,austria
01/09/2019,sri lanka v. new zealand,new zealand won by 5 wickets,sri lanka,new zealand,new zealand
01/09/2019,czech republic v. luxembourg,czech republic won by 6 wickets,czech republic,luxembourg,czech republic
01/09/2019,austria v. czech republic,austria won by 30 runs,austria,czech republic,austria
03/09/2019,sri lanka v. new zealand,new zealand won by 4 wickets,sri lanka,new zealand,new zealand
06/09/2019,sri lanka v. new zealand,sri lanka won by 37 runs,sri lanka,new zealand,sri lanka
13/09/2019,bangladesh v. zimbabwe,bangladesh won by 3 wickets,bangladesh,zimbabwe,bangladesh
14/09/2019,afghanistan v. zimbabwe,afghanistan won by 28 runs,afghanistan,zimbabwe,afghanistan
15/09/2019,india v. south africa,match abandoned,india,south africa,draw
15/09/2019,ireland v. netherlands,match abandoned,ireland,netherlands,draw
15/09/2019,bangladesh v. afghanistan,afghanistan won by 25 runs,bangladesh,afghanistan,afghanistan
16/09/2019,netherlands v. scotland,scotland won by 58 runs,netherlands,scotland,scotland
17/09/2019,ireland v. scotland,ireland won by 4 wickets,ireland,scotland,ireland
18/09/2019,india v. south africa,india won by 7 wickets,india,south africa,india
18/09/2019,bangladesh v. zimbabwe,bangladesh won by 39 runs,bangladesh,zimbabwe,bangladesh
18/09/2019,ireland v. netherlands,netherlands won by 6 wickets,ireland,netherlands,netherlands
19/09/2019,netherlands v. scotland,scotland won by 6 wickets,netherlands,scotland,scotland
20/09/2019,afghanistan v. zimbabwe,zimbabwe won by 7 wickets,afghanistan,zimbabwe,zimbabwe
20/09/2019,ireland v. scotland,ireland won by 1 run,ireland,scotland,ireland
21/09/2019,bangladesh v. afghanistan,bangladesh won by 4 wickets,bangladesh,afghanistan,bangladesh
22/09/2019,india v. south africa,south africa won by 9 wickets,india,south africa,south africa
24/09/2019,bangladesh v. afghanistan,match abandoned,bangladesh,afghanistan,draw
27/09/2019,nepal v. zimbabwe,zimbabwe won by 5 wickets,nepal,zimbabwe,zimbabwe
28/09/2019,singapore v. nepal,nepal won by 9 wickets,singapore,nepal,nepal
29/09/2019,malaysia v. vanuatu,vanuatu won by 17 runs,malaysia,vanuatu,vanuatu
29/09/2019,singapore v. zimbabwe,singapore won by 4 runs,singapore,zimbabwe,singapore
01/10/2019,nepal v. zimbabwe,zimbabwe won by 40 runs,nepal,zimbabwe,zimbabwe
02/10/2019,malaysia v. vanuatu,vanuatu won by 51 runs,malaysia,vanuatu,vanuatu
02/10/2019,malaysia v. vanuatu,malaysia won by 26 runs,malaysia,vanuatu,malaysia
02/10/2019,singapore v. nepal,match abandoned,singapore,nepal,draw
03/10/2019,argentina v. mexico,argentina won by 9 wickets,argentina,mexico,argentina
03/10/2019,brazil v. chile,brazil won by 35 runs,brazil,chile,brazil
03/10/2019,peru v. brazil,peru won by 2 runs,peru,brazil,peru
03/10/2019,malaysia v. vanuatu,vanuatu won by 6 wickets,malaysia,vanuatu,vanuatu
03/10/2019,singapore v. zimbabwe,zimbabwe won by 8 wickets,singapore,zimbabwe,zimbabwe
04/10/2019,chile v. mexico,chile won by 4 wickets,chile,mexico,chile
04/10/2019,malaysia v. vanuatu,malaysia won by 22 runs,malaysia,vanuatu,malaysia
04/10/2019,peru v. argentina,argentina won by 7 wickets,peru,argentina,argentina
04/10/2019,argentina v. brazil,argentina won by 29 runs,argentina,brazil,argentina
05/10/2019,oman v. hong kong,oman won by 7 wickets,oman,hong kong,oman
05/10/2019,pakistan v. sri lanka,sri lanka won by 64 runs,pakistan,sri lanka,sri lanka
05/10/2019,ireland v. netherlands,ireland won by 6 wickets,ireland,netherlands,ireland
05/10/2019,argentina v. chile,argentina won by 28 runs,argentina,chile,argentina
05/10/2019,peru v. mexico,mexico won by 39 runs,peru,mexico,mexico
05/10/2019,peru v. chile,peru won by 60 runs,peru,chile,peru
05/10/2019,brazil v. mexico,mexico won by 20 runs,brazil,mexico,mexico
06/10/2019,oman v. ireland,oman won by 43 runs,oman,ireland,oman
06/10/2019,hong kong v. nepal,nepal won by 4 wickets,hong kong,nepal,nepal
06/10/2019,argentina v. mexico,argentina won by 4 wickets,argentina,mexico,argentina
07/10/2019,pakistan v. sri lanka,sri lanka won by 35 runs,pakistan,sri lanka,sri lanka
07/10/2019,netherlands v. nepal,nepal won by 4 wickets,netherlands,nepal,nepal
07/10/2019,hong kong v. ireland,ireland won by 66 runs,hong kong,ireland,ireland
09/10/2019,qatar v. jersey,qatar won by 20 runs,qatar,jersey,qatar
09/10/2019,pakistan v. sri lanka,sri lanka won by 13 runs,pakistan,sri lanka,sri lanka
09/10/2019,ireland v. nepal,ireland won by 13 runs,ireland,nepal,ireland
09/10/2019,oman v. netherlands,oman won by 7 wickets,oman,netherlands,oman
10/10/2019,qatar v. jersey,qatar won by 6 wickets,qatar,jersey,qatar
10/10/2019,hong kong v. netherlands,netherlands won by 37 runs,hong kong,netherlands,netherlands
10/10/2019,oman v. nepal,oman won by 6 wickets,oman,nepal,oman
11/10/2019,qatar v. jersey,qatar won by 8 wickets,qatar,jersey,qatar
14/10/2019,bulgaria v. serbia,bulgaria won by 6 wickets,bulgaria,serbia,bulgaria
15/10/2019,greece v. serbia,greece won by 10 wickets,greece,serbia,greece
16/10/2019,greece v. bulgaria,greece won by 9 wickets,greece,bulgaria,greece
18/10/2019,malta v. czech republic,czech republic won by 12 runs,malta,czech republic,czech republic
18/10/2019,scotland v. singapore,singapore won by 2 runs,scotland,singapore,singapore
18/10/2019,hong kong v. ireland,ireland won by 8 wickets,hong kong,ireland,ireland
18/10/2019,kenya v. netherlands,netherlands won by 30 runs,kenya,netherlands,netherlands
18/10/2019,greece v. bulgaria,bulgaria won by 18 runs,greece,bulgaria,bulgaria
18/10/2019,united arab emirates v. oman,oman won by 7 wickets,united arab emirates,oman,oman
19/10/2019,bermuda v. papua new guinea,papua new guinea won by 10 wickets,bermuda,papua new guinea,papua new guinea
19/10/2019,jersey v. nigeria,jersey won by 69 runs,jersey,nigeria,jersey
19/10/2019,namibia v. netherlands,netherlands won by 44 runs,namibia,netherlands,netherlands
19/10/2019,kenya v. scotland,scotland won by 31 runs,kenya,scotland,scotland
19/10/2019,united arab emirates v. ireland,united arab emirates won by 5 wickets,united arab emirates,ireland,united arab emirates
20/10/2019,malta v. czech republic,czech republic won by 82 runs,malta,czech republic,czech republic
20/10/2019,namibia v. papua new guinea,papua new guinea won by 81 runs,namibia,papua new guinea,papua new guinea
20/10/2019,canada v. jersey,canada won by 53 runs,canada,jersey,canada
20/10/2019,bermuda v. singapore,singapore won by 5 wickets,bermuda,singapore,singapore
20/10/2019,hong kong v. oman,oman won by 7 wickets,hong kong,oman,oman
21/10/2019,papua new guinea v. scotland,scotland won by 4 runs,papua new guinea,scotland,scotland
21/10/2019,united arab emirates v. hong kong,united arab emirates won by 8 wickets,united arab emirates,hong kong,united arab emirates
21/10/2019,ireland v. oman,ireland won by 35 runs,ireland,oman,ireland
21/10/2019,bermuda v. kenya,kenya won by 45 runs,bermuda,kenya,kenya
21/10/2019,canada v. nigeria,canada won by 50 runs,canada,nigeria,canada
22/10/2019,namibia v. scotland,namibia won by 24 runs,namibia,scotland,namibia
22/10/2019,netherlands v. singapore,netherlands won by 5 wickets,netherlands,singapore,netherlands
22/10/2019,united arab emirates v. jersey,jersey won by 35 runs,united arab emirates,jersey,jersey
23/10/2019,bermuda v. namibia,namibia won by 6 wickets,bermuda,namibia,namibia
23/10/2019,nigeria v. oman,oman won by 7 wickets,nigeria,oman,oman
23/10/2019,kenya v. singapore,kenya won by 7 wickets,kenya,singapore,kenya
23/10/2019,canada v. ireland,canada won by 10 runs,canada,ireland,canada
23/10/2019,hong kong v. jersey,hong kong won by 8 runs,hong kong,jersey,hong kong
24/10/2019,netherlands v. papua new guinea,papua new guinea won by 5 wickets,netherlands,papua new guinea,papua new guinea
24/10/2019,united arab emirates v. nigeria,united arab emirates won by 5 wickets,united arab emirates,nigeria,united arab emirates
24/10/2019,canada v. hong kong,hong kong won by 32 runs,canada,hong kong,hong kong
24/10/2019,bermuda v. scotland,scotland won by 46 runs,bermuda,scotland,scotland
25/10/2019,spain v. portugal,spain won by 8 wickets,spain,portugal,spain
25/10/2019,papua new guinea v. singapore,papua new guinea won by 43 runs,papua new guinea,singapore,papua new guinea
25/10/2019,ireland v. jersey,ireland won by 8 wickets,ireland,jersey,ireland
25/10/2019,kenya v. namibia,namibia won by 87 runs,kenya,namibia,namibia
25/10/2019,canada v. oman,oman won by 8 wickets,canada,oman,oman
26/10/2019,gibraltar v. portugal,portugal won by 6 wickets,gibraltar,portugal,portugal
26/10/2019,spain v. gibraltar,spain won by 8 wickets,spain,gibraltar,spain
26/10/2019,spain v. portugal,spain won by 29 runs,spain,portugal,spain
26/10/2019,ireland v. nigeria,ireland won by 8 wickets,ireland,nigeria,ireland
26/10/2019,bermuda v. netherlands,netherlands won by 92 runs,bermuda,netherlands,netherlands
26/10/2019,namibia v. singapore,namibia won by 87 runs,namibia,singapore,namibia
27/10/2019,australia v. sri lanka,australia won by 134 runs,australia,sri lanka,australia
27/10/2019,gibraltar v. portugal,portugal won by 4 wickets,gibraltar,portugal,portugal
27/10/2019,spain v. gibraltar,spain won by 6 wickets,spain,gibraltar,spain
27/10/2019,kenya v. papua new guinea,papua new guinea won by 45 runs,kenya,papua new guinea,papua new guinea
27/10/2019,hong kong v. nigeria,hong kong won by 5 wickets,hong kong,nigeria,hong kong
27/10/2019,jersey v. oman,jersey won by 14 runs,jersey,oman,jersey
27/10/2019,scotland v. netherlands,netherlands won by 4 wickets,scotland,netherlands,netherlands
27/10/2019,united arab emirates v. canada,united arab emirates won by 14 runs,united arab emirates,canada,united arab emirates
29/10/2019,united arab emirates v. netherlands,netherlands won by 8 wickets,united arab emirates,netherlands,netherlands
29/10/2019,namibia v. oman,namibia won by 54 runs,namibia,oman,namibia
30/10/2019,australia v. sri lanka,australia won by 9 wickets,australia,sri lanka,australia
30/10/2019,united arab emirates v. scotland,scotland won by 90 runs,united arab emirates,scotland,scotland
30/10/2019,hong kong v. oman,oman won by 12 runs,hong kong,oman,oman
31/10/2019,oman v. scotland,scotland won by 5 wickets,oman,scotland,scotland
01/11/2019,new zealand v. england,england won by 7 wickets,new zealand,england,england
01/11/2019,australia v. sri lanka,australia won by 7 wickets,australia,sri lanka,australia
01/11/2019,ireland v. netherlands,netherlands won by 21 runs,ireland,netherlands,netherlands
01/11/2019,namibia v. papua new guinea,papua new guinea won by 18 runs,namibia,papua new guinea,papua new guinea
02/11/2019,ireland v. namibia,ireland won by 27 runs,ireland,namibia,ireland
02/11/2019,netherlands v. papua new guinea,netherlands won by 7 wickets,netherlands,papua new guinea,netherlands
03/11/2019,australia v. pakistan,no result,australia,pakistan,draw
03/11/2019,india v. bangladesh,bangladesh won by 7 wickets,india,bangladesh,bangladesh
03/11/2019,new zealand v. england,new zealand won by 21 runs,new zealand,england,new zealand
05/11/2019,australia v. pakistan,australia won by 7 wickets,australia,pakistan,australia
05/11/2019,new zealand v. england,new zealand won by 14 runs,new zealand,england,new zealand
06/11/2019,malawi v. mozambique,malawi won by 3 wickets,malawi,mozambique,malawi
06/11/2019,malawi v. mozambique,malawi won by 7 wickets,malawi,mozambique,malawi
07/11/2019,india v. bangladesh,india won by 8 wickets,india,bangladesh,india
07/11/2019,malawi v. mozambique,malawi won by 25 runs,malawi,mozambique,malawi
07/11/2019,malawi v. mozambique,malawi won by 4 wickets,malawi,mozambique,malawi
08/11/2019,australia v. pakistan,australia won by 10 wickets,australia,pakistan,australia
08/11/2019,new zealand v. england,england won by 76 runs,new zealand,england,england
09/11/2019,malawi v. mozambique,malawi won by 15 runs,malawi,mozambique,malawi
09/11/2019,malawi v. mozambique,no result,malawi,mozambique,draw
10/11/2019,india v. bangladesh,india won by 30 runs,india,bangladesh,india
10/11/2019,new zealand v. england,england won in super over after scores were tied,new zealand,england,england
10/11/2019,malawi v. mozambique,mozambique won by 11 runs,malawi,mozambique,mozambique
14/11/2019,afghanistan v. west indies,west indies won by 30 runs,afghanistan,west indies,west indies
16/11/2019,afghanistan v. west indies,afghanistan won by 41 runs,afghanistan,west indies,afghanistan
17/11/2019,afghanistan v. west indies,afghanistan won by 29 runs,afghanistan,west indies,afghanistan
05/12/2019,nepal v. bhutan,nepal won by 141 runs,nepal,bhutan,nepal
06/12/2019,india v. west indies,india won by 6 wickets,india,west indies,india
06/12/2019,nepal v. maldives,nepal won by 84 runs,nepal,maldives,nepal
07/12/2019,bhutan v. maldives,maldives won by 8 wickets,bhutan,maldives,maldives
08/12/2019,india v. west indies,west indies won by 8 wickets,india,west indies,west indies
09/12/2019,nepal v. maldives,nepal won by 5 wickets,nepal,maldives,nepal
11/12/2019,india v. west indies,india won by 67 runs,india,west indies,india
