date,countries,result,team1,team2,winner
18/01/2008,south africa v. west indies,south africa won by 4 wickets,south africa,west indies,south africa
01/02/2008,australia v. india,australia won by 9 wickets,australia,india,australia
05/02/2008,new zealand v. england,england won by 32 runs,new zealand,england,england
07/02/2008,new zealand v. england,england won by 50 runs,new zealand,england,england
20/04/2008,pakistan v. bangladesh,pakistan won by 102 runs,pakistan,bangladesh,pakistan
13/06/2008,england v. new zealand,england won by 9 wickets,england,new zealand,england
20/06/2008,west indies v. australia,west indies won by 7 wickets,west indies,australia,west indies
02/08/2008,kenya v. netherlands,netherlands won by 19 runs,kenya,netherlands,netherlands
02/08/2008,ireland v. scotland,ireland won by 4 runs,ireland,scotland,ireland
02/08/2008,canada v. netherlands,canada won by 4 wickets,canada,netherlands,canada
03/08/2008,bermuda v. scotland,scotland won by 8 wickets,bermuda,scotland,scotland
03/08/2008,canada v. kenya,kenya won by 4 wickets,canada,kenya,kenya
03/08/2008,ireland v. bermuda,ireland won by 4 runs,ireland,bermuda,ireland
04/08/2008,ireland v. kenya,ireland won by 4 wickets,ireland,kenya,ireland
04/08/2008,netherlands v. scotland,netherlands won by 5 wickets,netherlands,scotland,netherlands
04/08/2008,kenya v. scotland,scotland won by 9 wickets,kenya,scotland,scotland
05/08/2008,bermuda v. canada,canada won by 8 wickets,bermuda,canada,canada
05/08/2008,ireland v. netherlands,no result,ireland,netherlands,draw
20/08/2008,england v. south africa,match abandoned,england,south africa,draw
10/10/2008,sri lanka v. zimbabwe,sri lanka won by 5 wickets,sri lanka,zimbabwe,sri lanka
10/10/2008,canada v. pakistan,pakistan won by 35 runs,canada,pakistan,pakistan
11/10/2008,canada v. zimbabwe,zimbabwe won in bowl-out after scores were tied,canada,zimbabwe,zimbabwe
11/10/2008,pakistan v. sri lanka,pakistan won by 3 wickets,pakistan,sri lanka,pakistan
12/10/2008,pakistan v. zimbabwe,pakistan won by 7 wickets,pakistan,zimbabwe,pakistan
12/10/2008,canada v. sri lanka,sri lanka won by 15 runs,canada,sri lanka,sri lanka
13/10/2008,canada v. zimbabwe,zimbabwe won by 109 runs,canada,zimbabwe,zimbabwe
13/10/2008,pakistan v. sri lanka,sri lanka won by 5 wickets,pakistan,sri lanka,sri lanka
05/11/2008,south africa v. bangladesh,south africa won by 12 runs,south africa,bangladesh,south africa
26/12/2008,new zealand v. west indies,west indies won in super over after scores were tied,new zealand,west indies,west indies
28/12/2008,new zealand v. west indies,new zealand won by 36 runs,new zealand,west indies,new zealand
