date,countries,result,team1,team2,winner
03/01/2017,new zealand v. bangladesh,new zealand won by 6 wickets,new zealand,bangladesh,new zealand
06/01/2017,new zealand v. bangladesh,new zealand won by 47 runs,new zealand,bangladesh,new zealand
08/01/2017,new zealand v. bangladesh,new zealand won by 27 runs,new zealand,bangladesh,new zealand
14/01/2017,hong kong v. scotland,scotland won by 24 runs,hong kong,scotland,scotland
14/01/2017,afghanistan v. ireland,afghanistan won by 5 wickets,afghanistan,ireland,afghanistan
15/01/2017,netherlands v. oman,netherlands won by 5 wickets,netherlands,oman,netherlands
16/01/2017,hong kong v. oman,oman won by 7 wickets,hong kong,oman,oman
16/01/2017,united arab emirates v. afghanistan,afghanistan won by 5 wickets,united arab emirates,afghanistan,afghanistan
17/01/2017,netherlands v. scotland,scotland won by 7 runs,netherlands,scotland,scotland
18/01/2017,united arab emirates v. ireland,ireland won by 24 runs,united arab emirates,ireland,ireland
18/01/2017,hong kong v. netherlands,hong kong won by 91 runs,hong kong,netherlands,hong kong
19/01/2017,oman v. scotland,scotland won by 7 wickets,oman,scotland,scotland
20/01/2017,south africa v. sri lanka,south africa won by 19 runs,south africa,sri lanka,south africa
20/01/2017,afghanistan v. oman,afghanistan won by 8 wickets,afghanistan,oman,afghanistan
20/01/2017,ireland v. scotland,ireland won by 98 runs,ireland,scotland,ireland
20/01/2017,afghanistan v. ireland,afghanistan won by 10 wickets,afghanistan,ireland,afghanistan
22/01/2017,south africa v. sri lanka,sri lanka won by 3 wickets,south africa,sri lanka,sri lanka
25/01/2017,south africa v. sri lanka,sri lanka won by 5 wickets,south africa,sri lanka,sri lanka
26/01/2017,india v. england,england won by 7 wickets,india,england,england
29/01/2017,india v. england,india won by 5 runs,india,england,india
01/02/2017,india v. england,india won by 75 runs,india,england,india
17/02/2017,australia v. sri lanka,sri lanka won by 5 wickets,australia,sri lanka,sri lanka
17/02/2017,new zealand v. south africa,south africa won by 78 runs,new zealand,south africa,south africa
19/02/2017,australia v. sri lanka,sri lanka won by 2 wickets,australia,sri lanka,sri lanka
22/02/2017,australia v. sri lanka,australia won by 41 runs,australia,sri lanka,australia
08/03/2017,afghanistan v. ireland,afghanistan won by 6 wickets,afghanistan,ireland,afghanistan
10/03/2017,afghanistan v. ireland,afghanistan won by 17 runs,afghanistan,ireland,afghanistan
12/03/2017,afghanistan v. ireland,afghanistan won by 28 runs,afghanistan,ireland,afghanistan
26/03/2017,west indies v. pakistan,pakistan won by 6 wickets,west indies,pakistan,pakistan
30/03/2017,west indies v. pakistan,pakistan won by 3 runs,west indies,pakistan,pakistan
01/04/2017,west indies v. pakistan,west indies won by 7 wickets,west indies,pakistan,west indies
02/04/2017,west indies v. pakistan,pakistan won by 7 wickets,west indies,pakistan,pakistan
04/04/2017,sri lanka v. bangladesh,sri lanka won by 6 wickets,sri lanka,bangladesh,sri lanka
06/04/2017,sri lanka v. bangladesh,bangladesh won by 45 runs,sri lanka,bangladesh,bangladesh
12/04/2017,united arab emirates v. papua new guinea,united arab emirates won by 5 wickets,united arab emirates,papua new guinea,united arab emirates
14/04/2017,united arab emirates v. papua new guinea,united arab emirates won by 30 runs,united arab emirates,papua new guinea,united arab emirates
14/04/2017,united arab emirates v. papua new guinea,united arab emirates won by 5 wickets,united arab emirates,papua new guinea,united arab emirates
02/06/2017,west indies v. afghanistan,west indies won by 6 wickets,west indies,afghanistan,west indies
03/06/2017,west indies v. afghanistan,west indies won by 29 runs,west indies,afghanistan,west indies
05/06/2017,west indies v. afghanistan,west indies won by 7 wickets,west indies,afghanistan,west indies
21/06/2017,england v. south africa,england won by 9 wickets,england,south africa,england
23/06/2017,england v. south africa,south africa won by 3 runs,england,south africa,south africa
25/06/2017,england v. south africa,england won by 19 runs,england,south africa,england
09/07/2017,west indies v. india,west indies won by 9 wickets,west indies,india,west indies
06/09/2017,sri lanka v. india,india won by 7 wickets,sri lanka,india,india
12/09/2017,pakistan v. icc world xi,pakistan won by 20 runs,pakistan,icc world xi,pakistan
13/09/2017,pakistan v. icc world xi,icc world xi won by 7 wickets,pakistan,icc world xi,icc world xi
15/09/2017,pakistan v. icc world xi,pakistan won by 33 runs,pakistan,icc world xi,pakistan
16/09/2017,england v. west indies,west indies won by 21 runs,england,west indies,west indies
07/10/2017,india v. australia,india won by 9 wickets,india,australia,india
10/10/2017,india v. australia,australia won by 8 wickets,india,australia,australia
13/10/2017,india v. australia,match abandoned,india,australia,draw
26/10/2017,pakistan v. sri lanka,pakistan won by 7 wickets,pakistan,sri lanka,pakistan
26/10/2017,south africa v. bangladesh,south africa won by 20 runs,south africa,bangladesh,south africa
27/10/2017,pakistan v. sri lanka,pakistan won by 2 wickets,pakistan,sri lanka,pakistan
29/10/2017,south africa v. bangladesh,south africa won by 83 runs,south africa,bangladesh,south africa
29/10/2017,pakistan v. sri lanka,pakistan won by 36 runs,pakistan,sri lanka,pakistan
01/11/2017,india v. new zealand,india won by 53 runs,india,new zealand,india
04/11/2017,india v. new zealand,new zealand won by 40 runs,india,new zealand,new zealand
07/11/2017,india v. new zealand,india won by 6 runs,india,new zealand,india
20/12/2017,india v. sri lanka,india won by 93 runs,india,sri lanka,india
22/12/2017,india v. sri lanka,india won by 88 runs,india,sri lanka,india
24/12/2017,india v. sri lanka,india won by 5 wickets,india,sri lanka,india
29/12/2017,new zealand v. west indies,new zealand won by 47 runs,new zealand,west indies,new zealand
