date,countries,result,team1,team2,winner
11/02/2021,pakistan v. south africa,pakistan won by 3 runs,pakistan,south africa,pakistan
13/02/2021,pakistan v. south africa,south africa won by 6 wickets,pakistan,south africa,south africa
14/02/2021,pakistan v. south africa,pakistan won by 4 wickets,pakistan,south africa,pakistan
22/02/2021,new zealand v. australia,new zealand won by 53 runs,new zealand,australia,new zealand
25/02/2021,new zealand v. australia,new zealand won by 4 runs,new zealand,australia,new zealand
03/03/2021,west indies v. sri lanka,west indies won by 4 wickets,west indies,sri lanka,west indies
03/03/2021,new zealand v. australia,australia won by 64 runs,new zealand,australia,australia
05/03/2021,west indies v. sri lanka,sri lanka won by 43 runs,west indies,sri lanka,sri lanka
05/03/2021,new zealand v. australia,australia won by 50 runs,new zealand,australia,australia
07/03/2021,west indies v. sri lanka,west indies won by 3 wickets,west indies,sri lanka,west indies
07/03/2021,new zealand v. australia,new zealand won by 7 wickets,new zealand,australia,new zealand
12/03/2021,india v. england,england won by 8 wickets,india,england,england
14/03/2021,india v. england,india won by 7 wickets,india,england,india
16/03/2021,india v. england,england won by 8 wickets,india,england,england
17/03/2021,afghanistan v. zimbabwe,afghanistan won by 48 runs,afghanistan,zimbabwe,afghanistan
18/03/2021,india v. england,india won by 8 runs,india,england,india
19/03/2021,afghanistan v. zimbabwe,afghanistan won by 45 runs,afghanistan,zimbabwe,afghanistan
20/03/2021,afghanistan v. zimbabwe,afghanistan won by 47 runs,afghanistan,zimbabwe,afghanistan
20/03/2021,india v. england,india won by 36 runs,india,england,india
28/03/2021,new zealand v. bangladesh,new zealand won by 66 runs,new zealand,bangladesh,new zealand
30/03/2021,new zealand v. bangladesh,new zealand won by 28 runs,new zealand,bangladesh,new zealand
01/04/2021,new zealand v. bangladesh,new zealand won by 65 runs,new zealand,bangladesh,new zealand
03/04/2021,namibia v. uganda,namibia won by 7 wickets,namibia,uganda,namibia
05/04/2021,namibia v. uganda,namibia won by 20 runs,namibia,uganda,namibia
05/04/2021,namibia v. uganda,namibia won by 65 runs,namibia,uganda,namibia
10/04/2021,south africa v. pakistan,pakistan won by 4 wickets,south africa,pakistan,pakistan
12/04/2021,south africa v. pakistan,south africa won by 6 wickets,south africa,pakistan,south africa
14/04/2021,south africa v. pakistan,pakistan won by 9 wickets,south africa,pakistan,pakistan
16/04/2021,south africa v. pakistan,pakistan won by 3 wickets,south africa,pakistan,pakistan
17/04/2021,nepal v. netherlands,nepal won by 9 wickets,nepal,netherlands,nepal
18/04/2021,malaysia v. netherlands,netherlands won by 15 runs,malaysia,netherlands,netherlands
19/04/2021,nepal v. malaysia,nepal won by 9 wickets,nepal,malaysia,nepal
20/04/2021,nepal v. netherlands,netherlands won by 3 wickets,nepal,netherlands,netherlands
21/04/2021,zimbabwe v. pakistan,pakistan won by 11 runs,zimbabwe,pakistan,pakistan
21/04/2021,malaysia v. netherlands,match tied,malaysia,netherlands,draw
22/04/2021,nepal v. malaysia,nepal won by 69 runs,nepal,malaysia,nepal
23/04/2021,zimbabwe v. pakistan,zimbabwe won by 19 runs,zimbabwe,pakistan,zimbabwe
24/04/2021,nepal v. netherlands,nepal won by 142 runs,nepal,netherlands,nepal
25/04/2021,zimbabwe v. pakistan,pakistan won by 24 runs,zimbabwe,pakistan,pakistan
21/05/2021,czech republic v. luxembourg,czech republic won by 9 wickets,czech republic,luxembourg,czech republic
21/05/2021,austria v. luxembourg,austria won by 5 runs,austria,luxembourg,austria
22/05/2021,czech republic v. austria,austria won by 78 runs,czech republic,austria,austria
22/05/2021,czech republic v. luxembourg,luxembourg won by 6 wickets,czech republic,luxembourg,luxembourg
23/05/2021,austria v. luxembourg,luxembourg won by 5 wickets,austria,luxembourg,luxembourg
23/05/2021,czech republic v. austria,austria won by 4 wickets,czech republic,austria,austria
23/06/2021,england v. sri lanka,england won by 8 wickets,england,sri lanka,england
24/06/2021,bulgaria v. serbia,bulgaria won by 61 runs,bulgaria,serbia,bulgaria
24/06/2021,england v. sri lanka,england won by 5 wickets,england,sri lanka,england
24/06/2021,greece v. romania,romania won by 3 wickets,greece,romania,romania
25/06/2021,greece v. serbia,greece won by 5 wickets,greece,serbia,greece
25/06/2021,bulgaria v. romania,romania won by 7 wickets,bulgaria,romania,romania
25/06/2021,romania v. serbia,romania won by 91 runs,romania,serbia,romania
26/06/2021,west indies v. south africa,west indies won by 8 wickets,west indies,south africa,west indies
26/06/2021,england v. sri lanka,england won by 89 runs,england,sri lanka,england
26/06/2021,bulgaria v. greece,bulgaria won by 64 runs,bulgaria,greece,bulgaria
26/06/2021,romania v. serbia,romania won by 10 wickets,romania,serbia,romania
26/06/2021,bulgaria v. greece,no result,bulgaria,greece,draw
27/06/2021,west indies v. south africa,south africa won by 16 runs,west indies,south africa,south africa
27/06/2021,bulgaria v. romania,romania won by 7 wickets,bulgaria,romania,romania
29/06/2021,west indies v. south africa,south africa won by 1 run,west indies,south africa,south africa
01/07/2021,west indies v. south africa,west indies won by 21 runs,west indies,south africa,west indies
03/07/2021,west indies v. south africa,south africa won by 25 runs,west indies,south africa,south africa
08/07/2021,malta v. belgium,malta won by 6 wickets,malta,belgium,malta
08/07/2021,malta v. belgium,belgium won by 10 wickets,malta,belgium,belgium
09/07/2021,west indies v. australia,west indies won by 18 runs,west indies,australia,west indies
09/07/2021,malta v. belgium,belgium won by 4 wickets,malta,belgium,belgium
10/07/2021,west indies v. australia,west indies won by 56 runs,west indies,australia,west indies
10/07/2021,malta v. belgium,malta won by 2 runs (penalty),malta,belgium,malta
10/07/2021,malta v. belgium,belgium won by 39 runs,malta,belgium,belgium
12/07/2021,west indies v. australia,west indies won by 6 wickets,west indies,australia,west indies
14/07/2021,west indies v. australia,australia won by 4 runs,west indies,australia,australia
16/07/2021,west indies v. australia,west indies won by 16 runs,west indies,australia,west indies
17/07/2021,england v. pakistan,pakistan won by 31 runs,england,pakistan,pakistan
18/07/2021,england v. pakistan,england won by 45 runs,england,pakistan,england
19/07/2021,ireland v. south africa,south africa won by 33 runs,ireland,south africa,south africa
20/07/2021,england v. pakistan,england won by 3 wickets,england,pakistan,england
22/07/2021,zimbabwe v. bangladesh,bangladesh won by 8 wickets,zimbabwe,bangladesh,bangladesh
22/07/2021,ireland v. south africa,south africa won by 42 runs,ireland,south africa,south africa
23/07/2021,zimbabwe v. bangladesh,zimbabwe won by 23 runs,zimbabwe,bangladesh,zimbabwe
24/07/2021,belgium v. austria,belgium won by 7 wickets,belgium,austria,belgium
24/07/2021,belgium v. austria,belgium won by 12 runs,belgium,austria,belgium
24/07/2021,ireland v. south africa,south africa won by 49 runs,ireland,south africa,south africa
25/07/2021,sri lanka v. india,india won by 38 runs,sri lanka,india,india
25/07/2021,belgium v. austria,austria won by 6 wickets,belgium,austria,austria
25/07/2021,zimbabwe v. bangladesh,bangladesh won by 5 wickets,zimbabwe,bangladesh,bangladesh
28/07/2021,west indies v. pakistan,no result,west indies,pakistan,draw
28/07/2021,sri lanka v. india,sri lanka won by 4 wickets,sri lanka,india,sri lanka
29/07/2021,sri lanka v. india,sri lanka won by 7 wickets,sri lanka,india,sri lanka
31/07/2021,west indies v. pakistan,pakistan won by 7 runs,west indies,pakistan,pakistan
01/08/2021,west indies v. pakistan,no result,west indies,pakistan,draw
03/08/2021,bangladesh v. australia,bangladesh won by 23 runs,bangladesh,australia,bangladesh
03/08/2021,west indies v. pakistan,no result,west indies,pakistan,draw
04/08/2021,bangladesh v. australia,bangladesh won by 5 wickets,bangladesh,australia,bangladesh
05/08/2021,germany v. norway,germany won by 5 wickets,germany,norway,germany
05/08/2021,france v. norway,france won by 4 wickets,france,norway,france
06/08/2021,bangladesh v. australia,bangladesh won by 10 runs,bangladesh,australia,bangladesh
06/08/2021,germany v. france,germany won by 2 wickets,germany,france,germany
07/08/2021,bangladesh v. australia,australia won by 3 wickets,bangladesh,australia,australia
07/08/2021,germany v. france,germany won by 48 runs,germany,france,germany
07/08/2021,france v. norway,norway won by 3 runs,france,norway,norway
08/08/2021,germany v. norway,norway won by 51 runs,germany,norway,norway
08/08/2021,germany v. norway,germany won by 6 wickets,germany,norway,germany
09/08/2021,bangladesh v. australia,bangladesh won by 60 runs,bangladesh,australia,bangladesh
14/08/2021,denmark v. sweden,denmark won by 8 runs,denmark,sweden,denmark
14/08/2021,denmark v. sweden,sweden won by 3 wickets,denmark,sweden,sweden
15/08/2021,denmark v. sweden,denmark won by 6 wickets,denmark,sweden,denmark
18/08/2021,rwanda v. ghana,rwanda won by 1 wicket,rwanda,ghana,rwanda
18/08/2021,rwanda v. ghana,ghana won by 2 wickets,rwanda,ghana,ghana
19/08/2021,portugal v. malta,portugal won by 6 wickets,portugal,malta,portugal
20/08/2021,gibraltar v. malta,malta won by 8 wickets,gibraltar,malta,malta
20/08/2021,rwanda v. ghana,rwanda won by 57 runs,rwanda,ghana,rwanda
20/08/2021,rwanda v. ghana,ghana won by 136 runs (opposition conceded),rwanda,ghana,ghana
21/08/2021,finland v. sweden,finland won by 4 wickets,finland,sweden,finland
21/08/2021,finland v. sweden,finland won by 4 wickets,finland,sweden,finland
21/08/2021,portugal v. gibraltar,portugal won by 96 runs,portugal,gibraltar,portugal
21/08/2021,malta v. gibraltar,malta won by 4 runs,malta,gibraltar,malta
21/08/2021,rwanda v. ghana,ghana won by 7 wickets,rwanda,ghana,ghana
22/08/2021,finland v. sweden,sweden won by 3 wickets,finland,sweden,sweden
22/08/2021,finland v. sweden,sweden won by 6 wickets,finland,sweden,sweden
22/08/2021,portugal v. gibraltar,portugal won by 110 runs,portugal,gibraltar,portugal
22/08/2021,portugal v. malta,portugal won by 3 wickets,portugal,malta,portugal
27/08/2021,ireland v. zimbabwe,zimbabwe won by 3 runs,ireland,zimbabwe,zimbabwe
29/08/2021,ireland v. zimbabwe,ireland won by 7 wickets,ireland,zimbabwe,ireland
01/09/2021,bangladesh v. new zealand,bangladesh won by 7 wickets,bangladesh,new zealand,bangladesh
01/09/2021,ireland v. zimbabwe,ireland won by 40 runs,ireland,zimbabwe,ireland
02/09/2021,bulgaria v. luxembourg,luxembourg won by 62 runs,bulgaria,luxembourg,luxembourg
02/09/2021,czech republic v. hungary,hungary won by 5 runs,czech republic,hungary,hungary
02/09/2021,luxembourg v. malta,luxembourg won by 4 wickets,luxembourg,malta,luxembourg
02/09/2021,ireland v. zimbabwe,ireland won by 64 runs,ireland,zimbabwe,ireland
03/09/2021,bangladesh v. new zealand,bangladesh won by 4 runs,bangladesh,new zealand,bangladesh
03/09/2021,romania v. czech republic,romania won by 35 runs,romania,czech republic,romania
03/09/2021,bulgaria v. malta,malta won by 7 wickets,bulgaria,malta,malta
03/09/2021,romania v. hungary,romania won by 8 runs,romania,hungary,romania
04/09/2021,ireland v. zimbabwe,zimbabwe won by 5 runs,ireland,zimbabwe,zimbabwe
04/09/2021,bulgaria v. czech republic,czech republic won by 7 wickets,bulgaria,czech republic,czech republic
04/09/2021,hungary v. luxembourg,luxembourg won by 2 runs,hungary,luxembourg,luxembourg
04/09/2021,romania v. malta,romania won by 36 runs,romania,malta,romania
05/09/2021,bangladesh v. new zealand,new zealand won by 52 runs,bangladesh,new zealand,new zealand
05/09/2021,romania v. luxembourg,romania won by 33 runs,romania,luxembourg,romania
05/09/2021,hungary v. malta,hungary won by 8 wickets,hungary,malta,hungary
08/09/2021,bangladesh v. new zealand,bangladesh won by 6 wickets,bangladesh,new zealand,bangladesh
10/09/2021,spain v. germany,germany won by 7 wickets,spain,germany,germany
10/09/2021,sri lanka v. south africa,south africa won by 28 runs,sri lanka,south africa,south africa
10/09/2021,uganda v. kenya,no result,uganda,kenya,draw
10/09/2021,uganda v. kenya,kenya won by 22 runs,uganda,kenya,kenya
10/09/2021,bangladesh v. new zealand,new zealand won by 27 runs,bangladesh,new zealand,new zealand
11/09/2021,spain v. germany,spain won by 5 wickets,spain,germany,spain
11/09/2021,spain v. germany,spain won by 1 wicket,spain,germany,spain
11/09/2021,kenya v. nigeria,kenya won by 8 wickets,kenya,nigeria,kenya
11/09/2021,uganda v. nigeria,uganda won by 56 runs,uganda,nigeria,uganda
12/09/2021,sri lanka v. south africa,south africa won by 9 wickets,sri lanka,south africa,south africa
13/09/2021,uganda v. nigeria,uganda won by 8 wickets,uganda,nigeria,uganda
13/09/2021,kenya v. nigeria,kenya won by 61 runs,kenya,nigeria,kenya
14/09/2021,sri lanka v. south africa,south africa won by 10 wickets,sri lanka,south africa,south africa
15/09/2021,scotland v. zimbabwe,scotland won by 7 runs,scotland,zimbabwe,scotland
15/09/2021,uganda v. kenya,uganda won by 4 wickets,uganda,kenya,uganda
15/09/2021,uganda v. nigeria,uganda won by 55 runs,uganda,nigeria,uganda
16/09/2021,kenya v. nigeria,nigeria won by 4 runs,kenya,nigeria,nigeria
17/09/2021,scotland v. zimbabwe,zimbabwe won by 10 runs,scotland,zimbabwe,zimbabwe
17/09/2021,uganda v. kenya,uganda won by 6 runs,uganda,kenya,uganda
19/09/2021,scotland v. zimbabwe,zimbabwe won by 6 wickets,scotland,zimbabwe,zimbabwe
05/10/2021,cyprus v. estonia,cyprus won by 4 wickets,cyprus,estonia,cyprus
05/10/2021,united arab emirates v. namibia,namibia won by 17 runs,united arab emirates,namibia,namibia
05/10/2021,cyprus v. estonia,cyprus won by 8 wickets,cyprus,estonia,cyprus
06/10/2021,cyprus v. isle of man,isle of man won by 8 wickets,cyprus,isle of man,isle of man
06/10/2021,estonia v. isle of man,isle of man won by 6 wickets,estonia,isle of man,isle of man
07/10/2021,united arab emirates v. ireland,ireland won by 7 wickets,united arab emirates,ireland,ireland
07/10/2021,cyprus v. isle of man,isle of man won by 3 wickets,cyprus,isle of man,isle of man
07/10/2021,cyprus v. estonia,cyprus won by 79 runs,cyprus,estonia,cyprus
08/10/2021,papua new guinea v. scotland,scotland won by 8 wickets,papua new guinea,scotland,scotland
08/10/2021,united arab emirates v. ireland,united arab emirates won by 54 runs,united arab emirates,ireland,united arab emirates
08/10/2021,cyprus v. estonia,cyprus won by 39 runs,cyprus,estonia,cyprus
08/10/2021,estonia v. isle of man,isle of man won by 8 wickets,estonia,isle of man,isle of man
09/10/2021,namibia v. scotland,namibia won by 5 wickets,namibia,scotland,namibia
