date,countries,result,team1,team2,winner
09/01/2015,south africa v. west indies,west indies won by 4 wickets,south africa,west indies,west indies
11/01/2015,south africa v. west indies,west indies won by 4 wickets,south africa,west indies,west indies
14/01/2015,south africa v. west indies,south africa won by 69 runs,south africa,west indies,south africa
24/04/2015,bangladesh v. pakistan,bangladesh won by 7 wickets,bangladesh,pakistan,bangladesh
22/05/2015,pakistan v. zimbabwe,pakistan won by 5 wickets,pakistan,zimbabwe,pakistan
24/05/2015,pakistan v. zimbabwe,pakistan won by 2 wickets,pakistan,zimbabwe,pakistan
18/06/2015,ireland v. scotland,scotland won by 6 wickets,ireland,scotland,scotland
19/06/2015,ireland v. scotland,no result,ireland,scotland,draw
20/06/2015,ireland v. scotland,scotland won by 6 wickets,ireland,scotland,scotland
21/06/2015,ireland v. scotland,no result,ireland,scotland,draw
23/06/2015,england v. new zealand,england won by 56 runs,england,new zealand,england
30/06/2015,netherlands v. nepal,netherlands won by 18 runs,netherlands,nepal,netherlands
01/07/2015,netherlands v. nepal,netherlands won by 103 runs,netherlands,nepal,netherlands
02/07/2015,netherlands v. nepal,netherlands won by 18 runs,netherlands,nepal,netherlands
03/07/2015,netherlands v. nepal,nepal won by 3 wickets,netherlands,nepal,nepal
05/07/2015,bangladesh v. south africa,south africa won by 52 runs,bangladesh,south africa,south africa
07/07/2015,bangladesh v. south africa,south africa won by 31 runs,bangladesh,south africa,south africa
09/07/2015,scotland v. united arab emirates,scotland won by 9 wickets,scotland,united arab emirates,scotland
09/07/2015,afghanistan v. netherlands,afghanistan won by 32 runs,afghanistan,netherlands,afghanistan
10/07/2015,afghanistan v. united arab emirates,afghanistan won by 8 wickets,afghanistan,united arab emirates,afghanistan
11/07/2015,scotland v. netherlands,netherlands won by 32 runs,scotland,netherlands,netherlands
12/07/2015,netherlands v. united arab emirates,netherlands won by 7 wickets,netherlands,united arab emirates,netherlands
12/07/2015,scotland v. afghanistan,afghanistan won by 37 runs,scotland,afghanistan,afghanistan
13/07/2015,ireland v. nepal,ireland won by 8 wickets,ireland,nepal,ireland
13/07/2015,hong kong v. papua new guinea,match abandoned,hong kong,papua new guinea,draw
15/07/2015,ireland v. papua new guinea,papua new guinea won by 2 wickets,ireland,papua new guinea,papua new guinea
15/07/2015,hong kong v. nepal,hong kong won by 5 wickets,hong kong,nepal,hong kong
17/07/2015,zimbabwe v. india,india won by 54 runs,zimbabwe,india,india
17/07/2015,nepal v. papua new guinea,papua new guinea won by 8 wickets,nepal,papua new guinea,papua new guinea
17/07/2015,ireland v. hong kong,hong kong won by 5 runs,ireland,hong kong,hong kong
19/07/2015,zimbabwe v. india,zimbabwe won by 10 runs,zimbabwe,india,zimbabwe
21/07/2015,afghanistan v. hong kong,hong kong won by 5 wickets,afghanistan,hong kong,hong kong
23/07/2015,afghanistan v. papua new guinea,afghanistan won by 6 wickets,afghanistan,papua new guinea,afghanistan
25/07/2015,hong kong v. scotland,scotland won by 5 wickets,hong kong,scotland,scotland
25/07/2015,afghanistan v. oman,afghanistan won by 5 wickets,afghanistan,oman,afghanistan
25/07/2015,ireland v. netherlands,netherlands won by 5 wickets,ireland,netherlands,netherlands
26/07/2015,ireland v. hong kong,match abandoned,ireland,hong kong,draw
26/07/2015,netherlands v. scotland,match abandoned,netherlands,scotland,draw
30/07/2015,sri lanka v. pakistan,pakistan won by 29 runs,sri lanka,pakistan,pakistan
01/08/2015,sri lanka v. pakistan,pakistan won by 1 wicket,sri lanka,pakistan,pakistan
09/08/2015,zimbabwe v. new zealand,new zealand won by 80 runs,zimbabwe,new zealand,new zealand
14/08/2015,south africa v. new zealand,south africa won by 6 wickets,south africa,new zealand,south africa
16/08/2015,south africa v. new zealand,new zealand won by 32 runs,south africa,new zealand,new zealand
31/08/2015,england v. australia,england won by 5 runs,england,australia,england
27/09/2015,zimbabwe v. pakistan,pakistan won by 13 runs,zimbabwe,pakistan,pakistan
29/09/2015,zimbabwe v. pakistan,pakistan won by 15 runs,zimbabwe,pakistan,pakistan
02/10/2015,india v. south africa,south africa won by 7 wickets,india,south africa,south africa
05/10/2015,india v. south africa,south africa won by 6 wickets,india,south africa,south africa
08/10/2015,india v. south africa,match abandoned,india,south africa,draw
26/10/2015,zimbabwe v. afghanistan,afghanistan won by 6 wickets,zimbabwe,afghanistan,afghanistan
28/10/2015,zimbabwe v. afghanistan,afghanistan won by 5 wickets,zimbabwe,afghanistan,afghanistan
09/11/2015,sri lanka v. west indies,sri lanka won by 30 runs,sri lanka,west indies,sri lanka
11/11/2015,sri lanka v. west indies,west indies won by 23 runs,sri lanka,west indies,west indies
13/11/2015,bangladesh v. zimbabwe,bangladesh won by 4 wickets,bangladesh,zimbabwe,bangladesh
15/11/2015,bangladesh v. zimbabwe,zimbabwe won by 3 wickets,bangladesh,zimbabwe,zimbabwe
21/11/2015,hong kong v. oman,oman won by 6 wickets,hong kong,oman,oman
22/11/2015,united arab emirates v. oman,united arab emirates won by 7 wickets,united arab emirates,oman,united arab emirates
24/11/2015,hong kong v. oman,oman won by 4 runs,hong kong,oman,oman
26/11/2015,pakistan v. england,england won by 14 runs,pakistan,england,england
26/11/2015,hong kong v. oman,hong kong won by 8 wickets,hong kong,oman,hong kong
27/11/2015,pakistan v. england,england won by 3 runs,pakistan,england,england
28/11/2015,afghanistan v. hong kong,hong kong won by 4 wickets,afghanistan,hong kong,hong kong
29/11/2015,afghanistan v. oman,afghanistan won by 27 runs,afghanistan,oman,afghanistan
30/11/2015,afghanistan v. oman,afghanistan won by 12 runs,afghanistan,oman,afghanistan
30/11/2015,pakistan v. england,england won in super over after scores were tied,pakistan,england,england
