,player,batting,r,b,m,4s,6s,sr,overs,run_rate,total_run,wickets,team,id
0,mohammad shahzad †,c leask b de lange,75,36,43,5,7,208.33,20,10.50,210,5,team1,616be5d165ff323064b6bee1
1,nawroz mangal,lbw b leask,0,1,2,0,0,0.00,20,10.50,210,5,team1,616be5d165ff323064b6bee1
2,asghar afghan (c),run out (coetzer/†cross),34,31,46,3,1,109.67,20,10.50,210,5,team1,616be5d165ff323064b6bee1
3,samiullah shinwari,c evans b leask,19,12,18,0,2,158.33,20,10.50,210,5,team1,616be5d165ff323064b6bee1
4,najibullah zadran,run out (sharif),37,21,35,1,3,176.19,20,10.50,210,5,team1,616be5d165ff323064b6bee1
5,mohammad nabi,not out,33,18,24,0,3,183.33,20,10.50,210,5,team1,616be5d165ff323064b6bee1
6,shafiqullah,not out,6,1,1,0,1,600.00,20,10.50,210,5,team1,616be5d165ff323064b6bee1
7,george munsey,c samiullah shinwari b mohammad nabi,6,8,8,1,0,75.00,19.2,8.94,173,10,team2,616be5d165ff323064b6bee1
8,kyle coetzer,c mohammad nabi b mirwais ashraf,15,15,25,2,0,100.00,19.2,8.94,173,10,team2,616be5d165ff323064b6bee1
9,calum macleod,run out (mohammad nabi),19,12,20,2,1,158.33,19.2,8.94,173,10,team2,616be5d165ff323064b6bee1
10,matthew cross †,c & b mohammad nabi,37,22,22,2,3,168.18,19.2,8.94,173,10,team2,616be5d165ff323064b6bee1
11,richie berrington,c shafiqullah b mirwais ashraf,24,17,24,2,1,141.17,19.2,8.94,173,10,team2,616be5d165ff323064b6bee1
12,preston mommsen (c),c shafiqullah b hamid hassan,44,20,24,3,4,220.00,19.2,8.94,173,10,team2,616be5d165ff323064b6bee1
13,michael leask,c najibullah zadran b mohammad nabi,10,9,21,1,0,111.11,19.2,8.94,173,10,team2,616be5d165ff323064b6bee1
14,safyaan sharif,c shafiqullah b dawlat zadran,8,7,12,1,0,114.28,19.2,8.94,173,10,team2,616be5d165ff323064b6bee1
15,con de lange,b hamid hassan,1,2,3,0,0,50.00,19.2,8.94,173,10,team2,616be5d165ff323064b6bee1
16,alasdair evans,b hamid hassan,0,3,3,0,0,0.00,19.2,8.94,173,10,team2,616be5d165ff323064b6bee1
17,mark watt,not out,1,1,3,0,0,100.00,19.2,8.94,173,10,team2,616be5d165ff323064b6bee1
