,player,batting,r,b,m,4s,6s,sr,overs,run_rate,total_run,wickets,team,id
0,kamran akmal †,c yardy b bresnan,6,4,5,0,0,150.00,20,6.30,126,4,team1,616be25c65ff323064b6bde0
1,shahzaib hasan,st †davies b swann,21,25,35,2,0,84.00,20,6.30,126,4,team1,616be25c65ff323064b6bde0
2,mohammad yousuf,c morgan b swann,26,18,21,3,0,144.44,20,6.30,126,4,team1,616be25c65ff323064b6bde0
3,fawad alam,c & b yardy,20,29,29,0,0,68.96,20,6.30,126,4,team1,616be25c65ff323064b6bde0
4,umar akmal,not out,35,30,43,2,0,116.66,20,6.30,126,4,team1,616be25c65ff323064b6bde0
5,shahid afridi (c),not out,16,14,19,1,0,114.28,20,6.30,126,4,team1,616be25c65ff323064b6bde0
6,craig kieswetter,c †kamran akmal b shoaib akhtar,6,7,5,1,0,85.71,17.1,7.51,129,5,team2,616be25c65ff323064b6bde0
7,steven davies †,c wahab riaz b umar gul,33,27,41,3,0,122.22,17.1,7.51,129,5,team2,616be25c65ff323064b6bde0
8,ravi bopara,c mohammad yousuf b shoaib akhtar,11,13,20,1,0,84.61,17.1,7.51,129,5,team2,616be25c65ff323064b6bde0
9,paul collingwood (c),b shahid afridi,4,4,6,0,0,100.00,17.1,7.51,129,5,team2,616be25c65ff323064b6bde0
10,eoin morgan,not out,38,24,33,6,0,158.33,17.1,7.51,129,5,team2,616be25c65ff323064b6bde0
11,luke wright,b shahid afridi,0,2,1,0,0,0.00,17.1,7.51,129,5,team2,616be25c65ff323064b6bde0
12,michael yardy,not out,35,26,25,4,0,134.61,17.1,7.51,129,5,team2,616be25c65ff323064b6bde0
