,player,batting,r,b,m,4s,6s,sr,overs,run_rate,total_run,wickets,team,id
0,martin guptill,lbw b finn,5,6,7,1,0,83.33,20,7.40,148,6,team1,616be3ab65ff323064b6be3e
1,rob nicol,c bairstow b swann,11,15,34,1,0,73.33,20,7.40,148,6,team1,616be3ab65ff323064b6be3e
2,brendon mccullum †,c wright b finn,10,10,11,2,0,100.00,20,7.40,148,6,team1,616be3ab65ff323064b6be3e
3,kane williamson,c †kieswetter b briggs,17,23,36,1,0,73.91,20,7.40,148,6,team1,616be3ab65ff323064b6be3e
4,ross taylor (c),c hales b finn,22,23,43,2,0,95.65,20,7.40,148,6,team1,616be3ab65ff323064b6be3e
5,james franklin,run out (bairstow/†kieswetter),50,33,48,4,2,151.51,20,7.40,148,6,team1,616be3ab65ff323064b6be3e
6,nathan mccullum,not out,16,10,27,0,2,160.00,20,7.40,148,6,team1,616be3ab65ff323064b6be3e
7,doug bracewell,not out,2,1,2,0,0,200.00,20,7.40,148,6,team1,616be3ab65ff323064b6be3e
8,craig kieswetter †,b vettori,4,14,14,0,0,28.57,18.5,7.91,149,4,team2,616be3ab65ff323064b6be3e
9,alex hales,b nl mccullum,22,15,26,3,0,146.66,18.5,7.91,149,4,team2,616be3ab65ff323064b6be3e
10,luke wright,c taylor b bracewell,76,43,59,5,5,176.74,18.5,7.91,149,4,team2,616be3ab65ff323064b6be3e
11,eoin morgan,c bracewell b mills,30,31,38,1,1,96.77,18.5,7.91,149,4,team2,616be3ab65ff323064b6be3e
12,jos buttler,not out,5,8,13,0,0,62.50,18.5,7.91,149,4,team2,616be3ab65ff323064b6be3e
13,jonny bairstow,not out,5,2,4,1,0,250.00,18.5,7.91,149,4,team2,616be3ab65ff323064b6be3e
