,player,batting,r,b,m,4s,6s,sr,overs,run_rate,total_run,wickets,team,id
0,jason roy,c rahane b mohammed shami,8,10,12,1,0,80.00,20,9.00,180,7,team1,616be5d165ff323064b6bebf
1,alex hales,c rahane b jadeja,40,25,39,3,3,160.00,20,9.00,180,7,team1,616be5d165ff323064b6bebf
2,moeen ali,c rahane b mm sharma,0,2,2,0,0,0.00,20,9.00,180,7,team1,616be5d165ff323064b6bebf
3,joe root,c rayudu b kv sharma,26,29,31,2,0,89.65,20,9.00,180,7,team1,616be5d165ff323064b6bebf
4,eoin morgan (c),c rahane b mohammed shami,71,31,36,3,7,229.03,20,9.00,180,7,team1,616be5d165ff323064b6bebf
5,jos buttler †,c rayudu b mohammed shami,10,15,17,0,0,66.66,20,9.00,180,7,team1,616be5d165ff323064b6bebf
6,ravi bopara,not out,21,9,14,3,1,233.33,20,9.00,180,7,team1,616be5d165ff323064b6bebf
7,chris woakes,run out (†dhoni),0,0,4,0,0,-,20,9.00,180,7,team1,616be5d165ff323064b6bebf
8,ajinkya rahane,b ali,8,4,6,0,1,200.00,20,8.85,177,5,team2,616be5d165ff323064b6bebf
9,shikhar dhawan,b woakes,33,28,40,2,2,117.85,20,8.85,177,5,team2,616be5d165ff323064b6bebf
10,virat kohli,c hales b finn,66,41,54,9,1,160.97,20,8.85,177,5,team2,616be5d165ff323064b6bebf
11,suresh raina,b gurney,25,20,32,1,1,125.00,20,8.85,177,5,team2,616be5d165ff323064b6bebf
12,ms dhoni (c)†,not out,27,18,35,2,1,150.00,20,8.85,177,5,team2,616be5d165ff323064b6bebf
13,ravindra jadeja,run out (bopara/finn),7,4,8,1,0,175.00,20,8.85,177,5,team2,616be5d165ff323064b6bebf
14,ambati rayudu,not out,3,5,15,0,0,60.00,20,8.85,177,5,team2,616be5d165ff323064b6bebf
