,player,batting,r,b,m,4s,6s,sr,overs,run_rate,total_run,wickets,team,id
0,richie berrington,b hamid hassan,0,3,-,0,0,0.00,20,6.95,139,7,team1,616be46a65ff323064b6be5d
1,calum macleod,b hamid hassan,31,37,-,2,0,83.78,20,6.95,139,7,team1,616be46a65ff323064b6be5d
2,kyle coetzer,c gulbadin naib b amir hamza,9,12,-,1,0,75.00,20,6.95,139,7,team1,616be46a65ff323064b6be5d
3,matt machan,c & b samiullah shinwari,39,28,-,3,1,139.28,20,6.95,139,7,team1,616be46a65ff323064b6be5d
4,preston mommsen,c & b mohammad nabi,8,9,-,0,0,88.88,20,6.95,139,7,team1,616be46a65ff323064b6be5d
5,moneeb iqbal,b hamid hassan,31,25,-,4,0,124.00,20,6.95,139,7,team1,616be46a65ff323064b6be5d
6,david murphy †,not out,4,5,-,0,0,80.00,20,6.95,139,7,team1,616be46a65ff323064b6be5d
7,majid haq,b hamid hassan,0,1,-,0,0,0.00,20,6.95,139,7,team1,616be46a65ff323064b6be5d
8,karim sadiq,c †murphy b mommsen,34,29,-,4,1,117.24,17.3,8.00,140,3,team2,616be46a65ff323064b6be5d
9,nawroz mangal,b wardlaw,20,16,-,3,0,125.00,17.3,8.00,140,3,team2,616be46a65ff323064b6be5d
10,mohammad shahzad †,c drummond b wardlaw,46,25,-,3,2,184.00,17.3,8.00,140,3,team2,616be46a65ff323064b6be5d
11,samiullah shinwari,not out,25,27,-,2,0,92.59,17.3,8.00,140,3,team2,616be46a65ff323064b6be5d
12,mirwais ashraf,not out,4,8,-,0,0,50.00,17.3,8.00,140,3,team2,616be46a65ff323064b6be5d
