,player,batting,r,b,m,4s,6s,sr,overs,run_rate,total_run,wickets,team,id
0,rilee rossouw,c †ramdin b holder,15,9,11,0,2,166.66,20,11.55,231,7,team1,616be5d165ff323064b6becc
1,morne van wyk †,c pollard b benn,4,3,2,1,0,133.33,20,11.55,231,7,team1,616be5d165ff323064b6becc
2,faf du plessis (c),c bravo b holder,119,56,99,11,5,212.50,20,11.55,231,7,team1,616be5d165ff323064b6becc
3,david miller,run out (russell),47,26,43,4,3,180.76,20,11.55,231,7,team1,616be5d165ff323064b6becc
4,justin ontong,c holder b bravo,19,12,18,2,1,158.33,20,11.55,231,7,team1,616be5d165ff323064b6becc
5,farhaan behardien,not out,8,12,36,0,0,66.66,20,11.55,231,7,team1,616be5d165ff323064b6becc
6,david wiese,c smith b bravo,6,2,3,0,1,300.00,20,11.55,231,7,team1,616be5d165ff323064b6becc
7,kyle abbott,run out (†ramdin),2,2,2,0,0,100.00,20,11.55,231,7,team1,616be5d165ff323064b6becc
8,dwayne smith,lbw b de lange,17,9,7,4,0,188.88,19.2,12.20,236,6,team2,616be5d165ff323064b6becc
9,chris gayle,c †van wyk b wiese,90,41,63,9,7,219.51,19.2,12.20,236,6,team2,616be5d165ff323064b6becc
10,marlon samuels,c behardien b wiese,60,39,63,7,2,153.84,19.2,12.20,236,6,team2,616be5d165ff323064b6becc
11,kieron pollard,c behardien b wiese,7,5,11,1,0,140.00,19.2,12.20,236,6,team2,616be5d165ff323064b6becc
12,andre russell,c miller b abbott,14,6,9,1,1,233.33,19.2,12.20,236,6,team2,616be5d165ff323064b6becc
13,dwayne bravo,c ontong b phangiso,10,5,10,1,1,200.00,19.2,12.20,236,6,team2,616be5d165ff323064b6becc
14,daren sammy (c),not out,20,7,15,2,1,285.71,19.2,12.20,236,6,team2,616be5d165ff323064b6becc
15,denesh ramdin †,not out,7,4,10,1,0,175.00,19.2,12.20,236,6,team2,616be5d165ff323064b6becc
