,player,batting,r,b,m,4s,6s,sr,overs,run_rate,total_run,wickets,team,id
0,quinton de kock †,c sub (umar amin) b saeed ajmal,30,19,26,6,0,157.89,20,7.50,150,5,team1,616be46a65ff323064b6be78
1,hashim amla,c shoaib malik b saeed ajmal,48,41,60,3,2,117.07,20,7.50,150,5,team1,616be46a65ff323064b6be78
2,faf du plessis (c),not out,58,48,56,1,3,120.83,20,7.50,150,5,team1,616be46a65ff323064b6be78
3,ab de villiers,c nasir jamshed b sohail tanvir,5,6,10,1,0,83.33,20,7.50,150,5,team1,616be46a65ff323064b6be78
4,david miller,lbw b saeed ajmal,4,4,6,0,0,100.00,20,7.50,150,5,team1,616be46a65ff323064b6be78
5,henry davids,b sohail tanvir,0,2,3,0,0,0.00,20,7.50,150,5,team1,616be46a65ff323064b6be78
6,nasir jamshed,c amla b davids,19,20,32,3,0,95.00,20,7.19,144,9,team2,616be46a65ff323064b6be78
7,ahmed shehzad,c mclaren b parnell,21,14,24,3,0,150.00,20,7.19,144,9,team2,616be46a65ff323064b6be78
8,mohammad hafeez (c),lbw b parnell,0,1,1,0,0,0.00,20,7.19,144,9,team2,616be46a65ff323064b6be78
9,shoaib malik,b imran tahir,15,18,27,1,0,83.33,20,7.19,144,9,team2,616be46a65ff323064b6be78
10,sohaib maqsood,c †de kock b parnell,37,26,42,2,1,142.30,20,7.19,144,9,team2,616be46a65ff323064b6be78
11,umar akmal †,c imran tahir b mclaren,11,12,14,1,0,91.66,20,7.19,144,9,team2,616be46a65ff323064b6be78
12,abdul razzaq,b imran tahir,0,1,1,0,0,0.00,20,7.19,144,9,team2,616be46a65ff323064b6be78
13,shahid afridi,c du plessis b steyn,14,10,21,0,1,140.00,20,7.19,144,9,team2,616be46a65ff323064b6be78
14,sohail tanvir,b steyn,6,5,6,1,0,120.00,20,7.19,144,9,team2,616be46a65ff323064b6be78
15,saeed ajmal,not out,7,10,18,0,0,70.00,20,7.19,144,9,team2,616be46a65ff323064b6be78
16,mohammad irfan,not out,2,4,6,0,0,50.00,20,7.19,144,9,team2,616be46a65ff323064b6be78
