,player,batting,r,b,m,4s,6s,sr,overs,run_rate,total_run,wickets,team,id
0,quinton de kock †,c †haddin b hogg,41,40,62,2,2,102.50,20,6.40,128,7,team1,616be51c65ff323064b6be97
1,hashim amla,lbw b starc,2,3,13,0,0,66.66,20,6.40,128,7,team1,616be51c65ff323064b6be97
2,faf du plessis (c),c hogg b maxwell,5,6,6,1,0,83.33,20,6.40,128,7,team1,616be51c65ff323064b6be97
3,jean-paul duminy,c henriques b maxwell,13,16,15,2,0,81.25,20,6.40,128,7,team1,616be51c65ff323064b6be97
4,ab de villiers,c hodge b hogg,11,10,13,0,1,110.00,20,6.40,128,7,team1,616be51c65ff323064b6be97
5,david miller,c bailey b henriques,2,7,9,0,0,28.57,20,6.40,128,7,team1,616be51c65ff323064b6be97
6,albie morkel,b starc,18,11,17,0,2,163.63,20,6.40,128,7,team1,616be51c65ff323064b6be97
7,wayne parnell,not out,17,17,27,1,0,100.00,20,6.40,128,7,team1,616be51c65ff323064b6be97
8,beuran hendricks,not out,12,11,15,0,1,109.09,20,6.40,128,7,team1,616be51c65ff323064b6be97
9,aaron finch,c miller b imran tahir,39,27,34,6,0,144.44,15,8.60,129,4,team2,616be51c65ff323064b6be97
10,cameron white,c imran tahir b parnell,14,11,19,2,0,127.27,15,8.60,129,4,team2,616be51c65ff323064b6be97
11,shane watson,c du plessis b imran tahir,35,28,38,2,2,125.00,15,8.60,129,4,team2,616be51c65ff323064b6be97
12,glenn maxwell,lbw b hendricks,17,12,20,2,0,141.66,15,8.60,129,4,team2,616be51c65ff323064b6be97
13,george bailey (c),not out,12,7,11,0,1,171.42,15,8.60,129,4,team2,616be51c65ff323064b6be97
14,brad hodge,not out,11,5,7,0,1,220.00,15,8.60,129,4,team2,616be51c65ff323064b6be97
