,player,batting,r,b,m,4s,6s,sr,overs,run_rate,total_run,wickets,team,id
0,michael lumb,c anderson b mcclenaghan,33,24,42,4,1,137.50,20,8.60,172,6,team1,616be51c65ff323064b6bea6
1,alex hales,c anderson b mills,0,2,1,0,0,0.00,20,8.60,172,6,team1,616be51c65ff323064b6bea6
2,moeen ali,c mcclenaghan b anderson,36,23,35,6,1,156.52,20,8.60,172,6,team1,616be51c65ff323064b6bea6
3,eoin morgan,c bb mccullum b southee,12,15,22,1,0,80.00,20,8.60,172,6,team1,616be51c65ff323064b6bea6
4,jos buttler †,b anderson,32,23,35,4,0,139.13,20,8.60,172,6,team1,616be51c65ff323064b6bea6
5,ravi bopara,not out,24,19,37,0,1,126.31,20,8.60,172,6,team1,616be51c65ff323064b6bea6
6,chris jordan,c southee b nl mccullum,8,6,9,0,1,133.33,20,8.60,172,6,team1,616be51c65ff323064b6bea6
7,tim bresnan,not out,17,8,9,2,1,212.50,20,8.60,172,6,team1,616be51c65ff323064b6bea6
8,martin guptill,c jordan b dernbach,11,9,14,2,0,122.22,5.2,9.75,52,1,team2,616be51c65ff323064b6bea6
9,kane williamson,not out,24,17,27,4,0,141.17,5.2,9.75,52,1,team2,616be51c65ff323064b6bea6
10,brendon mccullum (c),not out,16,6,13,1,2,266.66,5.2,9.75,52,1,team2,616be51c65ff323064b6bea6
