,player,batting,r,b,m,4s,6s,sr,overs,run_rate,total_run,wickets,team,id
0,david warner,c raina b vinay kumar,25,14,16,1,2,178.57,20,8.55,171,4,team1,616be30465ff323064b6bdff
1,matthew wade †,b raina,72,43,67,5,3,167.44,20,8.55,171,4,team1,616be30465ff323064b6bdff
2,travis birt,c raina b ashwin,17,21,27,1,1,80.95,20,8.55,171,4,team1,616be30465ff323064b6bdff
3,david hussey,b r sharma,42,30,42,1,3,140.00,20,8.55,171,4,team1,616be30465ff323064b6bdff
4,george bailey (c),not out,12,11,21,1,0,109.09,20,8.55,171,4,team1,616be30465ff323064b6bdff
5,mitchell marsh,not out,0,1,1,0,0,0.00,20,8.55,171,4,team1,616be30465ff323064b6bdff
6,gautam gambhir,c marsh b hussey,20,14,27,3,0,142.85,20,7.00,140,6,team2,616be30465ff323064b6bdff
7,virender sehwag,c hussey b lee,4,3,2,1,0,133.33,20,7.00,140,6,team2,616be30465ff323064b6bdff
8,virat kohli,c warner b hogg,22,21,30,0,1,104.76,20,7.00,140,6,team2,616be30465ff323064b6bdff
9,suresh raina,b christian,14,15,23,1,0,93.33,20,7.00,140,6,team2,616be30465ff323064b6bdff
10,rohit sharma,b hussey,0,1,2,0,0,0.00,20,7.00,140,6,team2,616be30465ff323064b6bdff
11,ms dhoni (c)†,not out,48,43,55,1,3,111.62,20,7.00,140,6,team2,616be30465ff323064b6bdff
12,ravindra jadeja,c warner b christian,7,8,9,1,0,87.50,20,7.00,140,6,team2,616be30465ff323064b6bdff
13,ravichandran ashwin,not out,15,16,30,1,0,93.75,20,7.00,140,6,team2,616be30465ff323064b6bdff
