,player,batting,r,b,m,4s,6s,sr,overs,run_rate,total_run,wickets,team,id
0,tillakaratne dilshan,not out,96,57,90,12,2,168.42,20,7.90,158,5,team1,616be1b665ff323064b6bd98
1,sanath jayasuriya,c taylor b bravo,24,37,46,3,0,64.86,20,7.90,158,5,team1,616be1b665ff323064b6bd98
2,kumar sangakkara (c)†,c pollard b bravo,0,2,2,0,0,0.00,20,7.90,158,5,team1,616be1b665ff323064b6bd98
3,mahela jayawardene,c chanderpaul b pollard,2,3,2,0,0,66.66,20,7.90,158,5,team1,616be1b665ff323064b6bd98
4,chamara silva,c †ramdin b benn,11,12,21,2,0,91.66,20,7.90,158,5,team1,616be1b665ff323064b6bd98
5,jehan mubarak,c sammy b taylor,7,5,5,1,0,140.00,20,7.90,158,5,team1,616be1b665ff323064b6bd98
6,angelo mathews,not out,12,4,6,1,1,300.00,20,7.90,158,5,team1,616be1b665ff323064b6bd98
7,chris gayle (c),not out,63,50,89,8,2,126.00,17.4,5.71,101,10,team2,616be1b665ff323064b6bd98
8,xavier marshall,b mathews,0,1,1,0,0,0.00,17.4,5.71,101,10,team2,616be1b665ff323064b6bd98
9,lendl simmons,b mathews,0,2,1,0,0,0.00,17.4,5.71,101,10,team2,616be1b665ff323064b6bd98
10,dwayne bravo,b mathews,0,2,1,0,0,0.00,17.4,5.71,101,10,team2,616be1b665ff323064b6bd98
11,shivnarine chanderpaul,lbw b mendis,7,15,33,0,0,46.66,17.4,5.71,101,10,team2,616be1b665ff323064b6bd98
12,ramnaresh sarwan,c mathews b muralitharan,5,12,10,0,0,41.66,17.4,5.71,101,10,team2,616be1b665ff323064b6bd98
13,kieron pollard,st †sangakkara b muralitharan,3,10,9,0,0,30.00,17.4,5.71,101,10,team2,616be1b665ff323064b6bd98
14,denesh ramdin †,c jayawardene b udana,9,5,6,2,0,180.00,17.4,5.71,101,10,team2,616be1b665ff323064b6bd98
15,jerome taylor,c sub (kmdn kulasekara) b muralitharan,2,2,2,0,0,100.00,17.4,5.71,101,10,team2,616be1b665ff323064b6bd98
16,daren sammy,c mubarak b mendis,1,4,1,0,0,25.00,17.4,5.71,101,10,team2,616be1b665ff323064b6bd98
17,sulieman benn,b malinga,0,4,6,0,0,0.00,17.4,5.71,101,10,team2,616be1b665ff323064b6bd98
