,player,batting,r,b,m,4s,6s,sr,overs,run_rate,total_run,wickets,team,id
0,kamran akmal †,c gibbs b van der merwe,37,33,33,3,2,112.12,20,7.40,148,7,team1,616be25c65ff323064b6bdd1
1,salman butt,c smith b steyn,2,4,6,0,0,50.00,20,7.40,148,7,team1,616be25c65ff323064b6bdd1
2,khalid latif,c steyn b kallis,7,9,8,1,0,77.77,20,7.40,148,7,team1,616be25c65ff323064b6bdd1
3,mohammad hafeez,lbw b langeveldt,1,5,3,0,0,20.00,20,7.40,148,7,team1,616be25c65ff323064b6bdd1
4,umar akmal,c gibbs b langeveldt,51,33,43,2,4,154.54,20,7.40,148,7,team1,616be25c65ff323064b6bdd1
5,shahid afridi (c),b langeveldt,30,18,24,4,1,166.66,20,7.40,148,7,team1,616be25c65ff323064b6bdd1
6,abdul razzaq,not out,11,10,13,0,0,110.00,20,7.40,148,7,team1,616be25c65ff323064b6bdd1
7,misbah-ul-haq,c de villiers b langeveldt,3,7,8,0,0,42.85,20,7.40,148,7,team1,616be25c65ff323064b6bdd1
8,abdur rehman,not out,2,1,1,0,0,200.00,20,7.40,148,7,team1,616be25c65ff323064b6bdd1
9,herschelle gibbs,c misbah-ul-haq b abdul razzaq,3,9,14,0,0,33.33,20,6.85,137,7,team2,616be25c65ff323064b6bdd1
10,graeme smith (c),c shahid afridi b abdur rehman,13,13,25,1,0,100.00,20,6.85,137,7,team2,616be25c65ff323064b6bdd1
11,jacques kallis,c umar akmal b saeed ajmal,22,21,31,2,0,104.76,20,6.85,137,7,team2,616be25c65ff323064b6bdd1
12,ab de villiers,c †kamran akmal b saeed ajmal,53,41,38,1,2,129.26,20,6.85,137,7,team2,616be25c65ff323064b6bdd1
13,jean-paul duminy,c khalid latif b abdur rehman,3,5,4,0,0,60.00,20,6.85,137,7,team2,616be25c65ff323064b6bdd1
14,mark boucher †,lbw b saeed ajmal,12,14,19,1,0,85.71,20,6.85,137,7,team2,616be25c65ff323064b6bdd1
15,albie morkel,not out,7,7,19,0,0,100.00,20,6.85,137,7,team2,616be25c65ff323064b6bdd1
16,johan botha,st †kamran akmal b saeed ajmal,19,8,6,4,0,237.50,20,6.85,137,7,team2,616be25c65ff323064b6bdd1
17,roelof van der merwe,not out,2,2,1,0,0,100.00,20,6.85,137,7,team2,616be25c65ff323064b6bdd1
