,player,batting,r,b,m,4s,6s,sr,overs,run_rate,total_run,wickets,team,id
0,hiral patel,run out (karim sadiq),11,9,15,2,0,122.22,20,7.00,140,6,team1,616be1b665ff323064b6bdaa
1,rizwan cheema,c †mohammad shahzad b samiullah shinwari,14,14,26,3,0,100.00,20,7.00,140,6,team1,616be1b665ff323064b6bdaa
2,abdool samad,b hamid hassan,26,32,40,1,1,81.25,20,7.00,140,6,team1,616be1b665ff323064b6bdaa
3,ashish bagai (c)†,b hamid hassan,53,42,48,7,0,126.19,20,7.00,140,6,team1,616be1b665ff323064b6bdaa
4,sunil dhaniram,c samiullah shinwari b mohammad nabi,18,16,20,1,0,112.50,20,7.00,140,6,team1,616be1b665ff323064b6bdaa
5,umar bhatti,not out,4,4,10,0,0,100.00,20,7.00,140,6,team1,616be1b665ff323064b6bdaa
6,khurram chohan,run out (†mohammad shahzad),8,4,3,0,1,200.00,20,7.00,140,6,team1,616be1b665ff323064b6bdaa
7,shaheed keshvani,not out,0,1,1,0,0,0.00,20,7.00,140,6,team1,616be1b665ff323064b6bdaa
8,karim sadiq,c baidwan b bhatti,42,35,35,6,1,120.00,19.5,7.21,143,5,team2,616be1b665ff323064b6bdaa
9,noor ali zadran,lbw b rizwan cheema,31,35,56,1,0,88.57,19.5,7.21,143,5,team2,616be1b665ff323064b6bdaa
10,mohammad shahzad †,b baidwan,18,18,24,1,0,100.00,19.5,7.21,143,5,team2,616be1b665ff323064b6bdaa
11,shafiqullah,c usman limbada b baidwan,9,7,7,2,0,128.57,19.5,7.21,143,5,team2,616be1b665ff323064b6bdaa
12,nawroz mangal (c),not out,7,9,22,0,0,77.77,19.5,7.21,143,5,team2,616be1b665ff323064b6bdaa
13,mohammad nabi,c keshvani b baidwan,23,12,15,3,0,191.66,19.5,7.21,143,5,team2,616be1b665ff323064b6bdaa
14,samiullah shinwari,not out,8,3,3,1,0,266.66,19.5,7.21,143,5,team2,616be1b665ff323064b6bdaa
