,player,batting,r,b,m,4s,6s,sr,overs,run_rate,total_run,wickets,team,id
0,gautam gambhir,c †kieswetter b finn,45,38,70,5,0,118.42,20,8.50,170,4,team1,616be3ab65ff323064b6be37
1,irfan pathan,b finn,8,8,14,1,0,100.00,20,8.50,170,4,team1,616be3ab65ff323064b6be37
2,virat kohli,c bairstow b swann,40,32,33,6,0,125.00,20,8.50,170,4,team1,616be3ab65ff323064b6be37
3,rohit sharma,not out,55,33,48,5,1,166.66,20,8.50,170,4,team1,616be3ab65ff323064b6be37
4,ms dhoni (c)†,c hales b dernbach,9,8,23,1,0,112.50,20,8.50,170,4,team1,616be3ab65ff323064b6be37
5,suresh raina,not out,1,1,2,0,0,100.00,20,8.50,170,4,team1,616be3ab65ff323064b6be37
6,craig kieswetter †,c kohli b chawla,35,25,38,4,2,140.00,14.4,5.45,80,10,team2,616be3ab65ff323064b6be37
7,alex hales,b pathan,0,2,4,0,0,0.00,14.4,5.45,80,10,team2,616be3ab65ff323064b6be37
8,luke wright,lbw b pathan,6,4,7,0,1,150.00,14.4,5.45,80,10,team2,616be3ab65ff323064b6be37
9,eoin morgan,b harbhajan singh,2,6,12,0,0,33.33,14.4,5.45,80,10,team2,616be3ab65ff323064b6be37
10,jonny bairstow,b chawla,1,8,7,0,0,12.50,14.4,5.45,80,10,team2,616be3ab65ff323064b6be37
11,jos buttler,b harbhajan singh,11,12,16,1,0,91.66,14.4,5.45,80,10,team2,616be3ab65ff323064b6be37
12,tim bresnan,c gambhir b harbhajan singh,1,8,5,0,0,12.50,14.4,5.45,80,10,team2,616be3ab65ff323064b6be37
13,stuart broad (c),c gambhir b dinda,3,3,11,0,0,100.00,14.4,5.45,80,10,team2,616be3ab65ff323064b6be37
14,graeme swann,st †dhoni b harbhajan singh,0,3,2,0,0,0.00,14.4,5.45,80,10,team2,616be3ab65ff323064b6be37
15,steven finn,not out,8,10,14,1,0,80.00,14.4,5.45,80,10,team2,616be3ab65ff323064b6be37
16,jade dernbach,run out (balaji),12,7,11,2,0,171.42,14.4,5.45,80,10,team2,616be3ab65ff323064b6be37
