,player,batting,r,b,m,4s,6s,sr,overs,run_rate,total_run,wickets,team,id
0,imran nazir,b butler,19,12,19,3,1,158.33,20,7.65,153,5,team1,616be1b665ff323064b6bda1
1,kamran akmal †,lbw b butler,26,22,29,4,1,118.18,20,7.65,153,5,team1,616be1b665ff323064b6bda1
2,umar akmal,not out,56,49,66,5,1,114.28,20,7.65,153,5,team1,616be1b665ff323064b6bda1
3,shahid afridi (c),c bond b nl mccullum,22,17,22,1,1,129.41,20,7.65,153,5,team1,616be1b665ff323064b6bda1
4,shoaib malik,c styris b butler,7,7,9,1,0,100.00,20,7.65,153,5,team1,616be1b665ff323064b6bda1
5,abdul razzaq,c †watling b franklin,0,1,1,0,0,0.00,20,7.65,153,5,team1,616be1b665ff323064b6bda1
6,fawad alam,not out,17,13,17,0,1,130.76,20,7.65,153,5,team1,616be1b665ff323064b6bda1
7,brendon mccullum (c),c shoaib malik b saeed ajmal,47,41,77,3,1,114.63,20,7.29,146,5,team2,616be1b665ff323064b6bda1
8,bj watling †,c †kamran akmal b sohail tanvir,7,9,15,1,0,77.77,20,7.29,146,5,team2,616be1b665ff323064b6bda1
9,martin guptill,b umar gul,17,21,16,3,0,80.95,20,7.29,146,5,team2,616be1b665ff323064b6bda1
10,ross taylor,lbw b shahid afridi,13,12,12,0,1,108.33,20,7.29,146,5,team2,616be1b665ff323064b6bda1
11,scott styris,c shoaib malik b umar gul,43,33,42,2,2,130.30,20,7.29,146,5,team2,616be1b665ff323064b6bda1
12,james franklin,not out,5,4,12,0,0,125.00,20,7.29,146,5,team2,616be1b665ff323064b6bda1
