,player,batting,r,b,m,4s,6s,sr,overs,run_rate,total_run,wickets,team,id
0,michael lumb,c malinga b lakmal,2,6,5,0,0,33.33,20,6.80,136,9,team1,616be30465ff323064b6bdef
1,craig kieswetter †,c kandamby b kulasekara,4,7,10,0,0,57.14,20,6.80,136,9,team1,616be30465ff323064b6bdef
2,kevin pietersen,b jayasuriya,41,27,49,3,2,151.85,20,6.80,136,9,team1,616be30465ff323064b6bdef
3,eoin morgan,c jayawardene b malinga,47,32,38,4,3,146.87,20,6.80,136,9,team1,616be30465ff323064b6bdef
4,ravi bopara,b jayasuriya,19,22,21,1,0,86.36,20,6.80,136,9,team1,616be30465ff323064b6bdef
5,samit patel,run out (jayawardene),0,3,2,0,0,0.00,20,6.80,136,9,team1,616be30465ff323064b6bdef
6,luke wright,c perera b lakmal,9,12,18,0,0,75.00,20,6.80,136,9,team1,616be30465ff323064b6bdef
7,chris woakes,c mathews b malinga,7,9,9,0,0,77.77,20,6.80,136,9,team1,616be30465ff323064b6bdef
8,stuart broad (c),run out (†sangakkara/malinga),0,3,3,0,0,0.00,20,6.80,136,9,team1,616be30465ff323064b6bdef
9,graeme swann,not out,0,0,1,0,0,-,20,6.80,136,9,team1,616be30465ff323064b6bdef
10,mahela jayawardene,not out,72,57,74,8,1,126.31,17.2,7.90,137,1,team2,616be30465ff323064b6bdef
11,sanath jayasuriya,c pietersen b dernbach,8,8,19,1,0,100.00,17.2,7.90,137,1,team2,616be30465ff323064b6bdef
12,kumar sangakkara †,not out,43,39,52,5,0,110.25,17.2,7.90,137,1,team2,616be30465ff323064b6bdef
