,player,batting,r,b,m,4s,6s,sr,overs,run_rate,total_run,wickets,team,id
0,alex obanda,c †hamza tariq b osinde,22,15,-,3,1,146.66,20,6.30,126,9,team1,616be46a65ff323064b6be5e
1,duncan allan,c †hamza tariq b osinde,3,10,-,0,0,30.00,20,6.30,126,9,team1,616be46a65ff323064b6be5e
2,morris ouma †,lbw b junaid siddiqui,6,7,-,1,0,85.71,20,6.30,126,9,team1,616be46a65ff323064b6be5e
3,collins obuya (c),c †hamza tariq b osinde,0,1,-,0,0,0.00,20,6.30,126,9,team1,616be46a65ff323064b6be5e
4,tanmay mishra,c patel b junaid siddiqui,2,4,-,0,0,50.00,20,6.30,126,9,team1,616be46a65ff323064b6be5e
5,rakep patel,not out,48,35,-,2,2,137.14,20,6.30,126,9,team1,616be46a65ff323064b6be5e
6,ragheb aga,b junaid siddiqui,6,6,-,1,0,100.00,20,6.30,126,9,team1,616be46a65ff323064b6be5e
7,nelson odhiambo,c & b hansra,26,29,-,2,1,89.65,20,6.30,126,9,team1,616be46a65ff323064b6be5e
8,shem ngoche,c aulakh b rizwan cheema,2,7,-,0,0,28.57,20,6.30,126,9,team1,616be46a65ff323064b6be5e
9,elijah otieno,c junaid siddiqui b hansra,4,6,-,0,0,66.66,20,6.30,126,9,team1,616be46a65ff323064b6be5e
10,hiren varaiya,not out,0,0,-,0,0,-,20,6.30,126,9,team1,616be46a65ff323064b6be5e
11,hiral patel,b aga,40,40,-,5,0,100.00,18.3,6.91,128,5,team2,616be46a65ff323064b6be5e
12,rizwan cheema (c),b ngoche,5,8,-,1,0,62.50,18.3,6.91,128,5,team2,616be46a65ff323064b6be5e
13,ruvindu gunasekera,c & b varaiya,18,17,-,3,0,105.88,18.3,6.91,128,5,team2,616be46a65ff323064b6be5e
14,nitish kumar,b ngoche,19,12,-,3,0,158.33,18.3,6.91,128,5,team2,616be46a65ff323064b6be5e
15,raza-ur-rehman,c †ouma b varaiya,9,13,-,1,0,69.23,18.3,6.91,128,5,team2,616be46a65ff323064b6be5e
16,jimmy hansra,not out,12,11,-,2,0,109.09,18.3,6.91,128,5,team2,616be46a65ff323064b6be5e
17,usman limbada,not out,16,10,-,2,0,160.00,18.3,6.91,128,5,team2,616be46a65ff323064b6be5e
