,player,batting,r,b,m,4s,6s,sr,overs,run_rate,total_run,wickets,team,id
0,upul tharanga,b odoyo,10,11,12,1,0,90.90,20,13.00,260,6,team1,616be07165ff323064b6bd3f
1,sanath jayasuriya,c sub (ao suji) b odhiambo,88,44,65,11,4,200.00,20,13.00,260,6,team1,616be07165ff323064b6bd3f
2,kumar sangakkara †,b kamande,30,18,27,5,0,166.66,20,13.00,260,6,team1,616be07165ff323064b6bd3f
3,mahela jayawardene (c),lbw b kamande,65,27,37,9,2,240.74,20,13.00,260,6,team1,616be07165ff323064b6bd3f
4,chamara silva,run out (co obuya/†ouma),5,4,6,1,0,125.00,20,13.00,260,6,team1,616be07165ff323064b6bd3f
5,tillakaratne dilshan,b kamande,3,4,8,0,0,75.00,20,13.00,260,6,team1,616be07165ff323064b6bd3f
6,jehan mubarak,not out,46,13,10,3,5,353.84,20,13.00,260,6,team1,616be07165ff323064b6bd3f
7,gayan wijekoon,not out,1,1,8,0,0,100.00,20,13.00,260,6,team1,616be07165ff323064b6bd3f
8,morris ouma †,lbw b vaas,0,3,1,0,0,0.00,19.3,4.51,88,10,team2,616be07165ff323064b6bd3f
9,david obuya,run out (jayasuriya/wijekoon),18,33,61,1,0,54.54,19.3,4.51,88,10,team2,616be07165ff323064b6bd3f
10,nehemiah odhiambo,b vaas,5,8,11,1,0,62.50,19.3,4.51,88,10,team2,616be07165ff323064b6bd3f
11,tanmay mishra,st †sangakkara b jayasuriya,16,22,27,0,1,72.72,19.3,4.51,88,10,team2,616be07165ff323064b6bd3f
12,steve tikolo (c),c jayawardene b malinga,4,4,2,0,0,100.00,19.3,4.51,88,10,team2,616be07165ff323064b6bd3f
13,collins obuya,c & b malinga,2,3,2,0,0,66.66,19.3,4.51,88,10,team2,616be07165ff323064b6bd3f
14,alex obanda,st †sangakkara b dilshan,21,25,20,2,0,84.00,19.3,4.51,88,10,team2,616be07165ff323064b6bd3f
15,jimmy kamande,lbw b wijekoon,4,10,10,0,0,40.00,19.3,4.51,88,10,team2,616be07165ff323064b6bd3f
16,lameck onyango,not out,4,4,6,0,0,100.00,19.3,4.51,88,10,team2,616be07165ff323064b6bd3f
17,peter ongondo,c jayawardene b dilshan,3,5,3,0,0,60.00,19.3,4.51,88,10,team2,616be07165ff323064b6bd3f
18,thomas odoyo,absent hurt,-,-,-,-,-,-,19.3,4.51,88,10,team2,616be07165ff323064b6bd3f
