,player,batting,r,b,m,4s,6s,sr,overs,run_rate,total_run,wickets,team,id
0,richard levi,b doherty,0,3,2,0,0,0.00,20,7.29,146,5,team1,616be3ab65ff323064b6be40
1,hashim amla,c †wade b watson,17,15,26,1,1,113.33,20,7.29,146,5,team1,616be3ab65ff323064b6be40
2,jacques kallis,c †wade b doherty,6,7,7,1,0,85.71,20,7.29,146,5,team1,616be3ab65ff323064b6be40
3,jean-paul duminy,st †wade b doherty,30,25,36,4,0,120.00,20,7.29,146,5,team1,616be3ab65ff323064b6be40
4,ab de villiers (c)†,c bailey b watson,21,24,36,0,0,87.50,20,7.29,146,5,team1,616be3ab65ff323064b6be40
5,farhaan behardien,not out,31,27,45,2,1,114.81,20,7.29,146,5,team1,616be3ab65ff323064b6be40
6,robin peterson,not out,32,19,29,6,0,168.42,20,7.29,146,5,team1,616be3ab65ff323064b6be40
7,david warner,b morkel,5,9,15,0,0,55.55,17.4,8.32,147,2,team2,616be3ab65ff323064b6be40
8,shane watson,c parnell b peterson,70,47,62,8,2,148.93,17.4,8.32,147,2,team2,616be3ab65ff323064b6be40
9,michael hussey,not out,45,37,65,2,2,121.62,17.4,8.32,147,2,team2,616be3ab65ff323064b6be40
10,cameron white,not out,21,13,18,3,1,161.53,17.4,8.32,147,2,team2,616be3ab65ff323064b6be40
