,player,batting,r,b,m,4s,6s,sr,overs,run_rate,total_run,wickets,team,id
0,ahmed shehzad,c simmons b pollard,44,46,53,4,2,95.65,20,6.75,135,7,team1,616be46a65ff323064b6be6a
1,mohammad hafeez (c),c simmons b badree,10,7,13,1,0,142.85,20,6.75,135,7,team1,616be46a65ff323064b6be6a
2,umar amin,c & b sammy,7,6,9,1,0,116.66,20,6.75,135,7,team1,616be46a65ff323064b6be6a
3,haris sohail,c & b badree,1,4,6,0,0,25.00,20,6.75,135,7,team1,616be46a65ff323064b6be6a
4,umar akmal †,not out,46,36,56,3,1,127.77,20,6.75,135,7,team1,616be46a65ff323064b6be6a
5,shahid afridi,c samuels b narine,6,10,14,0,0,60.00,20,6.75,135,7,team1,616be46a65ff323064b6be6a
6,hammad azam,st †charles b narine,1,2,8,0,0,50.00,20,6.75,135,7,team1,616be46a65ff323064b6be6a
7,sohail tanvir,c bravo b narine,0,3,1,0,0,0.00,20,6.75,135,7,team1,616be46a65ff323064b6be6a
8,zulfiqar babar,not out,11,6,7,1,0,183.33,20,6.75,135,7,team1,616be46a65ff323064b6be6a
9,johnson charles †,c †umar akmal b sohail tanvir,0,9,6,0,0,0.00,20,6.20,124,9,team2,616be46a65ff323064b6be6a
10,chris gayle,c shahid afridi b mohammad hafeez,1,3,9,0,0,33.33,20,6.20,124,9,team2,616be46a65ff323064b6be6a
11,marlon samuels,c †umar akmal b sohail tanvir,1,4,6,0,0,25.00,20,6.20,124,9,team2,616be46a65ff323064b6be6a
12,lendl simmons,b shahid afridi,3,16,21,0,0,18.75,20,6.20,124,9,team2,616be46a65ff323064b6be6a
13,dwayne bravo,c hammad azam b zulfiqar babar,35,44,61,2,1,79.54,20,6.20,124,9,team2,616be46a65ff323064b6be6a
14,sunil narine,c umar amin b saeed ajmal,28,16,23,3,1,175.00,20,6.20,124,9,team2,616be46a65ff323064b6be6a
15,kieron pollard,c haris sohail b zulfiqar babar,23,10,17,2,2,230.00,20,6.20,124,9,team2,616be46a65ff323064b6be6a
16,daren sammy (c),c shahid afridi b saeed ajmal,1,4,10,0,0,25.00,20,6.20,124,9,team2,616be46a65ff323064b6be6a
17,chris barnwell,run out (hammad azam/†umar akmal),10,5,6,2,0,200.00,20,6.20,124,9,team2,616be46a65ff323064b6be6a
18,tino best,not out,17,9,8,0,2,188.88,20,6.20,124,9,team2,616be46a65ff323064b6be6a
19,samuel badree,not out,1,1,11,0,0,100.00,20,6.20,124,9,team2,616be46a65ff323064b6be6a
