,player,batting,r,b,m,4s,6s,sr,overs,run_rate,total_run,wickets,team,id
0,vusi sibanda,c tamim iqbal b shakib al hasan,46,39,-,4,2,117.94,20,8.15,163,7,team1,616be67b65ff323064b6bf11
1,hamilton masakadza,run out (†nurul hasan),79,53,-,9,2,149.05,20,8.15,163,7,team1,616be67b65ff323064b6bf11
2,malcolm waller,run out (sabbir rahman/†nurul hasan),14,8,-,2,0,175.00,20,8.15,163,7,team1,616be67b65ff323064b6bf11
3,sikandar raza,c mahmudullah b al-amin hossain,6,8,-,0,0,75.00,20,8.15,163,7,team1,616be67b65ff323064b6bf11
4,elton chigumbura (c),b mustafizur rahman,3,3,-,0,0,100.00,20,8.15,163,7,team1,616be67b65ff323064b6bf11
5,luke jongwe,b mustafizur rahman,0,1,-,0,0,0.00,20,8.15,163,7,team1,616be67b65ff323064b6bf11
6,sean williams,b al-amin hossain,2,6,-,0,0,33.33,20,8.15,163,7,team1,616be67b65ff323064b6bf11
7,peter moor †,not out,7,2,-,0,1,350.00,20,8.15,163,7,team1,616be67b65ff323064b6bf11
8,tamim iqbal,c sibanda b cremer,29,24,-,3,1,120.83,18.4,8.89,166,6,team2,616be67b65ff323064b6bf11
9,soumya sarkar,run out (wp masakadza/jongwe),7,5,-,1,0,140.00,18.4,8.89,166,6,team2,616be67b65ff323064b6bf11
10,sabbir rahman,c waller b cremer,46,36,-,4,1,127.77,18.4,8.89,166,6,team2,616be67b65ff323064b6bf11
11,shuvagata hom,b williams,6,7,-,0,0,85.71,18.4,8.89,166,6,team2,616be67b65ff323064b6bf11
12,mushfiqur rahim,c sikandar raza b wp masakadza,26,19,-,3,0,136.84,18.4,8.89,166,6,team2,616be67b65ff323064b6bf11
13,shakib al hasan,not out,20,13,-,2,0,153.84,18.4,8.89,166,6,team2,616be67b65ff323064b6bf11
14,mahmudullah,b jongwe,7,3,-,0,1,233.33,18.4,8.89,166,6,team2,616be67b65ff323064b6bf11
15,nurul hasan †,not out,7,5,-,1,0,140.00,18.4,8.89,166,6,team2,616be67b65ff323064b6bf11
