,player,batting,r,b,m,4s,6s,sr,overs,run_rate,total_run,wickets,team,id
0,gavin hamilton,c botha b connell,3,9,16,0,0,33.33,20,5.85,117,10,team1,616be0ff65ff323064b6bd5f
1,ryan watson (c),c strydom b kj o'brien,24,16,15,3,1,150.00,20,5.85,117,10,team1,616be0ff65ff323064b6bd5f
2,kyle coetzer,b botha,11,20,23,1,0,55.00,20,5.85,117,10,team1,616be0ff65ff323064b6bd5f
3,colin smith †,b cusack,1,2,5,0,0,50.00,20,5.85,117,10,team1,616be0ff65ff323064b6bd5f
4,richie berrington,c †nj o'brien b botha,17,23,36,1,0,73.91,20,5.85,117,10,team1,616be0ff65ff323064b6bd5f
5,neil mccallum,c †nj o'brien b botha,27,25,22,3,0,108.00,20,5.85,117,10,team1,616be0ff65ff323064b6bd5f
6,gregor maiden,lbw b cusack,0,1,5,0,0,0.00,20,5.85,117,10,team1,616be0ff65ff323064b6bd5f
7,gordon drummond,c porterfield b cusack,11,12,12,0,0,91.66,20,5.85,117,10,team1,616be0ff65ff323064b6bd5f
8,john blain,lbw b cusack,1,2,2,0,0,50.00,20,5.85,117,10,team1,616be0ff65ff323064b6bd5f
9,glenn rogers,not out,6,5,11,0,0,120.00,20,5.85,117,10,team1,616be0ff65ff323064b6bd5f
10,dewald nel,c mccallan b kj o'brien,5,5,4,0,0,100.00,20,5.85,117,10,team1,616be0ff65ff323064b6bd5f
11,william porterfield (c),b nel,7,9,11,1,0,77.77,19.5,5.94,118,6,team2,616be0ff65ff323064b6bd5f
12,gary wilson,b rogers,14,18,27,1,1,77.77,19.5,5.94,118,6,team2,616be0ff65ff323064b6bd5f
13,niall o'brien †,c †smith b blain,22,37,44,1,0,59.45,19.5,5.94,118,6,team2,616be0ff65ff323064b6bd5f
14,andre botha,b maiden,38,34,44,1,1,111.76,19.5,5.94,118,6,team2,616be0ff65ff323064b6bd5f
15,kevin o'brien,st †smith b rogers,3,4,4,0,0,75.00,19.5,5.94,118,6,team2,616be0ff65ff323064b6bd5f
16,trent johnston,c maiden b nel,5,6,14,0,0,83.33,19.5,5.94,118,6,team2,616be0ff65ff323064b6bd5f
17,andrew white,not out,11,9,12,1,0,122.22,19.5,5.94,118,6,team2,616be0ff65ff323064b6bd5f
18,reinhardt strydom,not out,5,4,8,0,0,125.00,19.5,5.94,118,6,team2,616be0ff65ff323064b6bd5f
