,player,batting,r,b,m,4s,6s,sr,overs,run_rate,total_run,wickets,team,id
0,brendon mccullum,run out (kulasekara),9,9,11,0,1,100.00,20,7.05,141,8,team1,616be1b665ff323064b6bd9e
1,jesse ryder,c bandara b kulasekara,13,14,23,2,0,92.85,20,7.05,141,8,team1,616be1b665ff323064b6bd9e
2,martin guptill,c kapugedera b bandara,29,25,38,2,1,116.00,20,7.05,141,8,team1,616be1b665ff323064b6bd9e
3,ross taylor,c kulasekara b mathews,60,45,57,5,1,133.33,20,7.05,141,8,team1,616be1b665ff323064b6bd9e
4,jacob oram,c kulasekara b mendis,8,13,22,0,0,61.53,20,7.05,141,8,team1,616be1b665ff323064b6bd9e
5,neil broom,not out,5,5,21,0,0,100.00,20,7.05,141,8,team1,616be1b665ff323064b6bd9e
6,peter mcglashan †,run out (mathews/†sangakkara),1,1,2,0,0,100.00,20,7.05,141,8,team1,616be1b665ff323064b6bd9e
7,kyle mills,b malinga,7,5,4,1,0,140.00,20,7.05,141,8,team1,616be1b665ff323064b6bd9e
8,daniel vettori (c),b malinga,0,1,1,0,0,0.00,20,7.05,141,8,team1,616be1b665ff323064b6bd9e
9,ian butler,not out,0,2,3,0,0,0.00,20,7.05,141,8,team1,616be1b665ff323064b6bd9e
10,tillakaratne dilshan,c ryder b butler,57,28,40,8,2,203.57,20,6.90,138,9,team2,616be1b665ff323064b6bd9e
11,sanath jayasuriya,c bond b mills,1,3,7,0,0,33.33,20,6.90,138,9,team2,616be1b665ff323064b6bd9e
12,mahela jayawardene,run out (ryder),3,6,12,0,0,50.00,20,6.90,138,9,team2,616be1b665ff323064b6bd9e
13,kumar sangakkara (c)†,c mccullum b vettori,13,9,12,1,0,144.44,20,6.90,138,9,team2,616be1b665ff323064b6bd9e
14,gihan rupasinghe,lbw b vettori,15,21,35,1,0,71.42,20,6.90,138,9,team2,616be1b665ff323064b6bd9e
15,chamara kapugedera,b butler,3,7,7,0,0,42.85,20,6.90,138,9,team2,616be1b665ff323064b6bd9e
16,angelo mathews,c & b oram,21,22,31,2,0,95.45,20,6.90,138,9,team2,616be1b665ff323064b6bd9e
17,nuwan kulasekara,c broom b oram,12,11,24,0,0,109.09,20,6.90,138,9,team2,616be1b665ff323064b6bd9e
18,malinga bandara,c mccullum b oram,7,9,11,0,0,77.77,20,6.90,138,9,team2,616be1b665ff323064b6bd9e
19,lasith malinga,not out,4,3,5,0,0,133.33,20,6.90,138,9,team2,616be1b665ff323064b6bd9e
20,ajantha mendis,not out,0,1,3,0,0,0.00,20,6.90,138,9,team2,616be1b665ff323064b6bd9e
