,player,batting,r,b,m,4s,6s,sr,overs,run_rate,total_run,wickets,team,id
0,richie berrington,lbw b mishra,29,42,-,2,0,69.04,20,5.65,113,6,team1,616be46a65ff323064b6be67
1,calum macleod,b nm odhiambo,13,18,-,1,0,72.22,20,5.65,113,6,team1,616be46a65ff323064b6be67
2,freddie coleman,lbw b varaiya,9,13,-,1,0,69.23,20,5.65,113,6,team1,616be46a65ff323064b6be67
3,matthew cross †,c nm odhiambo b mishra,10,9,-,1,0,111.11,20,5.65,113,6,team1,616be46a65ff323064b6be67
4,preston mommsen (c),not out,24,19,-,2,0,126.31,20,5.65,113,6,team1,616be46a65ff323064b6be67
5,michael leask,c patel b varaiya,1,3,-,0,0,33.33,20,5.65,113,6,team1,616be46a65ff323064b6be67
6,moneeb iqbal,c & b mishra,12,13,-,0,1,92.30,20,5.65,113,6,team1,616be46a65ff323064b6be67
7,gordon goudie,not out,9,3,-,0,1,300.00,20,5.65,113,6,team1,616be46a65ff323064b6be67
8,alex obanda,b goudie,3,6,-,0,0,50.00,18.5,4.14,78,10,team2,616be46a65ff323064b6be67
9,tanmay mishra,c iqbal b haq,13,24,-,0,0,54.16,18.5,4.14,78,10,team2,616be46a65ff323064b6be67
10,morris ouma †,c drummond b carter,7,12,-,1,0,58.33,18.5,4.14,78,10,team2,616be46a65ff323064b6be67
11,collins obuya (c),b drummond,0,1,-,0,0,0.00,18.5,4.14,78,10,team2,616be46a65ff323064b6be67
12,rakep patel,c goudie b macleod,4,7,-,0,0,57.14,18.5,4.14,78,10,team2,616be46a65ff323064b6be67
13,irfan karim,run out (berrington/†cross),11,21,-,0,0,52.38,18.5,4.14,78,10,team2,616be46a65ff323064b6be67
14,duncan allan,c mommsen b drummond,15,17,-,1,0,88.23,18.5,4.14,78,10,team2,616be46a65ff323064b6be67
15,nehemiah odhiambo,lbw b macleod,5,3,-,1,0,166.66,18.5,4.14,78,10,team2,616be46a65ff323064b6be67
16,nelson odhiambo,b goudie,0,2,-,0,0,0.00,18.5,4.14,78,10,team2,616be46a65ff323064b6be67
17,hiren varaiya,not out,5,10,-,0,0,50.00,18.5,4.14,78,10,team2,616be46a65ff323064b6be67
18,elijah otieno,b goudie,3,10,-,0,0,30.00,18.5,4.14,78,10,team2,616be46a65ff323064b6be67
