,player,batting,r,b,m,4s,6s,sr,overs,run_rate,total_run,wickets,team,id
0,william porterfield (c),c rizwan cheema b junaid siddiqui,5,12,14,1,0,41.66,20,8.39,168,5,team1,616be46a65ff323064b6be7a
1,paul stirling,lbw b baidwan,16,12,21,4,0,133.33,20,8.39,168,5,team1,616be46a65ff323064b6be7a
2,niall o'brien,st †bagai b hansra,27,24,38,3,0,112.50,20,8.39,168,5,team1,616be46a65ff323064b6be7a
3,kevin o'brien,c †bagai b hansra,31,23,26,2,1,134.78,20,8.39,168,5,team1,616be46a65ff323064b6be7a
4,trent johnston,not out,39,24,40,3,2,162.50,20,8.39,168,5,team1,616be46a65ff323064b6be7a
5,gary wilson †,c patel b baidwan,24,18,23,0,0,133.33,20,8.39,168,5,team1,616be46a65ff323064b6be7a
6,john mooney,not out,14,7,11,2,0,200.00,20,8.39,168,5,team1,616be46a65ff323064b6be7a
7,hiral patel,lbw b sorensen,0,1,-,0,0,0.00,20,8.30,166,3,team2,616be46a65ff323064b6be7a
8,ruvindu gunasekera,c nj o'brien b cusack,65,52,67,7,1,125.00,20,8.30,166,3,team2,616be46a65ff323064b6be7a
9,rizwan cheema,c †wilson b sorensen,0,1,-,0,0,0.00,20,8.30,166,3,team2,616be46a65ff323064b6be7a
10,ashish bagai (c)†,not out,67,55,87,7,0,121.81,20,8.30,166,3,team2,616be46a65ff323064b6be7a
11,jimmy hansra,not out,22,12,20,0,1,183.33,20,8.30,166,3,team2,616be46a65ff323064b6be7a
