,player,batting,r,b,m,4s,6s,sr,overs,run_rate,total_run,wickets,team,id
0,richard levi,c nl mccullum b hira,5,13,13,0,0,38.46,19,8.68,165,5,team1,616be3ab65ff323064b6be4e
1,henry davids,c neesham b mcclenaghan,55,38,46,7,1,144.73,19,8.68,165,5,team1,616be3ab65ff323064b6be4e
2,faf du plessis (c),c anderson b bracewell,63,43,68,8,1,146.51,19,8.68,165,5,team1,616be3ab65ff323064b6be4e
3,david miller,c hira b bracewell,33,18,35,2,2,183.33,19,8.68,165,5,team1,616be3ab65ff323064b6be4e
4,farhaan behardien,not out,5,2,5,1,0,250.00,19,8.68,165,5,team1,616be3ab65ff323064b6be4e
5,robin peterson,c neesham b bracewell,0,1,2,0,0,0.00,19,8.68,165,5,team1,616be3ab65ff323064b6be4e
6,quinton de kock †,not out,0,0,1,0,0,-,19,8.68,165,5,team1,616be3ab65ff323064b6be4e
7,martin guptill,not out,101,69,89,9,6,146.37,19,8.89,169,2,team2,616be3ab65ff323064b6be4e
8,rob nicol,c miller b peterson,25,24,39,4,0,104.16,19,8.89,169,2,team2,616be3ab65ff323064b6be4e
9,brendon mccullum (c)†,c miller b mclaren,17,15,17,2,0,113.33,19,8.89,169,2,team2,616be3ab65ff323064b6be4e
10,colin munro,not out,8,7,13,0,0,114.28,19,8.89,169,2,team2,616be3ab65ff323064b6be4e
