,player,batting,r,b,m,4s,6s,sr,overs,run_rate,total_run,wickets,team,id
0,brendon mccullum,c tharanga b muralitharan,39,22,33,2,4,177.27,20,8.10,162,8,team1,616be07165ff323064b6bd2f
1,stephen fleming (c),b maharoof,38,24,29,6,0,158.33,20,8.10,162,8,team1,616be07165ff323064b6bd2f
2,james franklin,lbw b jayasuriya,18,15,17,2,1,120.00,20,8.10,162,8,team1,616be07165ff323064b6bd2f
3,ross taylor,lbw b muralitharan,21,21,25,2,0,100.00,20,8.10,162,8,team1,616be07165ff323064b6bd2f
4,nathan astle,b jayasuriya,19,13,21,1,1,146.15,20,8.10,162,8,team1,616be07165ff323064b6bd2f
5,james marshall,c silva b jayasuriya,1,4,3,0,0,25.00,20,8.10,162,8,team1,616be07165ff323064b6bd2f
6,peter mcglashan †,st †sangakkara b silva,5,12,11,0,0,41.66,20,8.10,162,8,team1,616be07165ff323064b6bd2f
7,andre adams,not out,6,5,9,0,0,120.00,20,8.10,162,8,team1,616be07165ff323064b6bd2f
8,shane bond,b vaas,0,2,1,0,0,0.00,20,8.10,162,8,team1,616be07165ff323064b6bd2f
9,mark gillespie,not out,3,2,1,0,0,150.00,20,8.10,162,8,team1,616be07165ff323064b6bd2f
10,upul tharanga,c fleming b bond,6,10,15,0,0,60.00,5.5,10.62,62,1,team2,616be07165ff323064b6bd2f
11,sanath jayasuriya,not out,51,23,23,10,1,221.73,5.5,10.62,62,1,team2,616be07165ff323064b6bd2f
12,mahela jayawardene (c),not out,2,2,7,0,0,100.00,5.5,10.62,62,1,team2,616be07165ff323064b6bd2f
