,player,batting,r,b,m,4s,6s,sr,overs,run_rate,total_run,wickets,team,id
0,tillakaratne dilshan,b shahid afridi,46,39,48,8,0,117.94,20,7.50,150,7,team1,616be1b665ff323064b6bd8d
1,sanath jayasuriya,c younis khan b shahid afridi,26,24,41,2,1,108.33,20,7.50,150,7,team1,616be1b665ff323064b6bd8d
2,kumar sangakkara (c)†,st †kamran akmal b saeed ajmal,15,16,16,1,0,93.75,20,7.50,150,7,team1,616be1b665ff323064b6bd8d
3,mahela jayawardene,c shahid afridi b saeed ajmal,19,18,26,2,0,105.55,20,7.50,150,7,team1,616be1b665ff323064b6bd8d
4,chamara silva,c †kamran akmal b umar gul,8,6,8,1,0,133.33,20,7.50,150,7,team1,616be1b665ff323064b6bd8d
5,jehan mubarak,run out (shoaib malik/†kamran akmal),5,10,19,0,0,50.00,20,7.50,150,7,team1,616be1b665ff323064b6bd8d
6,angelo mathews,not out,9,8,14,1,0,112.50,20,7.50,150,7,team1,616be1b665ff323064b6bd8d
7,nuwan kulasekara,lbw b umar gul,0,1,1,0,0,0.00,20,7.50,150,7,team1,616be1b665ff323064b6bd8d
8,lasith malinga,not out,2,1,1,0,0,200.00,20,7.50,150,7,team1,616be1b665ff323064b6bd8d
9,salman butt,b mathews,0,3,1,0,0,0.00,20,6.54,131,9,team2,616be1b665ff323064b6bd8d
10,kamran akmal †,run out (silva/mathews),5,9,30,0,0,55.55,20,6.54,131,9,team2,616be1b665ff323064b6bd8d
11,shoaib malik,c kulasekara b malinga,28,20,19,5,0,140.00,20,6.54,131,9,team2,616be1b665ff323064b6bd8d
12,younis khan (c),c †sangakkara b malinga,50,37,50,4,0,135.13,20,6.54,131,9,team2,616be1b665ff323064b6bd8d
13,misbah-ul-haq,c silva b muralitharan,21,28,39,0,0,75.00,20,6.54,131,9,team2,616be1b665ff323064b6bd8d
14,shahid afridi,c dilshan b muralitharan,0,1,1,0,0,0.00,20,6.54,131,9,team2,616be1b665ff323064b6bd8d
15,fawad alam,c †sangakkara b kulasekara,12,11,17,1,0,109.09,20,6.54,131,9,team2,616be1b665ff323064b6bd8d
16,sohail tanvir,c & b malinga,3,7,10,0,0,42.85,20,6.54,131,9,team2,616be1b665ff323064b6bd8d
17,umar gul,not out,9,4,4,0,1,225.00,20,6.54,131,9,team2,616be1b665ff323064b6bd8d
18,mohammad amir,run out (mathews/kulasekara),0,0,1,0,0,-,20,6.54,131,9,team2,616be1b665ff323064b6bd8d
19,saeed ajmal,not out,0,0,1,0,0,-,20,6.54,131,9,team2,616be1b665ff323064b6bd8d
