,player,batting,r,b,m,4s,6s,sr,overs,run_rate,total_run,wickets,team,id
0,collins obuya (c),not out,60,49,-,6,1,122.44,20,7.45,149,4,team1,616be46a65ff323064b6be74
1,nehemiah odhiambo,b samiullah shinwari,41,31,-,4,2,132.25,20,7.45,149,4,team1,616be46a65ff323064b6be74
2,rakep patel,st †afsar zazai b karim sadiq,8,5,-,0,1,160.00,20,7.45,149,4,team1,616be46a65ff323064b6be74
3,irfan karim,b amir hamza,14,23,-,0,1,60.86,20,7.45,149,4,team1,616be46a65ff323064b6be74
4,morris ouma †,c samiullah shinwari b hamid hassan,14,13,-,1,0,107.69,20,7.45,149,4,team1,616be46a65ff323064b6be74
5,mohammad shahzad,b otieno,18,11,-,4,0,163.63,20,5.75,115,8,team2,616be46a65ff323064b6be74
6,karim sadiq,c obuya b ngoche,3,9,-,0,0,33.33,20,5.75,115,8,team2,616be46a65ff323064b6be74
7,afsar zazai †,c patel b varaiya,9,21,-,0,0,42.85,20,5.75,115,8,team2,616be46a65ff323064b6be74
8,nawroz mangal,c nn odhiambo b obuya,36,23,-,1,3,156.52,20,5.75,115,8,team2,616be46a65ff323064b6be74
9,asghar afghan,c gondaria b otieno,16,31,-,1,0,51.61,20,5.75,115,8,team2,616be46a65ff323064b6be74
10,mohammad nabi (c),lbw b obuya,10,9,-,0,1,111.11,20,5.75,115,8,team2,616be46a65ff323064b6be74
11,samiullah shinwari,c obuya b otieno,6,8,-,0,0,75.00,20,5.75,115,8,team2,616be46a65ff323064b6be74
12,mirwais ashraf,lbw b nn odhiambo,2,5,-,0,0,40.00,20,5.75,115,8,team2,616be46a65ff323064b6be74
13,hamid hassan,not out,4,3,-,1,0,133.33,20,5.75,115,8,team2,616be46a65ff323064b6be74
14,shapoor zadran,not out,1,2,-,0,0,50.00,20,5.75,115,8,team2,616be46a65ff323064b6be74
