,player,batting,r,b,m,4s,6s,sr,overs,run_rate,total_run,wickets,team,id
0,graeme smith (c),c jadeja b harbhajan singh,26,26,37,2,0,100.00,20,6.50,130,5,team1,616be1b665ff323064b6bd96
1,herschelle gibbs,b singh,5,3,7,1,0,166.66,20,6.50,130,5,team1,616be1b665ff323064b6bd96
2,ab de villiers,c & b jadeja,63,51,56,7,0,123.52,20,6.50,130,5,team1,616be1b665ff323064b6bd96
3,jean-paul duminy,st †dhoni b raina,10,15,20,0,0,66.66,20,6.50,130,5,team1,616be1b665ff323064b6bd96
4,mark boucher †,c singh b khan,11,15,17,1,0,73.33,20,6.50,130,5,team1,616be1b665ff323064b6bd96
5,albie morkel,not out,8,8,13,1,0,100.00,20,6.50,130,5,team1,616be1b665ff323064b6bd96
6,johan botha,not out,4,2,3,1,0,200.00,20,6.50,130,5,team1,616be1b665ff323064b6bd96
7,gautam gambhir,c duminy b botha,21,19,27,3,0,110.52,20,5.90,118,8,team2,616be1b665ff323064b6bd96
8,rohit sharma,c steyn b duminy,29,28,39,3,0,103.57,20,5.90,118,8,team2,616be1b665ff323064b6bd96
9,suresh raina,c m morkel b botha,3,8,7,0,0,37.50,20,5.90,118,8,team2,616be1b665ff323064b6bd96
10,yuvraj singh,c †boucher b steyn,25,25,47,1,1,100.00,20,5.90,118,8,team2,616be1b665ff323064b6bd96
11,ms dhoni (c)†,run out (†boucher/m morkel),5,12,11,0,0,41.66,20,5.90,118,8,team2,616be1b665ff323064b6bd96
12,yusuf pathan,c de villiers b van der merwe,0,2,2,0,0,0.00,20,5.90,118,8,team2,616be1b665ff323064b6bd96
13,harbhajan singh,c de villiers b botha,14,15,18,1,1,93.33,20,5.90,118,8,team2,616be1b665ff323064b6bd96
14,ravindra jadeja,not out,7,6,14,0,0,116.66,20,5.90,118,8,team2,616be1b665ff323064b6bd96
15,zaheer khan,c de villiers b steyn,4,3,1,0,0,133.33,20,5.90,118,8,team2,616be1b665ff323064b6bd96
16,rp singh,not out,2,2,4,0,0,100.00,20,5.90,118,8,team2,616be1b665ff323064b6bd96
