,player,batting,r,b,m,4s,6s,sr,overs,run_rate,total_run,wickets,team,id
0,amjad ali,b van der gugten,5,6,9,1,0,83.33,19.5,7.61,151,10,team1,616be51c65ff323064b6be9b
1,faizan asif,c ahsan malik b swart,6,4,3,0,1,150.00,19.5,7.61,151,10,team1,616be51c65ff323064b6be9b
2,khurram khan (c),b tlw cooper,31,25,44,4,0,124.00,19.5,7.61,151,10,team1,616be51c65ff323064b6be9b
3,swapnil patil †,b tlw cooper,23,28,39,2,0,82.14,19.5,7.61,151,10,team1,616be51c65ff323064b6be9b
4,shaiman anwar,b van der gugten,32,19,24,4,1,168.42,19.5,7.61,151,10,team1,616be51c65ff323064b6be9b
5,rohan mustafa,run out (borren),20,14,20,2,0,142.85,19.5,7.61,151,10,team1,616be51c65ff323064b6be9b
6,amjad javed,c seelaar b ahsan malik,2,2,3,0,0,100.00,19.5,7.61,151,10,team1,616be51c65ff323064b6be9b
7,vikrant shetty,c & b ahsan malik,10,12,16,1,0,83.33,19.5,7.61,151,10,team1,616be51c65ff323064b6be9b
8,shadeep silva,run out (tlw cooper),3,6,10,0,0,50.00,19.5,7.61,151,10,team1,616be51c65ff323064b6be9b
9,kamran shazad,c van beek b ahsan malik,0,2,4,0,0,0.00,19.5,7.61,151,10,team1,616be51c65ff323064b6be9b
10,manjula guruge,not out,1,1,1,0,0,100.00,19.5,7.61,151,10,team1,616be51c65ff323064b6be9b
11,stephan myburgh,run out (†patil),55,36,43,7,2,152.77,18.5,8.07,152,4,team2,616be51c65ff323064b6be9b
12,michael swart,c amjad javed b kamran shazad,26,16,27,3,1,162.50,18.5,8.07,152,4,team2,616be51c65ff323064b6be9b
13,wesley barresi †,b silva,24,21,32,1,1,114.28,18.5,8.07,152,4,team2,616be51c65ff323064b6be9b
14,tom cooper,not out,34,26,34,4,1,130.76,18.5,8.07,152,4,team2,616be51c65ff323064b6be9b
15,peter borren (c),c silva b kamran shazad,3,8,12,0,0,37.50,18.5,8.07,152,4,team2,616be51c65ff323064b6be9b
16,ben cooper,not out,6,6,4,1,0,100.00,18.5,8.07,152,4,team2,616be51c65ff323064b6be9b
