,player,batting,r,b,m,4s,6s,sr,overs,run_rate,total_run,wickets,team,id
0,george munsey,c babar hayat b tanwir afzal,17,10,-,2,1,170.00,10,6.60,66,7,team1,616be71c65ff323064b6bf19
1,kyle coetzer,c †atkinson b haseeb amjad,0,3,-,0,0,0.00,10,6.60,66,7,team1,616be71c65ff323064b6bf19
2,matthew cross †,c †atkinson b aizaz khan,7,5,-,1,0,140.00,10,6.60,66,7,team1,616be71c65ff323064b6bf19
3,matt machan,run out (shah),10,7,-,1,0,142.85,10,6.60,66,7,team1,616be71c65ff323064b6bf19
4,richie berrington,c waqas barkat b nadeem ahmed,5,9,-,0,0,55.55,10,6.60,66,7,team1,616be71c65ff323064b6bf19
5,preston mommsen (c),run out (†atkinson),4,7,-,0,0,57.14,10,6.60,66,7,team1,616be71c65ff323064b6bf19
6,calum macleod,run out (aizaz khan),16,14,-,0,1,114.28,10,6.60,66,7,team1,616be71c65ff323064b6bf19
7,rob taylor,not out,6,6,-,0,0,100.00,10,6.60,66,7,team1,616be71c65ff323064b6bf19
8,jamie atkinson †,c machan b sharif,20,7,-,2,1,285.71,6.2,11.36,72,1,team2,616be71c65ff323064b6bf19
9,anshy rath,not out,20,17,-,2,0,117.64,6.2,11.36,72,1,team2,616be71c65ff323064b6bf19
10,babar hayat,not out,26,14,-,2,2,185.71,6.2,11.36,72,1,team2,616be71c65ff323064b6bf19
