,player,batting,r,b,m,4s,6s,sr,overs,run_rate,total_run,wickets,team,id
0,lou vincent,c †solanki b broad,13,17,26,1,0,76.47,20,8.19,164,9,team1,616be07165ff323064b6bd48
1,brendon mccullum †,c †solanki b anderson,4,5,4,1,0,80.00,20,8.19,164,9,team1,616be07165ff323064b6bd48
2,peter fulton,lbw b flintoff,0,2,6,0,0,0.00,20,8.19,164,9,team1,616be07165ff323064b6bd48
3,ross taylor,c flintoff b anderson,7,8,6,0,1,87.50,20,8.19,164,9,team1,616be07165ff323064b6bd48
4,scott styris,run out (maddy),42,31,33,1,4,135.48,20,8.19,164,9,team1,616be07165ff323064b6bd48
5,craig mcmillan,c mascarenhas b maddy,57,31,40,3,4,183.87,20,8.19,164,9,team1,616be07165ff323064b6bd48
6,jacob oram,b maddy,8,6,15,1,0,133.33,20,8.19,164,9,team1,616be07165ff323064b6bd48
7,daniel vettori (c),not out,17,9,15,2,0,188.88,20,8.19,164,9,team1,616be07165ff323064b6bd48
8,shane bond,b collingwood,2,3,4,0,0,66.66,20,8.19,164,9,team1,616be07165ff323064b6bd48
9,mark gillespie,run out (anderson/†solanki),7,8,9,0,0,87.50,20,8.19,164,9,team1,616be07165ff323064b6bd48
10,darren maddy,run out (mcmillan/martin),50,31,42,4,2,161.29,20,7.94,159,8,team2,616be07165ff323064b6bd48
11,vikram solanki †,c vincent b vettori,24,25,30,4,0,96.00,20,7.94,159,8,team2,616be07165ff323064b6bd48
12,kevin pietersen,b vettori,24,16,24,2,1,150.00,20,7.94,159,8,team2,616be07165ff323064b6bd48
13,paul collingwood (c),c mcmillan b martin,3,5,6,0,0,60.00,20,7.94,159,8,team2,616be07165ff323064b6bd48
14,owais shah,run out (vettori/†mccullum),21,16,28,0,1,131.25,20,7.94,159,8,team2,616be07165ff323064b6bd48
15,andrew flintoff,run out (vincent/vettori),1,1,1,0,0,100.00,20,7.94,159,8,team2,616be07165ff323064b6bd48
16,luke wright,c sub (js patel) b bond,24,17,25,1,1,141.17,20,7.94,159,8,team2,616be07165ff323064b6bd48
17,dimitri mascarenhas,c sub (js patel) b bond,0,1,1,0,0,0.00,20,7.94,159,8,team2,616be07165ff323064b6bd48
18,chris schofield,not out,8,6,9,0,0,133.33,20,7.94,159,8,team2,616be07165ff323064b6bd48
19,stuart broad,not out,3,2,6,0,0,150.00,20,7.94,159,8,team2,616be07165ff323064b6bd48
