,player,batting,r,b,m,4s,6s,sr,overs,run_rate,total_run,wickets,team,id
0,chris gayle,c astle b bond,10,12,14,2,0,83.33,20,6.30,126,7,team1,616be07165ff323064b6bd29
1,daren ganga,c franklin b styris,26,31,39,3,1,83.87,20,6.30,126,7,team1,616be07165ff323064b6bd29
2,runako morton,lbw b styris,4,9,14,0,0,44.44,20,6.30,126,7,team1,616be07165ff323064b6bd29
3,dwayne smith,run out (cairns),8,4,4,1,0,200.00,20,6.30,126,7,team1,616be07165ff323064b6bd29
4,wavell hinds,run out (marshall/patel),14,18,21,1,0,77.77,20,6.30,126,7,team1,616be07165ff323064b6bd29
5,shivnarine chanderpaul (c),c marshall b patel,26,27,33,2,0,96.29,20,6.30,126,7,team1,616be07165ff323064b6bd29
6,dwayne bravo,not out,19,16,25,2,0,118.75,20,6.30,126,7,team1,616be07165ff323064b6bd29
7,denesh ramdin †,c cairns b bond,9,4,5,2,0,225.00,20,6.30,126,7,team1,616be07165ff323064b6bd29
8,ian bradshaw,not out,0,0,1,0,0,-,20,6.30,126,7,team1,616be07165ff323064b6bd29
9,lou vincent,b smith,42,37,57,5,1,113.51,20,6.30,126,8,team2,616be07165ff323064b6bd29
10,stephen fleming (c),c butler b taylor,6,7,9,1,0,85.71,20,6.30,126,8,team2,616be07165ff323064b6bd29
11,nathan astle,c chanderpaul b taylor,5,7,16,1,0,71.42,20,6.30,126,8,team2,616be07165ff323064b6bd29
12,scott styris,b bravo,19,16,15,2,1,118.75,20,6.30,126,8,team2,616be07165ff323064b6bd29
13,chris cairns,b bravo,2,9,7,0,0,22.22,20,6.30,126,8,team2,616be07165ff323064b6bd29
14,peter fulton,b gayle,16,17,25,0,0,94.11,20,6.30,126,8,team2,616be07165ff323064b6bd29
15,hamish marshall,c bradshaw b gayle,1,4,4,0,0,25.00,20,6.30,126,8,team2,616be07165ff323064b6bd29
16,brendon mccullum †,b smith,4,10,8,0,0,40.00,20,6.30,126,8,team2,616be07165ff323064b6bd29
17,james franklin,not out,13,9,14,0,1,144.44,20,6.30,126,8,team2,616be07165ff323064b6bd29
18,shane bond,not out,8,4,9,1,0,200.00,20,6.30,126,8,team2,616be07165ff323064b6bd29
