,player,batting,r,b,m,4s,6s,sr,overs,run_rate,total_run,wickets,team,id
0,david warner,c umar akmal b mohammad sami,26,18,21,4,1,144.44,20,9.54,191,10,team1,616be25c65ff323064b6bdc2
1,shane watson,lbw b saeed ajmal,81,49,62,7,4,165.30,20,9.54,191,10,team1,616be25c65ff323064b6bdc2
2,michael clarke (c),b mohammad hafeez,2,3,6,0,0,66.66,20,9.54,191,10,team1,616be25c65ff323064b6bdc2
3,david hussey,c fawad alam b saeed ajmal,53,29,28,2,5,182.75,20,9.54,191,10,team1,616be25c65ff323064b6bdc2
4,michael hussey,run out (†kamran akmal),17,8,19,1,1,212.50,20,9.54,191,10,team1,616be25c65ff323064b6bdc2
5,cameron white,c fawad alam b saeed ajmal,9,7,6,0,0,128.57,20,9.54,191,10,team1,616be25c65ff323064b6bdc2
6,brad haddin †,c mohammad sami b mohammad amir,1,2,1,0,0,50.00,20,9.54,191,10,team1,616be25c65ff323064b6bdc2
7,mitchell johnson,b mohammad amir,0,1,1,0,0,0.00,20,9.54,191,10,team1,616be25c65ff323064b6bdc2
8,steven smith,run out (†kamran akmal),0,1,1,0,0,0.00,20,9.54,191,10,team1,616be25c65ff323064b6bdc2
9,dirk nannes,not out,0,1,2,0,0,0.00,20,9.54,191,10,team1,616be25c65ff323064b6bdc2
10,shaun tait,b mohammad amir,0,2,1,0,0,0.00,20,9.54,191,10,team1,616be25c65ff323064b6bdc2
11,kamran akmal †,c smith b nannes,0,1,1,0,0,0.00,20,7.85,157,10,team2,616be25c65ff323064b6bdc2
12,salman butt,c dj hussey b tait,15,10,18,3,0,150.00,20,7.85,157,10,team2,616be25c65ff323064b6bdc2
13,mohammad hafeez,c mek hussey b johnson,12,14,19,3,0,85.71,20,7.85,157,10,team2,616be25c65ff323064b6bdc2
14,umar akmal,c mek hussey b smith,18,14,21,0,1,128.57,20,7.85,157,10,team2,616be25c65ff323064b6bdc2
15,misbah-ul-haq,c clarke b nannes,41,31,43,1,2,132.25,20,7.85,157,10,team2,616be25c65ff323064b6bdc2
16,shahid afridi (c),b tait,33,24,21,3,1,137.50,20,7.85,157,10,team2,616be25c65ff323064b6bdc2
17,abdul razzaq,c warner b nannes,1,2,2,0,0,50.00,20,7.85,157,10,team2,616be25c65ff323064b6bdc2
18,fawad alam,c clarke b johnson,16,11,13,1,1,145.45,20,7.85,157,10,team2,616be25c65ff323064b6bdc2
19,mohammad amir,c smith b dj hussey,2,3,4,0,0,66.66,20,7.85,157,10,team2,616be25c65ff323064b6bdc2
20,mohammad sami,not out,5,5,7,0,0,100.00,20,7.85,157,10,team2,616be25c65ff323064b6bdc2
21,saeed ajmal,b tait,4,6,4,0,0,66.66,20,7.85,157,10,team2,616be25c65ff323064b6bdc2
