,player,batting,r,b,m,4s,6s,sr,overs,run_rate,total_run,wickets,team,id
0,david obuya †,c farhad reza b mashrafe mortaza,23,19,-,4,0,121.05,20,6.90,138,7,team1,616be07165ff323064b6bd35
1,jadavji jesani,c syed rasel b mashrafe mortaza,1,5,-,0,0,20.00,20,6.90,138,7,team1,616be07165ff323064b6bd35
2,tanmay mishra,b farhad reza,38,41,-,2,1,92.68,20,6.90,138,7,team1,616be07165ff323064b6bd35
3,steve tikolo (c),c mahmudullah b mohammad ashraful,24,21,-,2,0,114.28,20,6.90,138,7,team1,616be07165ff323064b6bd35
4,thomas odoyo,b farhad reza,22,13,-,2,1,169.23,20,6.90,138,7,team1,616be07165ff323064b6bd35
5,collins obuya,not out,14,10,-,1,0,140.00,20,6.90,138,7,team1,616be07165ff323064b6bd35
6,jimmy kamande,st †mushfiqur rahim b abdur razzak,6,6,-,1,0,100.00,20,6.90,138,7,team1,616be07165ff323064b6bd35
7,rajesh bhudia,st †mushfiqur rahim b abdur razzak,0,2,-,0,0,0.00,20,6.90,138,7,team1,616be07165ff323064b6bd35
8,lameck onyango,not out,4,4,-,0,0,100.00,20,6.90,138,7,team1,616be07165ff323064b6bd35
9,tamim iqbal,c co obuya b ongondo,11,12,-,2,0,91.66,17.4,7.86,139,5,team2,616be07165ff323064b6bd35
10,nazimuddin,c bhudia b kamande,43,37,-,3,2,116.21,17.4,7.86,139,5,team2,616be07165ff323064b6bd35
11,aftab ahmed,c odoyo b onyango,17,6,-,2,1,283.33,17.4,7.86,139,5,team2,616be07165ff323064b6bd35
12,mohammad ashraful (c),c odoyo b ongondo,36,20,-,4,1,180.00,17.4,7.86,139,5,team2,616be07165ff323064b6bd35
13,alok kapali,not out,17,19,-,1,0,89.47,17.4,7.86,139,5,team2,616be07165ff323064b6bd35
14,mahmudullah,c †do obuya b odoyo,2,8,-,0,0,25.00,17.4,7.86,139,5,team2,616be07165ff323064b6bd35
15,mashrafe mortaza,not out,7,6,-,0,1,116.66,17.4,7.86,139,5,team2,616be07165ff323064b6bd35
