,player,batting,r,b,m,4s,6s,sr,overs,run_rate,total_run,wickets,team,id
0,niall o'brien,b gavera,9,12,18,1,0,75.00,20,6.15,123,9,team1,616be5d165ff323064b6bee4
1,paul stirling,b vanua,1,3,5,0,0,33.33,20,6.15,123,9,team1,616be5d165ff323064b6bee4
2,william porterfield (c),not out,57,58,81,4,1,98.27,20,6.15,123,9,team1,616be5d165ff323064b6bee4
3,kevin o'brien,c dai b gavera,4,2,1,1,0,200.00,20,6.15,123,9,team1,616be5d165ff323064b6bee4
4,andy balbirnie,b reva,6,11,13,1,0,54.54,20,6.15,123,9,team1,616be5d165ff323064b6bee4
5,gary wilson †,st †vare b vala,10,12,25,0,0,83.33,20,6.15,123,9,team1,616be5d165ff323064b6bee4
6,stuart thompson,run out (dai/vala),6,4,7,1,0,150.00,20,6.15,123,9,team1,616be5d165ff323064b6bee4
7,john mooney,c vanua b nou,5,3,4,1,0,166.66,20,6.15,123,9,team1,616be5d165ff323064b6bee4
8,george dockrell,run out (ura/†vare),8,8,7,0,0,100.00,20,6.15,123,9,team1,616be5d165ff323064b6bee4
9,tyrone kane,c amini b gavera,2,3,3,0,0,66.66,20,6.15,123,9,team1,616be5d165ff323064b6bee4
10,alex cusack,not out,13,4,5,1,1,325.00,20,6.15,123,9,team1,616be5d165ff323064b6bee4
11,tony ura,lbw b cusack,6,4,5,1,0,150.00,18.5,6.58,124,8,team2,616be5d165ff323064b6bee4
12,lega siaka,c dockrell b mooney,7,5,9,0,1,140.00,18.5,6.58,124,8,team2,616be5d165ff323064b6bee4
13,assad vala,c †wilson b kj o'brien,32,32,50,5,0,100.00,18.5,6.58,124,8,team2,616be5d165ff323064b6bee4
14,kila pala,c thompson b kj o'brien,19,14,18,3,0,135.71,18.5,6.58,124,8,team2,616be5d165ff323064b6bee4
15,mahuru dai,b kane,7,19,20,0,0,36.84,18.5,6.58,124,8,team2,616be5d165ff323064b6bee4
16,charles amini,c sub (ar mcbrine) b mooney,6,12,16,0,0,50.00,18.5,6.58,124,8,team2,616be5d165ff323064b6bee4
17,jack vare (c)†,c dockrell b kane,5,7,17,1,0,71.42,18.5,6.58,124,8,team2,616be5d165ff323064b6bee4
18,john reva,c balbirnie b kane,2,7,9,0,0,28.57,18.5,6.58,124,8,team2,616be5d165ff323064b6bee4
19,norman vanua,not out,28,10,12,0,4,280.00,18.5,6.58,124,8,team2,616be5d165ff323064b6bee4
20,loa nou,not out,2,3,10,0,0,66.66,18.5,6.58,124,8,team2,616be5d165ff323064b6bee4
