,player,batting,r,b,m,4s,6s,sr,overs,run_rate,total_run,wickets,team,id
0,chris gayle (c),b anderson,5,8,6,1,0,62.50,20,10.40,208,8,team1,616be07165ff323064b6bd33
1,devon smith,c yardy b mascarenhas,61,34,49,7,3,179.41,20,10.40,208,8,team1,616be07165ff323064b6bd33
2,shivnarine chanderpaul,c cook b mascarenhas,41,26,34,6,0,157.69,20,10.40,208,8,team1,616be07165ff323064b6bd33
3,marlon samuels,c mascarenhas b sidebottom,51,26,14,3,4,196.15,20,10.40,208,8,team1,616be07165ff323064b6bd33
4,dwayne bravo,st †prior b yardy,1,2,4,0,0,50.00,20,10.40,208,8,team1,616be07165ff323064b6bd33
5,denesh ramdin †,c mascarenhas b broad,24,13,1,2,1,184.61,20,10.40,208,8,team1,616be07165ff323064b6bd33
6,dwayne smith,run out (sidebottom),6,5,3,1,0,120.00,20,10.40,208,8,team1,616be07165ff323064b6bd33
7,runako morton,not out,2,4,2,0,0,50.00,20,10.40,208,8,team1,616be07165ff323064b6bd33
8,daren sammy,b anderson,1,2,2,0,0,50.00,20,10.40,208,8,team1,616be07165ff323064b6bd33
9,ravi rampaul,not out,0,1,2,0,0,0.00,20,10.40,208,8,team1,616be07165ff323064b6bd33
10,alastair cook,c bravo b dr smith,15,16,11,2,0,93.75,20,9.65,193,7,team2,616be07165ff323064b6bd33
11,matt prior †,c powell b dr smith,25,14,14,2,2,178.57,20,9.65,193,7,team2,616be07165ff323064b6bd33
12,jonathan trott,b sammy,9,9,13,0,0,100.00,20,9.65,193,7,team2,616be07165ff323064b6bd33
13,kevin pietersen,run out (dr smith/samuels),16,11,18,2,0,145.45,20,9.65,193,7,team2,616be07165ff323064b6bd33
14,paul collingwood (c),run out (dr smith/†ramdin),79,41,47,5,4,192.68,20,9.65,193,7,team2,616be07165ff323064b6bd33
15,owais shah,lbw b dr smith,7,6,2,1,0,116.66,20,9.65,193,7,team2,616be07165ff323064b6bd33
16,dimitri mascarenhas,c morton b sammy,2,4,4,0,0,50.00,20,9.65,193,7,team2,616be07165ff323064b6bd33
17,michael yardy,not out,23,18,31,2,0,127.77,20,9.65,193,7,team2,616be07165ff323064b6bd33
18,stuart broad,not out,1,1,2,0,0,100.00,20,9.65,193,7,team2,616be07165ff323064b6bd33
