,player,batting,r,b,m,4s,6s,sr,overs,run_rate,total_run,wickets,team,id
0,aaron finch,c & b vinay kumar,89,52,71,14,1,171.15,20,10.05,201,7,team1,616be46a65ff323064b6be73
1,nic maddinson,b kumar,34,16,19,6,1,212.50,20,10.05,201,7,team1,616be46a65ff323064b6be73
2,shane watson,lbw b vinay kumar,6,5,12,1,0,120.00,20,10.05,201,7,team1,616be46a65ff323064b6be73
3,george bailey (c),c jadeja b vinay kumar,0,3,2,0,0,0.00,20,10.05,201,7,team1,616be46a65ff323064b6be73
4,glenn maxwell,c i sharma b jadeja,27,13,12,0,4,207.69,20,10.05,201,7,team1,616be46a65ff323064b6be73
5,brad haddin †,c †dhoni b kumar,5,3,5,1,0,166.66,20,10.05,201,7,team1,616be46a65ff323064b6be73
6,moises henriques,c yuvraj singh b kumar,12,12,16,1,0,100.00,20,10.05,201,7,team1,616be46a65ff323064b6be73
7,nathan coulter-nile,not out,12,11,18,1,0,109.09,20,10.05,201,7,team1,616be46a65ff323064b6be73
8,james faulkner,not out,10,5,15,0,1,200.00,20,10.05,201,7,team1,616be46a65ff323064b6be73
9,rohit sharma,c †haddin b mckay,8,8,8,0,1,100.00,19.4,10.27,202,4,team2,616be46a65ff323064b6be73
10,shikhar dhawan,st †haddin b doherty,32,19,40,5,0,168.42,19.4,10.27,202,4,team2,616be46a65ff323064b6be73
11,suresh raina,c watson b coulter-nile,19,13,17,2,1,146.15,19.4,10.27,202,4,team2,616be46a65ff323064b6be73
12,virat kohli,c faulkner b mckay,29,22,26,2,1,131.81,19.4,10.27,202,4,team2,616be46a65ff323064b6be73
13,yuvraj singh,not out,77,35,57,8,5,220.00,19.4,10.27,202,4,team2,616be46a65ff323064b6be73
14,ms dhoni (c)†,not out,24,21,44,2,0,114.28,19.4,10.27,202,4,team2,616be46a65ff323064b6be73
