,player,batting,r,b,m,4s,6s,sr,overs,run_rate,total_run,wickets,team,id
0,adam gilchrist †,c mcmillan b mills,1,3,7,0,0,33.33,20,10.70,214,5,team1,616be07165ff323064b6bd25
1,michael clarke,c mcmillan b tuffey,7,4,4,0,1,175.00,20,10.70,214,5,team1,616be07165ff323064b6bd25
2,andrew symonds,c †mccullum b mills,32,13,12,4,2,246.15,20,10.70,214,5,team1,616be07165ff323064b6bd25
3,ricky ponting (c),not out,98,55,62,8,5,178.18,20,10.70,214,5,team1,616be07165ff323064b6bd25
4,damien martyn,b mills,3,5,4,0,0,60.00,20,10.70,214,5,team1,616be07165ff323064b6bd25
5,simon katich,b cairns,30,25,29,2,1,120.00,20,10.70,214,5,team1,616be07165ff323064b6bd25
6,michael hussey,not out,31,15,18,1,3,206.66,20,10.70,214,5,team1,616be07165ff323064b6bd25
7,brendon mccullum †,c ponting b kasprowicz,36,24,29,5,1,150.00,20,8.50,170,10,team2,616be07165ff323064b6bd25
8,stephen fleming (c),b kasprowicz,18,13,19,3,0,138.46,20,8.50,170,10,team2,616be07165ff323064b6bd25
9,mathew sinclair,c katich b kasprowicz,0,1,1,0,0,0.00,20,8.50,170,10,team2,616be07165ff323064b6bd25
10,scott styris,b lee,66,39,46,5,3,169.23,20,8.50,170,10,team2,616be07165ff323064b6bd25
11,craig mcmillan,c hussey b hopes,9,8,10,0,1,112.50,20,8.50,170,10,team2,616be07165ff323064b6bd25
12,chris cairns,c mcgrath b kasprowicz,1,4,2,0,0,25.00,20,8.50,170,10,team2,616be07165ff323064b6bd25
13,hamish marshall,b symonds,8,7,5,0,0,114.28,20,8.50,170,10,team2,616be07165ff323064b6bd25
14,andre adams,run out (mcgrath),7,7,4,1,0,100.00,20,8.50,170,10,team2,616be07165ff323064b6bd25
15,jeff wilson,b mcgrath,18,14,12,2,0,128.57,20,8.50,170,10,team2,616be07165ff323064b6bd25
16,kyle mills,c kasprowicz b mcgrath,0,1,4,0,0,0.00,20,8.50,170,10,team2,616be07165ff323064b6bd25
17,daryl tuffey,not out,5,2,2,1,0,250.00,20,8.50,170,10,team2,616be07165ff323064b6bd25
