,player,batting,r,b,m,4s,6s,sr,overs,run_rate,total_run,wickets,team,id
0,tillakaratne dilshan,c †nj o'brien b rankin,0,2,1,0,0,0.00,20,7.19,144,9,team1,616be1b665ff323064b6bd91
1,sanath jayasuriya,lbw b mccallan,27,27,50,5,0,100.00,20,7.19,144,9,team1,616be1b665ff323064b6bd91
2,kumar sangakkara (c)†,c †nj o'brien b johnston,3,10,13,0,0,30.00,20,7.19,144,9,team1,616be1b665ff323064b6bd91
3,mahela jayawardene,b cusack,78,53,60,9,1,147.16,20,7.19,144,9,team1,616be1b665ff323064b6bd91
4,chamara silva,c rankin b mccallan,4,6,9,0,0,66.66,20,7.19,144,9,team1,616be1b665ff323064b6bd91
5,jehan mubarak,c †nj o'brien b cusack,7,9,11,0,0,77.77,20,7.19,144,9,team1,616be1b665ff323064b6bd91
6,angelo mathews,b cusack,10,7,8,1,0,142.85,20,7.19,144,9,team1,616be1b665ff323064b6bd91
7,nuwan kulasekara,c mooney b rankin,1,2,4,0,0,50.00,20,7.19,144,9,team1,616be1b665ff323064b6bd91
8,muthiah muralidaran,st †nj o'brien b cusack,0,1,3,0,0,0.00,20,7.19,144,9,team1,616be1b665ff323064b6bd91
9,lasith malinga,not out,1,2,2,0,0,50.00,20,7.19,144,9,team1,616be1b665ff323064b6bd91
10,ajantha mendis,not out,4,1,1,1,0,400.00,20,7.19,144,9,team1,616be1b665ff323064b6bd91
11,william porterfield (c),c †sangakkara b muralitharan,31,29,44,5,0,106.89,20,6.75,135,7,team2,616be1b665ff323064b6bd91
12,niall o'brien †,st †sangakkara b mendis,31,37,69,4,0,83.78,20,6.75,135,7,team2,616be1b665ff323064b6bd91
13,andrew white,c †sangakkara b kulasekara,22,21,16,1,1,104.76,20,6.75,135,7,team2,616be1b665ff323064b6bd91
14,kevin o'brien,c dilshan b mendis,0,2,1,0,0,0.00,20,6.75,135,7,team2,616be1b665ff323064b6bd91
15,john mooney,not out,31,21,25,4,0,147.61,20,6.75,135,7,team2,616be1b665ff323064b6bd91
16,trent johnston,b malinga,9,6,6,0,1,150.00,20,6.75,135,7,team2,616be1b665ff323064b6bd91
17,andre botha,b malinga,0,1,1,0,0,0.00,20,6.75,135,7,team2,616be1b665ff323064b6bd91
18,alex cusack,run out (†sangakkara),2,3,10,0,0,66.66,20,6.75,135,7,team2,616be1b665ff323064b6bd91
19,regan west,not out,1,1,1,0,0,100.00,20,6.75,135,7,team2,616be1b665ff323064b6bd91
