,player,batting,r,b,m,4s,6s,sr,overs,run_rate,total_run,wickets,team,id
0,salman butt,run out (mahmudullah),1,1,2,0,0,100.00,20,10.15,203,5,team1,616be0ff65ff323064b6bd5b
1,kamran akmal †,b mashrafe mortaza,0,5,5,0,0,0.00,20,10.15,203,5,team1,616be0ff65ff323064b6bd5b
2,younis khan,c & b shakib al hasan,47,28,38,7,0,167.85,20,10.15,203,5,team1,616be0ff65ff323064b6bd5b
3,misbah-ul-haq,not out,87,53,82,3,5,164.15,20,10.15,203,5,team1,616be0ff65ff323064b6bd5b
4,shoaib malik (c),st †dhiman ghosh b abdur razzak,35,18,22,2,3,194.44,20,10.15,203,5,team1,616be0ff65ff323064b6bd5b
5,shahid afridi,b shahadat hossain,10,8,7,1,0,125.00,20,10.15,203,5,team1,616be0ff65ff323064b6bd5b
6,fawad alam,not out,16,7,15,1,1,228.57,20,10.15,203,5,team1,616be0ff65ff323064b6bd5b
7,tamim iqbal,b sohail tanvir,23,17,28,4,0,135.29,16,6.31,101,10,team2,616be0ff65ff323064b6bd5b
8,nazimuddin,c mansoor amjad b wahab riaz,42,48,66,0,3,87.50,16,6.31,101,10,team2,616be0ff65ff323064b6bd5b
9,mohammad ashraful (c),c younis khan b shoaib malik,13,11,11,1,0,118.18,16,6.31,101,10,team2,616be0ff65ff323064b6bd5b
10,aftab ahmed,run out (misbah-ul-haq/shahid afridi),3,5,7,0,0,60.00,16,6.31,101,10,team2,616be0ff65ff323064b6bd5b
11,shakib al hasan,c mansoor amjad b shahid afridi,0,1,1,0,0,0.00,16,6.31,101,10,team2,616be0ff65ff323064b6bd5b
12,farhad reza,run out (fawad alam/†kamran akmal),2,4,8,0,0,50.00,16,6.31,101,10,team2,616be0ff65ff323064b6bd5b
13,dhiman ghosh †,run out (misbah-ul-haq),1,2,1,0,0,50.00,16,6.31,101,10,team2,616be0ff65ff323064b6bd5b
14,mahmudullah,st †kamran akmal b mansoor amjad,2,5,8,0,0,40.00,16,6.31,101,10,team2,616be0ff65ff323064b6bd5b
15,mashrafe mortaza,c umar gul b mansoor amjad,2,4,6,0,0,50.00,16,6.31,101,10,team2,616be0ff65ff323064b6bd5b
16,abdur razzak,not out,1,3,5,0,0,33.33,16,6.31,101,10,team2,616be0ff65ff323064b6bd5b
17,shahadat hossain,b mansoor amjad,0,1,2,0,0,0.00,16,6.31,101,10,team2,616be0ff65ff323064b6bd5b
