,player,batting,r,b,m,4s,6s,sr,overs,run_rate,total_run,wickets,team,id
0,sanath jayasuriya,lbw b collingwood,41,30,56,4,2,136.66,20,8.15,163,10,team1,616be07165ff323064b6bd2b
1,upul tharanga,b collingwood,34,25,46,4,1,136.00,20,8.15,163,10,team1,616be07165ff323064b6bd2b
2,mahela jayawardene (c),run out (sub [ir bell]/dalrymple),0,1,2,0,0,0.00,20,8.15,163,10,team1,616be07165ff323064b6bd2b
3,tillakaratne dilshan,c †jones b dalrymple,2,5,6,0,0,40.00,20,8.15,163,10,team1,616be07165ff323064b6bd2b
4,kumar sangakkara †,c strauss b collingwood,21,14,15,3,0,150.00,20,8.15,163,10,team1,616be07165ff323064b6bd2b
5,russel arnold,b collingwood,7,7,5,0,0,100.00,20,8.15,163,10,team1,616be07165ff323064b6bd2b
6,chamara kapugedera,c pietersen b mahmood,22,16,28,0,1,137.50,20,8.15,163,10,team1,616be07165ff323064b6bd2b
7,farveez maharoof,run out (sub [ir bell]),8,8,8,0,0,100.00,20,8.15,163,10,team1,616be07165ff323064b6bd2b
8,lasith malinga,c sub (ir bell) b plunkett,13,12,15,1,0,108.33,20,8.15,163,10,team1,616be07165ff323064b6bd2b
9,dilhara fernando,run out (†jones/plunkett),3,4,4,0,0,75.00,20,8.15,163,10,team1,616be07165ff323064b6bd2b
10,ruchira perera,not out,0,0,2,0,0,-,20,8.15,163,10,team1,616be07165ff323064b6bd2b
11,marcus trescothick,run out (†sangakkara),72,58,78,9,1,124.13,20,8.04,161,5,team2,616be07165ff323064b6bd2b
12,andrew strauss (c),b fernando,33,21,33,6,0,157.14,20,8.04,161,5,team2,616be07165ff323064b6bd2b
13,kevin pietersen,c malinga b jayasuriya,17,16,18,1,0,106.25,20,8.04,161,5,team2,616be07165ff323064b6bd2b
14,paul collingwood,c jayawardene b dilshan,5,7,8,0,0,71.42,20,8.04,161,5,team2,616be07165ff323064b6bd2b
15,jamie dalrymple,c †sangakkara b jayasuriya,1,2,1,0,0,50.00,20,8.04,161,5,team2,616be07165ff323064b6bd2b
16,geraint jones †,not out,14,11,19,1,0,127.27,20,8.04,161,5,team2,616be07165ff323064b6bd2b
17,tim bresnan,not out,6,6,5,0,0,100.00,20,8.04,161,5,team2,616be07165ff323064b6bd2b
