,player,batting,r,b,m,4s,6s,sr,overs,run_rate,total_run,wickets,team,id
0,sanath jayasuriya,b katchay,14,17,-,1,1,82.35,20,7.65,153,7,team1,616be0ff65ff323064b6bd6f
1,jehan mubarak,run out (†mulla),17,19,-,2,0,89.47,20,7.65,153,7,team1,616be0ff65ff323064b6bd6f
2,mahela jayawardene (c),lbw b balaji rao,35,21,-,6,0,166.66,20,7.65,153,7,team1,616be0ff65ff323064b6bd6f
3,jeevantha kulatunga,c baidwan b balaji rao,11,18,-,0,0,61.11,20,7.65,153,7,team1,616be0ff65ff323064b6bd6f
4,thilina kandamby,c rizwan cheema b balaji rao,0,2,-,0,0,0.00,20,7.65,153,7,team1,616be0ff65ff323064b6bd6f
5,tillakaratne dilshan †,st †mulla b dean,26,20,-,2,1,130.00,20,7.65,153,7,team1,616be0ff65ff323064b6bd6f
6,kaushalya weeraratne,c dhaniram b dean,4,8,-,0,0,50.00,20,7.65,153,7,team1,616be0ff65ff323064b6bd6f
7,dilhara lokuhettige,not out,18,9,-,0,1,200.00,20,7.65,153,7,team1,616be0ff65ff323064b6bd6f
8,nuwan kulasekara,not out,19,6,-,0,2,316.66,20,7.65,153,7,team1,616be0ff65ff323064b6bd6f
9,ashif mulla †,c weeraratne b fernando,8,5,-,2,0,160.00,20,6.90,138,10,team2,616be0ff65ff323064b6bd6f
10,rizwan cheema,c weeraratne b mendis,68,43,-,4,6,158.13,20,6.90,138,10,team2,616be0ff65ff323064b6bd6f
11,mohammad iqbal,lbw b fernando,1,8,-,0,0,12.50,20,6.90,138,10,team2,616be0ff65ff323064b6bd6f
12,zubin surkari,lbw b fernando,0,1,-,0,0,0.00,20,6.90,138,10,team2,616be0ff65ff323064b6bd6f
13,sunil dhaniram (c),lbw b mendis,16,22,-,1,0,72.72,20,6.90,138,10,team2,616be0ff65ff323064b6bd6f
14,ramesh david,c fernando b mendis,14,19,-,1,0,73.68,20,6.90,138,10,team2,616be0ff65ff323064b6bd6f
15,balaji rao,c †dilshan b kulasekara,0,2,-,0,0,0.00,20,6.90,138,10,team2,616be0ff65ff323064b6bd6f
16,sandeep jyoti,not out,10,8,-,0,0,125.00,20,6.90,138,10,team2,616be0ff65ff323064b6bd6f
17,harvir baidwan,lbw b mendis,0,2,-,0,0,0.00,20,6.90,138,10,team2,616be0ff65ff323064b6bd6f
18,eion katchay,c kandamby b dilhara,0,4,-,0,0,0.00,20,6.90,138,10,team2,616be0ff65ff323064b6bd6f
19,abzal dean,c kandamby b dilhara,7,9,-,0,0,77.77,20,6.90,138,10,team2,616be0ff65ff323064b6bd6f
