,player,batting,r,b,m,4s,6s,sr,overs,run_rate,total_run,wickets,team,id
0,sagar pun,run out (amini/†vare),15,12,5,3,0,125.00,19.4,4.72,93,10,team1,616be5d165ff323064b6bee6
1,pradeep airee,b reva,29,28,32,4,0,103.57,19.4,4.72,93,10,team1,616be5d165ff323064b6bee6
2,gyanendra malla,b dai,2,7,20,0,0,28.57,19.4,4.72,93,10,team1,616be5d165ff323064b6bee6
3,paras khadka (c),c pala b dai,5,9,10,0,0,55.55,19.4,4.72,93,10,team1,616be5d165ff323064b6bee6
4,sharad vesawkar,c vala b vanua,11,15,18,0,0,73.33,19.4,4.72,93,10,team1,616be5d165ff323064b6bee6
5,rajesh pulami,c amini b vala,7,19,23,0,0,36.84,19.4,4.72,93,10,team1,616be5d165ff323064b6bee6
6,binod bhandari †,run out (dai),4,2,2,1,0,200.00,19.4,4.72,93,10,team1,616be5d165ff323064b6bee6
7,sompal kami,c vala b reva,4,9,14,0,0,44.44,19.4,4.72,93,10,team1,616be5d165ff323064b6bee6
8,basant regmi,run out (vanua/†vare),1,3,7,0,0,33.33,19.4,4.72,93,10,team1,616be5d165ff323064b6bee6
9,shakti gauchan,not out,6,12,9,0,0,50.00,19.4,4.72,93,10,team1,616be5d165ff323064b6bee6
10,karan kc,c gavera b vala,0,2,6,0,0,0.00,19.4,4.72,93,10,team1,616be5d165ff323064b6bee6
11,tony ura,st †bhandari b regmi,32,21,38,4,1,152.38,14.1,6.98,99,2,team2,616be5d165ff323064b6bee6
12,lega siaka,c †bhandari b sompal kami,1,4,9,0,0,25.00,14.1,6.98,99,2,team2,616be5d165ff323064b6bee6
13,assad vala,not out,34,44,54,2,1,77.27,14.1,6.98,99,2,team2,616be5d165ff323064b6bee6
14,kila pala,not out,22,16,26,1,2,137.50,14.1,6.98,99,2,team2,616be5d165ff323064b6bee6
