,player,batting,r,b,m,4s,6s,sr,overs,run_rate,total_run,wickets,team,id
0,gautam gambhir,b eranga,6,8,7,1,0,75.00,20,7.75,155,3,team1,616be3ab65ff323064b6be25
1,ajinkya rahane,c & b mendis,21,25,46,0,1,84.00,20,7.75,155,3,team1,616be3ab65ff323064b6be25
2,virat kohli,c thirimanne b eranga,68,48,65,11,1,141.66,20,7.75,155,3,team1,616be3ab65ff323064b6be25
3,suresh raina,not out,34,25,43,3,1,136.00,20,7.75,155,3,team1,616be3ab65ff323064b6be25
4,ms dhoni (c)†,not out,16,14,13,2,0,114.28,20,7.75,155,3,team1,616be3ab65ff323064b6be25
5,mahela jayawardene (c),lbw b pathan,26,19,22,5,0,136.84,18,6.44,116,10,team2,616be3ab65ff323064b6be25
6,tillakaratne dilshan,b pathan,0,1,4,0,0,0.00,18,6.44,116,10,team2,616be3ab65ff323064b6be25
7,upul tharanga,c raina b pathan,5,4,7,0,0,125.00,18,6.44,116,10,team2,616be3ab65ff323064b6be25
8,lahiru thirimanne,b ashwin,20,15,30,2,0,133.33,18,6.44,116,10,team2,616be3ab65ff323064b6be25
9,angelo mathews,c †dhoni b dinda,31,29,37,3,0,106.89,18,6.44,116,10,team2,616be3ab65ff323064b6be25
10,jeevan mendis,c rahane b yadav,11,15,22,0,0,73.33,18,6.44,116,10,team2,616be3ab65ff323064b6be25
11,dinesh chandimal †,c kohli b dinda,7,11,20,1,0,63.63,18,6.44,116,10,team2,616be3ab65ff323064b6be25
12,thisara perera,run out (tiwary),1,5,4,0,0,20.00,18,6.44,116,10,team2,616be3ab65ff323064b6be25
13,shaminda eranga,c ashwin b dinda,6,7,11,1,0,85.71,18,6.44,116,10,team2,616be3ab65ff323064b6be25
14,lasith malinga,c †dhoni b dinda,0,2,3,0,0,0.00,18,6.44,116,10,team2,616be3ab65ff323064b6be25
15,rangana herath,not out,0,0,1,0,0,-,18,6.44,116,10,team2,616be3ab65ff323064b6be25
