,player,batting,r,b,m,4s,6s,sr,overs,run_rate,total_run,wickets,team,id
0,salman butt,c haq b blain,13,23,19,2,0,56.52,20,8.55,171,9,team1,616be07165ff323064b6bd3a
1,imran nazir,c hamilton b blain,4,3,8,1,0,133.33,20,8.55,171,9,team1,616be07165ff323064b6bd3a
2,mohammad hafeez,c & b wright,18,11,23,3,0,163.63,20,8.55,171,9,team1,616be07165ff323064b6bd3a
3,younis khan,c watts b haq,41,29,42,3,2,141.37,20,8.55,171,9,team1,616be07165ff323064b6bd3a
4,shoaib malik (c),st †smith b haq,11,13,16,1,0,84.61,20,8.55,171,9,team1,616be07165ff323064b6bd3a
5,shahid afridi,c haq b wright,22,7,5,1,2,314.28,20,8.55,171,9,team1,616be07165ff323064b6bd3a
6,misbah-ul-haq,b wright,23,16,18,4,0,143.75,20,8.55,171,9,team1,616be07165ff323064b6bd3a
7,kamran akmal †,c watts b nel,16,10,18,1,1,160.00,20,8.55,171,9,team1,616be07165ff323064b6bd3a
8,yasir arafat,b nel,17,8,8,1,1,212.50,20,8.55,171,9,team1,616be07165ff323064b6bd3a
9,umar gul,not out,0,0,-,0,0,-,20,8.55,171,9,team1,616be07165ff323064b6bd3a
10,fraser watts,c imran nazir b mohammad hafeez,46,35,36,9,0,131.42,19.5,6.05,120,10,team2,616be07165ff323064b6bd3a
11,ryan watson (c),c mohammad hafeez b umar gul,2,4,9,0,0,50.00,19.5,6.05,120,10,team2,616be07165ff323064b6bd3a
12,navdeep poonia,b umar gul,4,6,14,0,0,66.66,19.5,6.05,120,10,team2,616be07165ff323064b6bd3a
13,gavin hamilton,c umar gul b shahid afridi,2,4,7,0,0,50.00,19.5,6.05,120,10,team2,616be07165ff323064b6bd3a
14,neil mccallum,c mohammad asif b shahid afridi,0,2,1,0,0,0.00,19.5,6.05,120,10,team2,616be07165ff323064b6bd3a
15,dougie brown,c imran nazir b shahid afridi,1,5,3,0,0,20.00,19.5,6.05,120,10,team2,616be07165ff323064b6bd3a
16,colin smith †,c yasir arafat b shahid afridi,11,7,8,2,0,157.14,19.5,6.05,120,10,team2,616be07165ff323064b6bd3a
17,majid haq,b mohammad asif,14,31,34,0,0,45.16,19.5,6.05,120,10,team2,616be07165ff323064b6bd3a
18,craig wright,b umar gul,14,18,14,0,0,77.77,19.5,6.05,120,10,team2,616be07165ff323064b6bd3a
19,john blain,b umar gul,0,1,1,0,0,0.00,19.5,6.05,120,10,team2,616be07165ff323064b6bd3a
20,dewald nel,not out,13,7,11,2,0,185.71,19.5,6.05,120,10,team2,616be07165ff323064b6bd3a
