,player,batting,r,b,m,4s,6s,sr,overs,run_rate,total_run,wickets,team,id
0,brendon mccullum,c †haddin b tait,2,4,2,0,0,50.00,20,5.90,118,10,team1,616be1b665ff323064b6bdba
1,peter ingram,b johnson,2,10,17,0,0,20.00,20,5.90,118,10,team1,616be1b665ff323064b6bdba
2,martin guptill,c watson b johnson,30,29,41,4,0,103.44,20,5.90,118,10,team1,616be1b665ff323064b6bdba
3,ross taylor,lbw b johnson,9,9,11,1,0,100.00,20,5.90,118,10,team1,616be1b665ff323064b6bdba
4,james franklin,c smith b tait,43,42,49,2,2,102.38,20,5.90,118,10,team1,616be1b665ff323064b6bdba
5,gareth hopkins †,c †haddin b watson,21,13,20,2,1,161.53,20,5.90,118,10,team1,616be1b665ff323064b6bdba
6,jacob oram,c watson b nannes,1,2,6,0,0,50.00,20,5.90,118,10,team1,616be1b665ff323064b6bdba
7,nathan mccullum,c hussey b nannes,1,2,3,0,0,50.00,20,5.90,118,10,team1,616be1b665ff323064b6bdba
8,daniel vettori (c),run out (†haddin),3,5,6,0,0,60.00,20,5.90,118,10,team1,616be1b665ff323064b6bdba
9,daryl tuffey,c †haddin b watson,0,3,5,0,0,0.00,20,5.90,118,10,team1,616be1b665ff323064b6bdba
10,shane bond,not out,1,1,1,0,0,100.00,20,5.90,118,10,team1,616be1b665ff323064b6bdba
11,david warner,b bond,19,10,11,2,1,190.00,16,7.43,119,4,team2,616be1b665ff323064b6bdba
12,shane watson,lbw b vettori,19,12,14,4,0,158.33,16,7.43,119,4,team2,616be1b665ff323064b6bdba
13,michael clarke (c),not out,18,26,55,1,0,69.23,16,7.43,119,4,team2,616be1b665ff323064b6bdba
14,mitchell johnson,b bond,1,3,3,0,0,33.33,16,7.43,119,4,team2,616be1b665ff323064b6bdba
15,david hussey,c guptill b nl mccullum,46,36,40,5,0,127.77,16,7.43,119,4,team2,616be1b665ff323064b6bdba
16,cameron white,not out,11,9,7,1,1,122.22,16,7.43,119,4,team2,616be1b665ff323064b6bdba
