,player,batting,r,b,m,4s,6s,sr,overs,run_rate,total_run,wickets,team,id
0,jonathan trott,run out (imran nazir),39,51,65,3,0,76.47,20,7.40,148,6,team1,616be1b665ff323064b6bdb7
1,joe denly,b yasir arafat,5,10,15,0,0,50.00,20,7.40,148,6,team1,616be1b665ff323064b6bdb7
2,kevin pietersen,lbw b saeed ajmal,62,40,52,4,3,155.00,20,7.40,148,6,team1,616be1b665ff323064b6bdb7
3,eoin morgan,c shoaib malik b umar gul,9,6,10,0,1,150.00,20,7.40,148,6,team1,616be1b665ff323064b6bdb7
4,luke wright,c shahid afridi b yasir arafat,13,8,12,0,1,162.50,20,7.40,148,6,team1,616be1b665ff323064b6bdb7
5,paul collingwood (c),not out,11,4,10,0,1,275.00,20,7.40,148,6,team1,616be1b665ff323064b6bdb7
6,tim bresnan,c imran nazir b yasir arafat,0,1,2,0,0,0.00,20,7.40,148,6,team1,616be1b665ff323064b6bdb7
7,matt prior †,not out,1,1,2,0,0,100.00,20,7.40,148,6,team1,616be1b665ff323064b6bdb7
8,imran nazir,c bresnan b shahzad,4,3,2,1,0,133.33,19,7.84,149,6,team2,616be1b665ff323064b6bdb7
9,imran farhat,c broad b shahzad,0,2,4,0,0,0.00,19,7.84,149,6,team2,616be1b665ff323064b6bdb7
10,umar akmal,c morgan b swann,36,41,55,3,0,87.80,19,7.84,149,6,team2,616be1b665ff323064b6bdb7
11,shoaib malik (c),st †prior b swann,13,16,23,2,0,81.25,19,7.84,149,6,team2,616be1b665ff323064b6bdb7
12,shahid afridi,c morgan b swann,8,9,15,1,0,88.88,19,7.84,149,6,team2,616be1b665ff323064b6bdb7
13,fawad alam,c morgan b broad,28,20,26,2,0,140.00,19,7.84,149,6,team2,616be1b665ff323064b6bdb7
14,abdul razzaq,not out,46,18,27,0,5,255.55,19,7.84,149,6,team2,616be1b665ff323064b6bdb7
15,yasir arafat,not out,5,5,7,0,0,100.00,19,7.84,149,6,team2,616be1b665ff323064b6bdb7
