,player,batting,r,b,m,4s,6s,sr,overs,run_rate,total_run,wickets,team,id
0,salman butt,b fernando,12,17,15,1,0,70.58,20,9.44,189,6,team1,616be07165ff323064b6bd47
1,imran nazir,c mubarak b vaas,7,4,13,0,1,175.00,20,9.44,189,6,team1,616be07165ff323064b6bd47
2,mohammad hafeez,b fernando,10,11,12,2,0,90.90,20,9.44,189,6,team1,616be07165ff323064b6bd47
3,younis khan,c dilshan b malinga,51,35,50,2,3,145.71,20,9.44,189,6,team1,616be07165ff323064b6bd47
4,shoaib malik (c),c dilshan b malinga,57,31,45,4,2,183.87,20,9.44,189,6,team1,616be07165ff323064b6bd47
5,shahid afridi,b malinga,17,9,14,2,0,188.88,20,9.44,189,6,team1,616be07165ff323064b6bd47
6,kamran akmal †,not out,10,9,13,1,0,111.11,20,9.44,189,6,team1,616be07165ff323064b6bd47
7,misbah-ul-haq,not out,16,6,4,0,2,266.66,20,9.44,189,6,team1,616be07165ff323064b6bd47
8,upul tharanga,c umar gul b mohammad asif,0,2,1,0,0,0.00,20,7.80,156,9,team2,616be07165ff323064b6bd47
9,sanath jayasuriya,b sohail tanvir,5,5,6,0,0,100.00,20,7.80,156,9,team2,616be07165ff323064b6bd47
10,kumar sangakkara †,b mohammad asif,18,10,21,2,1,180.00,20,7.80,156,9,team2,616be07165ff323064b6bd47
11,mahela jayawardene (c),c mohammad hafeez b shahid afridi,28,27,38,2,1,103.70,20,7.80,156,9,team2,616be07165ff323064b6bd47
12,chamara silva,b shahid afridi,38,27,30,5,1,140.74,20,7.80,156,9,team2,616be07165ff323064b6bd47
13,tillakaratne dilshan,c younis khan b mohammad hafeez,38,28,33,0,4,135.71,20,7.80,156,9,team2,616be07165ff323064b6bd47
14,jehan mubarak,c shahid afridi b umar gul,0,4,3,0,0,0.00,20,7.80,156,9,team2,616be07165ff323064b6bd47
15,gayan wijekoon,c mohammad hafeez b shahid afridi,0,4,4,0,0,0.00,20,7.80,156,9,team2,616be07165ff323064b6bd47
16,chaminda vaas,not out,12,13,22,0,0,92.30,20,7.80,156,9,team2,616be07165ff323064b6bd47
17,lasith malinga,c younis khan b umar gul,1,2,3,0,0,50.00,20,7.80,156,9,team2,616be07165ff323064b6bd47
18,dilhara fernando,not out,0,0,1,0,0,-,20,7.80,156,9,team2,616be07165ff323064b6bd47
