,player,batting,r,b,m,4s,6s,sr,overs,run_rate,total_run,wickets,team,id
0,stephan myburgh,c malinga b kulasekara,0,3,2,0,0,0.00,10.3,3.71,39,10,team1,616be51c65ff323064b6beaa
1,michael swart,c †sangakkara b mathews,0,4,8,0,0,0.00,10.3,3.71,39,10,team1,616be51c65ff323064b6beaa
2,wesley barresi †,c chandimal b mathews,1,4,6,0,0,25.00,10.3,3.71,39,10,team1,616be51c65ff323064b6beaa
3,tom cooper,lbw b mendis,16,18,37,2,0,88.88,10.3,3.71,39,10,team1,616be51c65ff323064b6beaa
4,peter borren (c),lbw b mathews,0,7,14,0,0,0.00,10.3,3.71,39,10,team1,616be51c65ff323064b6beaa
5,ben cooper,run out (nltc perera),8,10,13,1,0,80.00,10.3,3.71,39,10,team1,616be51c65ff323064b6beaa
6,mudassar bukhari,b malinga,4,8,15,0,0,50.00,10.3,3.71,39,10,team1,616be51c65ff323064b6beaa
7,logan van beek,b malinga,1,4,5,0,0,25.00,10.3,3.71,39,10,team1,616be51c65ff323064b6beaa
8,pieter seelaar,c mathews b mendis,3,3,4,0,0,100.00,10.3,3.71,39,10,team1,616be51c65ff323064b6beaa
9,timm van der gugten,not out,0,0,3,0,0,-,10.3,3.71,39,10,team1,616be51c65ff323064b6beaa
10,ahsan malik,lbw b mendis,0,2,2,0,0,0.00,10.3,3.71,39,10,team1,616be51c65ff323064b6beaa
11,kusal perera,c swart b ahsan malik,14,10,11,1,1,140.00,5,8.00,40,1,team2,616be51c65ff323064b6beaa
12,tillakaratne dilshan,not out,12,11,24,2,0,109.09,5,8.00,40,1,team2,616be51c65ff323064b6beaa
13,mahela jayawardene,not out,11,10,12,2,0,110.00,5,8.00,40,1,team2,616be51c65ff323064b6beaa
