,player,batting,r,b,m,4s,6s,sr,overs,run_rate,total_run,wickets,team,id
0,george munsey,lbw b haseeb amjad,0,3,-,0,0,0.00,20,8.04,161,9,team1,616be71c65ff323064b6bf1a
1,kyle coetzer,c nizakat khan b aizaz khan,70,40,-,5,6,175.00,20,8.04,161,9,team1,616be71c65ff323064b6bf1a
2,matthew cross †,c nizakat khan b nadeem ahmed,27,21,-,4,0,128.57,20,8.04,161,9,team1,616be71c65ff323064b6bf1a
3,matt machan,c nadeem ahmed b tanwir afzal,6,9,-,1,0,66.66,20,8.04,161,9,team1,616be71c65ff323064b6bf1a
4,richie berrington,c †atkinson b nadeem ahmed,14,16,-,0,1,87.50,20,8.04,161,9,team1,616be71c65ff323064b6bf1a
5,preston mommsen (c),lbw b anshuman rath,13,12,-,2,0,108.33,20,8.04,161,9,team1,616be71c65ff323064b6bf1a
6,calum macleod,c tanwir afzal b haseeb amjad,2,4,-,0,0,50.00,20,8.04,161,9,team1,616be71c65ff323064b6bf1a
7,rob taylor,c babar hayat b haseeb amjad,8,6,-,1,0,133.33,20,8.04,161,9,team1,616be71c65ff323064b6bf1a
8,safyaan sharif,c chapman b nadeem ahmed,0,1,-,0,0,0.00,20,8.04,161,9,team1,616be71c65ff323064b6bf1a
9,mark watt,not out,11,6,-,0,1,183.33,20,8.04,161,9,team1,616be71c65ff323064b6bf1a
10,brad wheal,not out,2,2,-,0,0,100.00,20,8.04,161,9,team1,616be71c65ff323064b6bf1a
11,jamie atkinson †,c †cross b sharif,0,1,-,0,0,0.00,18.4,6.64,124,10,team2,616be71c65ff323064b6bf1a
12,anshy rath,b wheal,1,3,-,0,0,33.33,18.4,6.64,124,10,team2,616be71c65ff323064b6bf1a
13,babar hayat,c mommsen b sharif,1,6,-,0,0,16.66,18.4,6.64,124,10,team2,616be71c65ff323064b6bf1a
14,mark chapman,c †cross b wheal,4,5,-,1,0,80.00,18.4,6.64,124,10,team2,616be71c65ff323064b6bf1a
15,nizakat khan,c taylor b berrington,17,23,-,2,0,73.91,18.4,6.64,124,10,team2,616be71c65ff323064b6bf1a
16,kinchit shah,c macleod b berrington,7,15,-,0,0,46.66,18.4,6.64,124,10,team2,616be71c65ff323064b6bf1a
17,tanwir afzal (c),c taylor b wheal,56,22,-,1,7,254.54,18.4,6.64,124,10,team2,616be71c65ff323064b6bf1a
18,aizaz khan,st †cross b watt,20,17,-,2,1,117.64,18.4,6.64,124,10,team2,616be71c65ff323064b6bf1a
19,waqas barkat,b watt,4,9,-,0,0,44.44,18.4,6.64,124,10,team2,616be71c65ff323064b6bf1a
20,haseeb amjad,c machan b berrington,8,9,-,1,0,88.88,18.4,6.64,124,10,team2,616be71c65ff323064b6bf1a
21,nadeem ahmed,not out,1,2,-,0,0,50.00,18.4,6.64,124,10,team2,616be71c65ff323064b6bf1a
