,player,batting,r,b,m,4s,6s,sr,overs,run_rate,total_run,wickets,team,id
0,mohammad hafeez,c astle b santner,19,23,27,2,1,82.60,20,8.39,168,7,team1,616be67b65ff323064b6bf12
1,ahmed shehzad,c williamson b anderson,9,8,16,1,0,112.50,20,8.39,168,7,team1,616be67b65ff323064b6bf12
2,sohaib maqsood,c santner b elliott,18,23,31,1,1,78.26,20,8.39,168,7,team1,616be67b65ff323064b6bf12
3,shoaib malik,b mcclenaghan,39,30,46,5,0,130.00,20,8.39,168,7,team1,616be67b65ff323064b6bf12
4,umar akmal,not out,56,27,43,4,4,207.40,20,8.39,168,7,team1,616be67b65ff323064b6bf12
5,shahid afridi (c),c williamson b milne,7,3,2,0,1,233.33,20,8.39,168,7,team1,616be67b65ff323064b6bf12
6,imad wasim,c milne b mcclenaghan,8,4,7,0,1,200.00,20,8.39,168,7,team1,616be67b65ff323064b6bf12
7,sarfaraz ahmed †,run out (milne),1,2,4,0,0,50.00,20,8.39,168,7,team1,616be67b65ff323064b6bf12
8,wahab riaz,not out,0,0,1,0,0,-,20,8.39,168,7,team1,616be67b65ff323064b6bf12
9,martin guptill,not out,87,58,68,9,4,150.00,17.4,9.67,171,10,team2,616be67b65ff323064b6bf12
10,kane williamson (c),not out,72,48,68,11,0,150.00,17.4,9.67,171,10,team2,616be67b65ff323064b6bf12
