,player,batting,r,b,m,4s,6s,sr,overs,run_rate,total_run,wickets,team,id
0,david warner,c gambhir b kumar,8,8,10,1,0,100.00,19.4,6.66,131,10,team1,616be30465ff323064b6be00
1,aaron finch,run out (jadeja/†dhoni),36,23,33,6,0,156.52,19.4,6.66,131,10,team1,616be30465ff323064b6be00
2,shaun marsh,c †dhoni b kumar,0,2,1,0,0,0.00,19.4,6.66,131,10,team1,616be30465ff323064b6be00
3,david hussey,c & b jadeja,24,29,40,1,1,82.75,19.4,6.66,131,10,team1,616be30465ff323064b6be00
4,george bailey (c),run out (r sharma/jadeja),3,4,3,0,0,75.00,19.4,6.66,131,10,team1,616be30465ff323064b6be00
5,matthew wade †,run out (rg sharma),32,29,34,1,1,110.34,19.4,6.66,131,10,team1,616be30465ff323064b6be00
6,mitchell marsh,st †dhoni b r sharma,13,13,12,2,0,100.00,19.4,6.66,131,10,team1,616be30465ff323064b6be00
7,brett lee,not out,6,4,13,1,0,150.00,19.4,6.66,131,10,team1,616be30465ff323064b6be00
8,clint mckay,c †dhoni b vinay kumar,0,1,1,0,0,0.00,19.4,6.66,131,10,team1,616be30465ff323064b6be00
9,brad hogg,lbw b r sharma,4,4,4,1,0,100.00,19.4,6.66,131,10,team1,616be30465ff323064b6be00
10,xavier doherty,run out (raina/†dhoni),1,1,1,0,0,100.00,19.4,6.66,131,10,team1,616be30465ff323064b6be00
11,gautam gambhir,not out,56,60,91,4,0,93.33,19.4,6.86,135,2,team2,616be30465ff323064b6be00
12,virender sehwag,c se marsh b hogg,23,16,32,2,1,143.75,19.4,6.86,135,2,team2,616be30465ff323064b6be00
13,virat kohli,c †wade b mr marsh,31,24,29,3,0,129.16,19.4,6.86,135,2,team2,616be30465ff323064b6be00
14,ms dhoni (c)†,not out,21,18,26,2,0,116.66,19.4,6.86,135,2,team2,616be30465ff323064b6be00
