,player,batting,r,b,m,4s,6s,sr,overs,run_rate,total_run,wickets,team,id
0,irfan karim,c †wallace b drummond,4,13,-,0,0,30.76,20,5.00,100,8,team1,616be46a65ff323064b6be68
1,tanmay mishra,c berrington b carter,0,1,-,0,0,0.00,20,5.00,100,8,team1,616be46a65ff323064b6be68
2,morris ouma †,run out (burnett),19,21,-,1,1,90.47,20,5.00,100,8,team1,616be46a65ff323064b6be68
3,collins obuya (c),not out,38,42,-,1,0,90.47,20,5.00,100,8,team1,616be46a65ff323064b6be68
4,rakep patel,b burnett,0,1,-,0,0,0.00,20,5.00,100,8,team1,616be46a65ff323064b6be68
5,duncan allan,c iqbal b haq,18,26,-,0,0,69.23,20,5.00,100,8,team1,616be46a65ff323064b6be68
6,ragheb aga,c macleod b burnett,8,5,-,0,1,160.00,20,5.00,100,8,team1,616be46a65ff323064b6be68
7,nehemiah odhiambo,c †wallace b haq,3,3,-,0,0,100.00,20,5.00,100,8,team1,616be46a65ff323064b6be68
8,shem ngoche,c goudie b burnett,2,5,-,0,0,40.00,20,5.00,100,8,team1,616be46a65ff323064b6be68
9,hiren varaiya,not out,2,2,-,0,0,100.00,20,5.00,100,8,team1,616be46a65ff323064b6be68
10,richie berrington,st †ouma b varaiya,20,24,-,3,0,83.33,18.3,5.72,106,3,team2,616be46a65ff323064b6be68
11,calum macleod,not out,46,50,-,1,2,92.00,18.3,5.72,106,3,team2,616be46a65ff323064b6be68
12,matthew cross,c †ouma b ngoche,7,15,-,0,0,46.66,18.3,5.72,106,3,team2,616be46a65ff323064b6be68
13,craig wallace †,b allan,23,21,-,2,0,109.52,18.3,5.72,106,3,team2,616be46a65ff323064b6be68
14,preston mommsen (c),not out,1,2,-,0,0,50.00,18.3,5.72,106,3,team2,616be46a65ff323064b6be68
