,player,batting,r,b,m,4s,6s,sr,overs,run_rate,total_run,wickets,team,id
0,sanath jayasuriya,c sohail tanvir b shoaib akhtar,8,4,-,2,0,200.00,20,6.85,137,9,team1,616be0ff65ff323064b6bd6d
1,mahela udawatte,b shahid afridi,16,21,-,1,0,76.19,20,6.85,137,9,team1,616be0ff65ff323064b6bd6d
2,jehan mubarak,st †kamran akmal b shoaib malik,39,29,-,6,0,134.48,20,6.85,137,9,team1,616be0ff65ff323064b6bd6d
3,chamara kapugedera,c misbah-ul-haq b umar gul,27,28,-,3,0,96.42,20,6.85,137,9,team1,616be0ff65ff323064b6bd6d
4,thilina kandamby,st †kamran akmal b fawad alam,10,14,-,0,0,71.42,20,6.85,137,9,team1,616be0ff65ff323064b6bd6d
5,kaushalya weeraratne,not out,20,13,-,1,1,153.84,20,6.85,137,9,team1,616be0ff65ff323064b6bd6d
6,tillakaratne dilshan (c)†,b umar gul,0,1,-,0,0,0.00,20,6.85,137,9,team1,616be0ff65ff323064b6bd6d
7,farveez maharoof,b umar gul,2,6,-,0,0,33.33,20,6.85,137,9,team1,616be0ff65ff323064b6bd6d
8,thilan thushara,b umar gul,1,2,-,0,0,50.00,20,6.85,137,9,team1,616be0ff65ff323064b6bd6d
9,nuwan kulasekara,run out (shoaib akhtar),1,3,-,0,0,33.33,20,6.85,137,9,team1,616be0ff65ff323064b6bd6d
10,dilhara fernando,not out,0,0,-,0,0,-,20,6.85,137,9,team1,616be0ff65ff323064b6bd6d
11,salman butt,lbw b maharoof,7,10,-,1,0,70.00,19.5,7.10,141,7,team2,616be0ff65ff323064b6bd6d
12,shoaib khan,c †dilshan b maharoof,6,7,-,0,0,85.71,19.5,7.10,141,7,team2,616be0ff65ff323064b6bd6d
13,younis khan,b weeraratne,24,24,-,2,0,100.00,19.5,7.10,141,7,team2,616be0ff65ff323064b6bd6d
14,misbah-ul-haq,c †dilshan b weeraratne,20,20,-,1,1,100.00,19.5,7.10,141,7,team2,616be0ff65ff323064b6bd6d
15,shoaib malik (c),not out,42,33,-,5,0,127.27,19.5,7.10,141,7,team2,616be0ff65ff323064b6bd6d
16,shahid afridi,c kandamby b weeraratne,1,2,-,0,0,50.00,19.5,7.10,141,7,team2,616be0ff65ff323064b6bd6d
17,kamran akmal †,c thushara b fernando,11,14,-,0,1,78.57,19.5,7.10,141,7,team2,616be0ff65ff323064b6bd6d
18,sohail tanvir,c maharoof b weeraratne,2,3,-,0,0,66.66,19.5,7.10,141,7,team2,616be0ff65ff323064b6bd6d
19,fawad alam,not out,23,8,-,0,3,287.50,19.5,7.10,141,7,team2,616be0ff65ff323064b6bd6d
