,player,batting,r,b,m,4s,6s,sr,overs,run_rate,total_run,wickets,team,id
0,irfan ahmed,c taylor b sharif,11,10,17,0,1,110.00,19.4,5.89,116,10,team1,616be67b65ff323064b6beec
1,jamie atkinson †,c davey b evans,0,1,3,0,0,0.00,19.4,5.89,116,10,team1,616be67b65ff323064b6beec
2,nizakat khan,c †cross b evans,9,6,8,2,0,150.00,19.4,5.89,116,10,team1,616be67b65ff323064b6beec
3,mark chapman,b sharif,24,23,24,2,1,104.34,19.4,5.89,116,10,team1,616be67b65ff323064b6beec
4,babar hayat,c †cross b taylor,8,20,34,0,0,40.00,19.4,5.89,116,10,team1,616be67b65ff323064b6beec
5,anshy rath,lbw b taylor,5,15,18,0,0,33.33,19.4,5.89,116,10,team1,616be67b65ff323064b6beec
6,aizaz khan,c evans b sharif,31,21,23,1,2,147.61,19.4,5.89,116,10,team1,616be67b65ff323064b6beec
7,tanwir afzal (c),c taylor b evans,5,8,16,0,0,62.50,19.4,5.89,116,10,team1,616be67b65ff323064b6beec
8,haseeb amjad,b taylor,5,7,11,0,0,71.42,19.4,5.89,116,10,team1,616be67b65ff323064b6beec
9,kinchit shah,not out,4,3,9,0,0,133.33,19.4,5.89,116,10,team1,616be67b65ff323064b6beec
10,nadeem ahmed,c de lange b davey,10,4,5,2,0,250.00,19.4,5.89,116,10,team1,616be67b65ff323064b6beec
11,kyle coetzer,c anshuman rath b irfan ahmed,33,19,29,5,1,173.68,12.2,9.48,117,5,team2,616be67b65ff323064b6beec
12,calum macleod,b haseeb amjad,0,5,6,0,0,0.00,12.2,9.48,117,5,team2,616be67b65ff323064b6beec
13,matthew cross †,c nadeem ahmed b tanwir afzal,39,15,16,5,2,260.00,12.2,9.48,117,5,team2,616be67b65ff323064b6beec
14,george munsey,not out,25,19,34,4,0,131.57,12.2,9.48,117,5,team2,616be67b65ff323064b6beec
15,richie berrington,c †atkinson b irfan ahmed,3,6,10,0,0,50.00,12.2,9.48,117,5,team2,616be67b65ff323064b6beec
16,preston mommsen (c),c †atkinson b aizaz khan,10,8,12,0,1,125.00,12.2,9.48,117,5,team2,616be67b65ff323064b6beec
17,josh davey,not out,4,3,3,0,0,133.33,12.2,9.48,117,5,team2,616be67b65ff323064b6beec
