,player,batting,r,b,m,4s,6s,sr,overs,run_rate,total_run,wickets,team,id
0,dwayne smith,b bracewell,17,13,15,1,2,130.76,20,10.45,209,2,team1,616be30465ff323064b6be1d
1,chris gayle,not out,85,52,87,7,5,163.46,20,10.45,209,2,team1,616be30465ff323064b6be1d
2,johnson charles,c oram b williamson,24,29,38,3,0,82.75,20,10.45,209,2,team1,616be30465ff323064b6be1d
3,kieron pollard,not out,63,29,34,5,5,217.24,20,10.45,209,2,team1,616be30465ff323064b6be1d
4,rob nicol,c edwards b bravo,32,31,50,5,0,103.22,18.3,8.27,153,10,team2,616be30465ff323064b6be1d
5,martin guptill,st †ramdin b narine,11,9,19,2,0,122.22,18.3,8.27,153,10,team2,616be30465ff323064b6be1d
6,ross taylor (c),retired hurt,10,11,10,2,0,90.90,18.3,8.27,153,10,team2,616be30465ff323064b6be1d
7,kane williamson,c & b sammy,10,10,13,0,0,100.00,18.3,8.27,153,10,team2,616be30465ff323064b6be1d
8,tim southee,st †ramdin b narine,23,18,25,0,2,127.77,18.3,8.27,153,10,team2,616be30465ff323064b6be1d
9,tom latham †,run out (sammy),15,11,20,1,0,136.36,18.3,8.27,153,10,team2,616be30465ff323064b6be1d
10,jacob oram,c bravo b edwards,27,13,22,2,2,207.69,18.3,8.27,153,10,team2,616be30465ff323064b6be1d
11,dean brownlie,run out (badree),0,2,3,0,0,0.00,18.3,8.27,153,10,team2,616be30465ff323064b6be1d
12,nathan mccullum,lbw b narine,0,1,5,0,0,0.00,18.3,8.27,153,10,team2,616be30465ff323064b6be1d
13,doug bracewell,not out,11,5,11,0,1,220.00,18.3,8.27,153,10,team2,616be30465ff323064b6be1d
14,ronnie hira,absent hurt,-,-,-,-,-,-,18.3,8.27,153,10,team2,616be30465ff323064b6be1d
