,player,batting,r,b,m,4s,6s,sr,overs,run_rate,total_run,wickets,team,id
0,dwayne smith,b starc,2,5,6,0,0,40.00,20,9.54,191,8,team1,616be3ab65ff323064b6be35
1,chris gayle,c & b watson,54,33,47,5,4,163.63,20,9.54,191,8,team1,616be3ab65ff323064b6be35
2,johnson charles,b christian,16,12,17,2,1,133.33,20,9.54,191,8,team1,616be3ab65ff323064b6be35
3,marlon samuels,c warner b hogg,50,32,45,3,4,156.25,20,9.54,191,8,team1,616be3ab65ff323064b6be35
4,dwayne bravo,b cummins,27,21,39,1,1,128.57,20,9.54,191,8,team1,616be3ab65ff323064b6be35
5,kieron pollard,c hussey b watson,10,8,10,2,0,125.00,20,9.54,191,8,team1,616be3ab65ff323064b6be35
6,daren sammy (c),c warner b starc,12,7,12,1,1,171.42,20,9.54,191,8,team1,616be3ab65ff323064b6be35
7,denesh ramdin †,b starc,3,2,8,0,0,150.00,20,9.54,191,8,team1,616be3ab65ff323064b6be35
8,ravi rampaul,not out,0,0,2,0,0,-,20,9.54,191,8,team1,616be3ab65ff323064b6be35
9,sunil narine,not out,4,1,1,1,0,400.00,20,9.54,191,8,team1,616be3ab65ff323064b6be35
10,david warner,c †ramdin b edwards,28,14,10,3,2,200.00,9.1,10.90,100,1,team2,616be3ab65ff323064b6be35
11,shane watson,not out,41,24,43,2,3,170.83,9.1,10.90,100,1,team2,616be3ab65ff323064b6be35
12,michael hussey,not out,28,19,32,3,1,147.36,9.1,10.90,100,1,team2,616be3ab65ff323064b6be35
