,player,batting,r,b,m,4s,6s,sr,overs,run_rate,total_run,wickets,team,id
0,irfan ahmed,b shapoor zadran,0,1,2,0,0,0.00,20,7.65,153,8,team1,616be51c65ff323064b6be9c
1,waqas barkat,c dawlat zadran b mohammad nabi,32,32,67,3,0,100.00,20,7.65,153,8,team1,616be51c65ff323064b6be9c
2,jamie atkinson (c)†,lbw b amir hamza,31,20,24,5,1,155.00,20,7.65,153,8,team1,616be51c65ff323064b6be9c
3,mark chapman,b dawlat zadran,38,43,55,3,1,88.37,20,7.65,153,8,team1,616be51c65ff323064b6be9c
4,babar hayat,c asghar afghan b mohammad nabi,5,3,9,1,0,166.66,20,7.65,153,8,team1,616be51c65ff323064b6be9c
5,nizakat khan,c mohammad nabi b amir hamza,9,4,11,0,1,225.00,20,7.65,153,8,team1,616be51c65ff323064b6be9c
6,munir dar,run out (najeeb tarakai),3,6,11,0,0,50.00,20,7.65,153,8,team1,616be51c65ff323064b6be9c
7,tanwir afzal,c gulbadin naib b shapoor zadran,11,6,10,1,1,183.33,20,7.65,153,8,team1,616be51c65ff323064b6be9c
8,haseeb amjad,not out,7,6,10,1,0,116.66,20,7.65,153,8,team1,616be51c65ff323064b6be9c
9,aizaz khan,not out,1,1,5,0,0,100.00,20,7.65,153,8,team1,616be51c65ff323064b6be9c
10,najeeb tarakai,c nadeem ahmed b tanwir afzal,7,6,11,1,0,116.66,18,8.55,154,3,team2,616be51c65ff323064b6be9c
11,mohammad shahzad †,c irfan ahmed b haseeb amjad,68,53,69,6,3,128.30,18,8.55,154,3,team2,616be51c65ff323064b6be9c
12,asghar afghan,c babar hayat b aizaz khan,13,21,31,0,0,61.90,18,8.55,154,3,team2,616be51c65ff323064b6be9c
13,shafiqullah,not out,51,24,39,5,3,212.50,18,8.55,154,3,team2,616be51c65ff323064b6be9c
14,mohammad nabi (c),not out,6,5,12,0,0,120.00,18,8.55,154,3,team2,616be51c65ff323064b6be9c
