,player,batting,r,b,m,4s,6s,sr,overs,run_rate,total_run,wickets,team,id
0,lendl simmons,lbw b abdur razzak,23,24,35,2,1,95.83,20,6.60,132,8,team1,616be30465ff323064b6bdf7
1,adrian barath,c tamim iqbal b shakib al hasan,15,20,18,2,0,75.00,20,6.60,132,8,team1,616be30465ff323064b6bdf7
2,marlon samuels,c †mushfiqur rahim b shafiul islam,58,42,60,2,4,138.09,20,6.60,132,8,team1,616be30465ff323064b6bdf7
3,andre russell,c naeem islam b shakib al hasan,5,12,17,0,0,41.66,20,6.60,132,8,team1,616be30465ff323064b6bdf7
4,darren bravo,lbw b abdur razzak,7,6,7,0,1,116.66,20,6.60,132,8,team1,616be30465ff323064b6bdf7
5,danza hyatt,lbw b rubel hossain,2,3,5,0,0,66.66,20,6.60,132,8,team1,616be30465ff323064b6bdf7
6,daren sammy (c),c nasir hossain b naeem islam,1,2,3,0,0,50.00,20,6.60,132,8,team1,616be30465ff323064b6bdf7
7,denesh ramdin †,not out,10,9,10,1,0,111.11,20,6.60,132,8,team1,616be30465ff323064b6bdf7
8,carlos brathwaite,c nasir hossain b shafiul islam,1,2,1,0,0,50.00,20,6.60,132,8,team1,616be30465ff323064b6bdf7
9,ravi rampaul,not out,0,0,1,0,0,-,20,6.60,132,8,team1,616be30465ff323064b6bdf7
10,tamim iqbal,c †ramdin b rampaul,11,14,14,2,0,78.57,19.5,6.80,135,7,team2,616be30465ff323064b6bdf7
11,imrul kayes,c hyatt b martin,22,21,33,3,1,104.76,19.5,6.80,135,7,team2,616be30465ff323064b6bdf7
12,mohammad ashraful,c martin b samuels,24,25,25,2,0,96.00,19.5,6.80,135,7,team2,616be30465ff323064b6bdf7
13,shakib al hasan,b samuels,0,1,1,0,0,0.00,19.5,6.80,135,7,team2,616be30465ff323064b6bdf7
14,alok kapali,c martin b brathwaite,2,9,6,0,0,22.22,19.5,6.80,135,7,team2,616be30465ff323064b6bdf7
15,mushfiqur rahim (c)†,not out,41,26,47,1,2,157.69,19.5,6.80,135,7,team2,616be30465ff323064b6bdf7
16,naeem islam,b sammy,10,8,10,1,0,125.00,19.5,6.80,135,7,team2,616be30465ff323064b6bdf7
17,nasir hossain,c †ramdin b rampaul,18,15,22,1,0,120.00,19.5,6.80,135,7,team2,616be30465ff323064b6bdf7
18,abdur razzak,not out,1,1,2,0,0,100.00,19.5,6.80,135,7,team2,616be30465ff323064b6bdf7
