,player,batting,r,b,m,4s,6s,sr,overs,run_rate,total_run,wickets,team,id
0,marcus trescothick,c hussey b symonds,41,37,55,5,0,110.81,20,8.94,179,8,team1,616be07165ff323064b6bd26
1,geraint jones †,c kasprowicz b mcgrath,19,14,17,4,0,135.71,20,8.94,179,8,team1,616be07165ff323064b6bd26
2,andrew flintoff,c symonds b kasprowicz,6,5,9,0,0,120.00,20,8.94,179,8,team1,616be07165ff323064b6bd26
3,kevin pietersen,c hayden b clarke,34,18,19,3,1,188.88,20,8.94,179,8,team1,616be07165ff323064b6bd26
4,michael vaughan (c),c ponting b symonds,0,1,2,0,0,0.00,20,8.94,179,8,team1,616be07165ff323064b6bd26
5,paul collingwood,c ponting b mcgrath,46,26,28,5,2,176.92,20,8.94,179,8,team1,616be07165ff323064b6bd26
6,andrew strauss,b gillespie,18,16,15,1,0,112.50,20,8.94,179,8,team1,616be07165ff323064b6bd26
7,vikram solanki,c hussey b mcgrath,9,5,5,1,0,180.00,20,8.94,179,8,team1,616be07165ff323064b6bd26
8,jon lewis,not out,0,0,1,0,0,-,20,8.94,179,8,team1,616be07165ff323064b6bd26
9,adam gilchrist †,c pietersen b gough,15,14,11,3,0,107.14,14.3,5.44,79,10,team2,616be07165ff323064b6bd26
10,matthew hayden,c pietersen b gough,6,4,12,1,0,150.00,14.3,5.44,79,10,team2,616be07165ff323064b6bd26
11,andrew symonds,c pietersen b lewis,0,2,5,0,0,0.00,14.3,5.44,79,10,team2,616be07165ff323064b6bd26
12,michael clarke,c †jones b lewis,0,1,1,0,0,0.00,14.3,5.44,79,10,team2,616be07165ff323064b6bd26
13,michael hussey,c flintoff b gough,1,6,6,0,0,16.66,14.3,5.44,79,10,team2,616be07165ff323064b6bd26
14,ricky ponting (c),c solanki b lewis,0,3,6,0,0,0.00,14.3,5.44,79,10,team2,616be07165ff323064b6bd26
15,damien martyn,c trescothick b lewis,4,4,6,1,0,100.00,14.3,5.44,79,10,team2,616be07165ff323064b6bd26
16,brett lee,c harmison b collingwood,15,20,29,1,0,75.00,14.3,5.44,79,10,team2,616be07165ff323064b6bd26
17,jason gillespie,c trescothick b collingwood,24,18,18,4,0,133.33,14.3,5.44,79,10,team2,616be07165ff323064b6bd26
18,michael kasprowicz,not out,3,5,16,0,0,60.00,14.3,5.44,79,10,team2,616be07165ff323064b6bd26
19,glenn mcgrath,b harmison,5,12,9,0,0,41.66,14.3,5.44,79,10,team2,616be07165ff323064b6bd26
