,player,batting,r,b,m,4s,6s,sr,overs,run_rate,total_run,wickets,team,id
0,morris ouma †,b bond,0,2,1,0,0,0.00,16.5,4.33,73,10,team1,616be07165ff323064b6bd39
1,david obuya,hit wicket b gillespie,0,1,5,0,0,0.00,16.5,4.33,73,10,team1,616be07165ff323064b6bd39
2,tanmay mishra,c oram b bond,0,3,2,0,0,0.00,16.5,4.33,73,10,team1,616be07165ff323064b6bd39
3,steve tikolo (c),lbw b gillespie,0,2,4,0,0,0.00,16.5,4.33,73,10,team1,616be07165ff323064b6bd39
4,collins obuya,st †mccullum b vettori,18,25,41,2,0,72.00,16.5,4.33,73,10,team1,616be07165ff323064b6bd39
5,thomas odoyo,c taylor b martin,18,26,27,3,0,69.23,16.5,4.33,73,10,team1,616be07165ff323064b6bd39
6,nehemiah odhiambo,c taylor b martin,0,6,7,0,0,0.00,16.5,4.33,73,10,team1,616be07165ff323064b6bd39
7,alex obanda,b vettori,4,12,10,0,0,33.33,16.5,4.33,73,10,team1,616be07165ff323064b6bd39
8,jimmy kamande,b gillespie,14,13,19,1,0,107.69,16.5,4.33,73,10,team1,616be07165ff323064b6bd39
9,rajesh bhudia,not out,11,9,14,0,1,122.22,16.5,4.33,73,10,team1,616be07165ff323064b6bd39
10,peter ongondo,b gillespie,0,2,1,0,0,0.00,16.5,4.33,73,10,team1,616be07165ff323064b6bd39
11,lou vincent,c do obuya b odoyo,27,20,20,4,1,135.00,7.4,9.65,74,1,team2,616be07165ff323064b6bd39
12,brendon mccullum †,not out,16,13,33,1,1,123.07,7.4,9.65,74,1,team2,616be07165ff323064b6bd39
13,peter fulton,not out,21,14,12,1,2,150.00,7.4,9.65,74,1,team2,616be07165ff323064b6bd39
