,player,batting,r,b,m,4s,6s,sr,overs,run_rate,total_run,wickets,team,id
0,chris gayle,c alok kapali b syed rasel,0,3,2,0,0,0.00,20,8.19,164,8,team1,616be07165ff323064b6bd3c
1,devon smith,b abdur razzak,51,52,66,6,0,98.07,20,8.19,164,8,team1,616be07165ff323064b6bd3c
2,shivnarine chanderpaul,c mashrafe mortaza b abdur razzak,37,31,54,3,2,119.35,20,8.19,164,8,team1,616be07165ff323064b6bd3c
3,marlon samuels,c shakib al hasan b mohammad ashraful,27,14,17,2,2,192.85,20,8.19,164,8,team1,616be07165ff323064b6bd3c
4,ramnaresh sarwan (c),st †mushfiqur rahim b shakib al hasan,5,7,13,0,0,71.42,20,8.19,164,8,team1,616be07165ff323064b6bd3c
5,denesh ramdin †,c †mushfiqur rahim b shakib al hasan,2,3,2,0,0,66.66,20,8.19,164,8,team1,616be07165ff323064b6bd3c
6,dwayne smith,b shakib al hasan,29,7,7,1,4,414.28,20,8.19,164,8,team1,616be07165ff323064b6bd3c
7,dwayne bravo,st †mushfiqur rahim b shakib al hasan,2,2,1,0,0,100.00,20,8.19,164,8,team1,616be07165ff323064b6bd3c
8,daren powell,not out,1,1,1,0,0,100.00,20,8.19,164,8,team1,616be07165ff323064b6bd3c
9,tamim iqbal,c chanderpaul b rampaul,10,13,17,2,0,76.92,18,9.16,165,4,team2,616be07165ff323064b6bd3c
10,nazimuddin,c sarwan b rampaul,1,4,3,0,0,25.00,18,9.16,165,4,team2,616be07165ff323064b6bd3c
11,aftab ahmed,not out,62,49,74,8,1,126.53,18,9.16,165,4,team2,616be07165ff323064b6bd3c
12,mohammad ashraful (c),c gayle b sarwan,61,27,43,7,3,225.92,18,9.16,165,4,team2,616be07165ff323064b6bd3c
13,shakib al hasan,c powell b sarwan,13,9,9,1,0,144.44,18,9.16,165,4,team2,616be07165ff323064b6bd3c
14,alok kapali,not out,5,7,6,0,0,71.42,18,9.16,165,4,team2,616be07165ff323064b6bd3c
