,player,batting,r,b,m,4s,6s,sr,overs,run_rate,total_run,wickets,team,id
0,brendon mccullum (c),c west b mccallan,10,14,21,0,1,71.42,20,9.89,198,5,team1,616be1b665ff323064b6bd8b
1,aaron redmond,lbw b cusack,63,30,38,13,0,210.00,20,9.89,198,5,team1,616be1b665ff323064b6bd8b
2,martin guptill,not out,45,32,60,0,4,140.62,20,9.89,198,5,team1,616be1b665ff323064b6bd8b
3,scott styris,c kj o'brien b mccallan,42,25,19,1,3,168.00,20,9.89,198,5,team1,616be1b665ff323064b6bd8b
4,jacob oram,c botha b cusack,15,7,5,1,1,214.28,20,9.89,198,5,team1,616be1b665ff323064b6bd8b
5,peter mcglashan †,b johnston,5,5,4,0,0,100.00,20,9.89,198,5,team1,616be1b665ff323064b6bd8b
6,james franklin,not out,7,7,6,0,0,100.00,20,9.89,198,5,team1,616be1b665ff323064b6bd8b
7,william porterfield (c),run out (mills),1,1,2,0,0,100.00,16.4,6.90,115,10,team2,616be1b665ff323064b6bd8b
8,gary wilson,c franklin b styris,23,28,34,2,0,82.14,16.4,6.90,115,10,team2,616be1b665ff323064b6bd8b
9,niall o'brien †,c oram b mills,3,4,7,0,0,75.00,16.4,6.90,115,10,team2,616be1b665ff323064b6bd8b
10,andre botha,run out (styris/†mcglashan),28,17,23,5,0,164.70,16.4,6.90,115,10,team2,616be1b665ff323064b6bd8b
11,kevin o'brien,c franklin b nl mccullum,2,3,9,0,0,66.66,16.4,6.90,115,10,team2,616be1b665ff323064b6bd8b
12,john mooney,run out (bb mccullum),12,14,14,1,0,85.71,16.4,6.90,115,10,team2,616be1b665ff323064b6bd8b
13,alex cusack,c bb mccullum b nl mccullum,20,12,14,1,1,166.66,16.4,6.90,115,10,team2,616be1b665ff323064b6bd8b
14,trent johnston,run out (bb mccullum),14,9,14,0,1,155.55,16.4,6.90,115,10,team2,616be1b665ff323064b6bd8b
15,kyle mccallan,lbw b nl mccullum,0,2,1,0,0,0.00,16.4,6.90,115,10,team2,616be1b665ff323064b6bd8b
16,regan west,b mills,8,8,7,1,0,100.00,16.4,6.90,115,10,team2,616be1b665ff323064b6bd8b
17,peter connell,not out,1,2,3,0,0,50.00,16.4,6.90,115,10,team2,616be1b665ff323064b6bd8b
