,player,batting,r,b,m,4s,6s,sr,overs,run_rate,total_run,wickets,team,id
0,mohammad hafeez (c),b kohli,15,28,48,1,0,53.57,19.4,6.50,128,10,team1,616be3ab65ff323064b6be41
1,imran nazir,lbw b pathan,8,5,8,2,0,160.00,19.4,6.50,128,10,team1,616be3ab65ff323064b6be41
2,shahid afridi,c raina b balaji,14,12,15,2,0,116.66,19.4,6.50,128,10,team1,616be3ab65ff323064b6be41
3,nasir jamshed,c †dhoni b yuvraj singh,4,5,9,0,0,80.00,19.4,6.50,128,10,team1,616be3ab65ff323064b6be41
4,kamran akmal †,c †dhoni b yuvraj singh,5,6,5,0,0,83.33,19.4,6.50,128,10,team1,616be3ab65ff323064b6be41
5,shoaib malik,c sharma b ashwin,28,22,29,3,0,127.27,19.4,6.50,128,10,team1,616be3ab65ff323064b6be41
6,umar akmal,c raina b ashwin,21,18,31,0,1,116.66,19.4,6.50,128,10,team1,616be3ab65ff323064b6be41
7,yasir arafat,run out (yuvraj singh),8,11,12,1,0,72.72,19.4,6.50,128,10,team1,616be3ab65ff323064b6be41
8,umar gul,c †dhoni b balaji,12,10,10,1,1,120.00,19.4,6.50,128,10,team1,616be3ab65ff323064b6be41
9,saeed ajmal,c †dhoni b balaji,1,2,6,0,0,50.00,19.4,6.50,128,10,team1,616be3ab65ff323064b6be41
10,raza hasan,not out,0,0,2,0,0,-,19.4,6.50,128,10,team1,616be3ab65ff323064b6be41
11,gautam gambhir,c & b raza hasan,0,2,2,0,0,0.00,17,7.58,129,2,team2,616be3ab65ff323064b6be41
12,virender sehwag,c umar gul b shahid afridi,29,24,38,4,0,120.83,17,7.58,129,2,team2,616be3ab65ff323064b6be41
13,virat kohli,not out,78,61,61,8,2,127.86,17,7.58,129,2,team2,616be3ab65ff323064b6be41
14,yuvraj singh,not out,19,16,24,2,0,118.75,17,7.58,129,2,team2,616be3ab65ff323064b6be41
