,player,batting,r,b,m,4s,6s,sr,overs,run_rate,total_run,wickets,team,id
0,karim sadiq,c hansra b zahid hussain,36,26,-,5,1,138.46,20,8.69,174,8,team1,616be30465ff323064b6be10
1,shabir noori,c patel b zahid hussain,15,18,-,1,0,83.33,20,8.69,174,8,team1,616be30465ff323064b6be10
2,mohammad shahzad †,b baidwan,27,27,-,2,0,100.00,20,8.69,174,8,team1,616be30465ff323064b6be10
3,nawroz mangal (c),st †bhatti b zahid hussain,0,1,-,0,0,0.00,20,8.69,174,8,team1,616be30465ff323064b6be10
4,samiullah shinwari,run out (†bhatti/osinde),61,34,-,6,3,179.41,20,8.69,174,8,team1,616be30465ff323064b6be10
5,mohammad nabi,b baidwan,12,6,-,0,1,200.00,20,8.69,174,8,team1,616be30465ff323064b6be10
6,gulbadin naib,c gordon b osinde,13,7,-,0,1,185.71,20,8.69,174,8,team1,616be30465ff323064b6be10
7,mirwais ashraf,run out (patel/†bhatti),1,1,-,0,0,100.00,20,8.69,174,8,team1,616be30465ff323064b6be10
8,dawlat zadran,not out,0,0,-,0,0,-,20,8.69,174,8,team1,616be30465ff323064b6be10
9,hiral patel,b karim sadiq,1,7,-,0,0,14.28,20,6.65,133,9,team2,616be30465ff323064b6be10
10,ruvindu gunasekera,c mohammad nabi b dawlat zadran,11,6,-,1,1,183.33,20,6.65,133,9,team2,616be30465ff323064b6be10
11,junaid siddiqui,b samiullah shinwari,21,12,-,2,1,175.00,20,6.65,133,9,team2,616be30465ff323064b6be10
12,nitish kumar,c karim sadiq b dawlat zadran,38,34,-,3,0,111.76,20,6.65,133,9,team2,616be30465ff323064b6be10
13,jimmy hansra,lbw b samiullah shinwari,6,12,-,0,0,50.00,20,6.65,133,9,team2,616be30465ff323064b6be10
14,rizwan cheema (c),c mohammad nabi b zamir khan,1,4,-,0,0,25.00,20,6.65,133,9,team2,616be30465ff323064b6be10
15,tyson gordon,lbw b samiullah shinwari,4,3,-,0,0,133.33,20,6.65,133,9,team2,616be30465ff323064b6be10
16,harvir baidwan,c izatullah dawlatzai b samiullah shinwari,0,1,-,0,0,0.00,20,6.65,133,9,team2,616be30465ff323064b6be10
17,rustam bhatti †,not out,11,22,-,0,0,50.00,20,6.65,133,9,team2,616be30465ff323064b6be10
18,henry osinde,b izatullah dawlatzai,17,12,-,0,2,141.66,20,6.65,133,9,team2,616be30465ff323064b6be10
19,zahid hussain,not out,2,7,-,0,0,28.57,20,6.65,133,9,team2,616be30465ff323064b6be10
