,player,batting,r,b,m,4s,6s,sr,overs,run_rate,total_run,wickets,team,id
0,kevin pietersen,c umar gul b saeed ajmal,17,13,22,3,0,130.76,20,7.50,150,7,team1,616be30465ff323064b6be0a
1,craig kieswetter †,c umar gul b shahid afridi,31,24,46,2,1,129.16,20,7.50,150,7,team1,616be30465ff323064b6be0a
2,ravi bopara,lbw b umar gul,1,4,7,0,0,25.00,20,7.50,150,7,team1,616be30465ff323064b6be0a
3,eoin morgan,lbw b mohammad hafeez,9,7,7,2,0,128.57,20,7.50,150,7,team1,616be30465ff323064b6be0a
4,jonny bairstow,not out,60,46,57,5,2,130.43,20,7.50,150,7,team1,616be30465ff323064b6be0a
5,samit patel,run out (saeed ajmal),13,13,24,1,0,100.00,20,7.50,150,7,team1,616be30465ff323064b6be0a
6,jos buttler,b umar gul,7,8,11,1,0,87.50,20,7.50,150,7,team1,616be30465ff323064b6be0a
7,stuart broad (c),b aizaz cheema,2,2,5,0,0,100.00,20,7.50,150,7,team1,616be30465ff323064b6be0a
8,graeme swann,not out,2,3,6,0,0,66.66,20,7.50,150,7,team1,616be30465ff323064b6be0a
9,mohammad hafeez,c pietersen b finn,0,2,2,0,0,0.00,18.2,6.10,112,10,team2,616be30465ff323064b6be0a
10,awais zia,c dernbach b broad,6,12,32,0,1,50.00,18.2,6.10,112,10,team2,616be30465ff323064b6be0a
11,asad shafiq,c & b dernbach,1,5,6,0,0,20.00,18.2,6.10,112,10,team2,616be30465ff323064b6be0a
12,umar akmal †,c morgan b finn,19,12,15,2,1,158.33,18.2,6.10,112,10,team2,616be30465ff323064b6be0a
13,shoaib malik,c bairstow b swann,12,11,21,0,0,109.09,18.2,6.10,112,10,team2,616be30465ff323064b6be0a
14,misbah-ul-haq (c),c bairstow b swann,13,24,26,1,0,54.16,18.2,6.10,112,10,team2,616be30465ff323064b6be0a
15,shahid afridi,c morgan b broad,25,23,46,2,1,108.69,18.2,6.10,112,10,team2,616be30465ff323064b6be0a
16,hammad azam,c buttler b bopara,21,15,13,3,1,140.00,18.2,6.10,112,10,team2,616be30465ff323064b6be0a
17,umar gul,c †kieswetter b finn,10,4,6,1,1,250.00,18.2,6.10,112,10,team2,616be30465ff323064b6be0a
18,saeed ajmal,run out (finn),0,0,2,0,0,-,18.2,6.10,112,10,team2,616be30465ff323064b6be0a
19,aizaz cheema,not out,0,3,6,0,0,0.00,18.2,6.10,112,10,team2,616be30465ff323064b6be0a
