,player,batting,r,b,m,4s,6s,sr,overs,run_rate,total_run,wickets,team,id
0,stephan myburgh,b karim sadiq,19,17,-,3,0,111.76,20,7.45,149,6,team1,616be30465ff323064b6be0f
1,michael swart,lbw b samiullah shinwari,22,16,-,3,0,137.50,20,7.45,149,6,team1,616be30465ff323064b6be0f
2,tom cooper,run out (samiullah shinwari),7,11,-,0,0,63.63,20,7.45,149,6,team1,616be30465ff323064b6be0f
3,alexei kervezee,not out,58,43,-,0,3,134.88,20,7.45,149,6,team1,616be30465ff323064b6be0f
4,wesley barresi †,b izatullah dawlatzai,14,13,-,1,0,107.69,20,7.45,149,6,team1,616be30465ff323064b6be0f
5,peter borren (c),c †mohammad shahzad b izatullah dawlatzai,5,8,-,0,0,62.50,20,7.45,149,6,team1,616be30465ff323064b6be0f
6,mudassar bukhari,c nawroz mangal b izatullah dawlatzai,10,8,-,2,0,125.00,20,7.45,149,6,team1,616be30465ff323064b6be0f
7,tom de grooth,not out,3,4,-,0,0,75.00,20,7.45,149,6,team1,616be30465ff323064b6be0f
8,karim sadiq,c seelaar b mudassar bukhari,11,9,-,2,0,122.22,19.4,7.62,150,6,team2,616be30465ff323064b6be0f
9,gulbadin naib,c de grooth b borren,5,16,-,0,0,31.25,19.4,7.62,150,6,team2,616be30465ff323064b6be0f
10,mohammad shahzad †,lbw b ahsan malik,54,44,-,8,0,122.72,19.4,7.62,150,6,team2,616be30465ff323064b6be0f
11,nawroz mangal (c),c cooper b ahsan malik,26,19,-,2,1,136.84,19.4,7.62,150,6,team2,616be30465ff323064b6be0f
12,mohammad nabi,c myburgh b swart,22,13,-,3,0,169.23,19.4,7.62,150,6,team2,616be30465ff323064b6be0f
13,samiullah shinwari,not out,9,10,-,0,0,90.00,19.4,7.62,150,6,team2,616be30465ff323064b6be0f
14,mirwais ashraf,b mudassar bukhari,2,2,-,0,0,100.00,19.4,7.62,150,6,team2,616be30465ff323064b6be0f
15,noor ali zadran,not out,11,5,-,2,0,220.00,19.4,7.62,150,6,team2,616be30465ff323064b6be0f
