,player,batting,r,b,m,4s,6s,sr,overs,run_rate,total_run,wickets,team,id
0,tamim iqbal,c raina b ashwin,6,10,14,1,0,60.00,20,6.90,138,7,team1,616be51c65ff323064b6beaf
1,anamul haque,b mishra,44,43,49,5,2,102.32,20,6.90,138,7,team1,616be51c65ff323064b6beaf
2,shamsur rahman,c sharma b ashwin,0,1,1,0,0,0.00,20,6.90,138,7,team1,616be51c65ff323064b6beaf
3,shakib al hasan,b kumar,1,2,3,0,0,50.00,20,6.90,138,7,team1,616be51c65ff323064b6beaf
4,mushfiqur rahim (c)†,c kohli b mohammed shami,24,21,22,4,0,114.28,20,6.90,138,7,team1,616be51c65ff323064b6beaf
5,nasir hossain,st †dhoni b mishra,16,17,31,1,0,94.11,20,6.90,138,7,team1,616be51c65ff323064b6beaf
6,mahmudullah,not out,33,23,27,5,1,143.47,20,6.90,138,7,team1,616be51c65ff323064b6beaf
7,ziaur rahman,c jadeja b mishra,0,1,1,0,0,0.00,20,6.90,138,7,team1,616be51c65ff323064b6beaf
8,mashrafe mortaza,not out,6,2,1,0,1,300.00,20,6.90,138,7,team1,616be51c65ff323064b6beaf
9,rohit sharma,c nasir hossain b mashrafe mortaza,56,44,60,5,1,127.27,18.3,7.62,141,2,team2,616be51c65ff323064b6beaf
10,shikhar dhawan,b al-amin hossain,1,6,11,0,0,16.66,18.3,7.62,141,2,team2,616be51c65ff323064b6beaf
11,virat kohli,not out,57,50,66,3,1,114.00,18.3,7.62,141,2,team2,616be51c65ff323064b6beaf
12,ms dhoni (c)†,not out,22,12,16,1,2,183.33,18.3,7.62,141,2,team2,616be51c65ff323064b6beaf
