,player,batting,r,b,m,4s,6s,sr,overs,run_rate,total_run,wickets,team,id
0,cameron white,lbw b wright,75,43,57,6,4,174.41,20,10.64,213,4,team1,616be51c65ff323064b6be8b
1,aaron finch,c hales b broad,52,31,46,5,3,167.74,20,10.64,213,4,team1,616be51c65ff323064b6be8b
2,glenn maxwell,c bresnan b bopara,20,13,24,2,1,153.84,20,10.64,213,4,team1,616be51c65ff323064b6be8b
3,george bailey (c),c bresnan b dernbach,14,14,29,1,0,100.00,20,10.64,213,4,team1,616be51c65ff323064b6be8b
4,chris lynn,not out,33,19,21,1,3,173.68,20,10.64,213,4,team1,616be51c65ff323064b6be8b
5,dan christian,not out,6,2,3,1,0,300.00,20,10.64,213,4,team1,616be51c65ff323064b6be8b
6,alex hales,lbw b henriques,22,12,21,5,0,183.33,20,10.00,200,9,team2,616be51c65ff323064b6be8b
7,michael lumb,c lynn b coulter-nile,9,6,4,2,0,150.00,20,10.00,200,9,team2,616be51c65ff323064b6be8b
8,luke wright,b henriques,9,10,11,2,0,90.00,20,10.00,200,9,team2,616be51c65ff323064b6be8b
9,joe root,c finch b coulter-nile,32,24,30,3,1,133.33,20,10.00,200,9,team2,616be51c65ff323064b6be8b
10,eoin morgan,b maxwell,4,4,7,1,0,100.00,20,10.00,200,9,team2,616be51c65ff323064b6be8b
11,jos buttler †,c muirhead b coulter-nile,20,14,17,1,1,142.85,20,10.00,200,9,team2,616be51c65ff323064b6be8b
12,ravi bopara,not out,65,27,40,2,7,240.74,20,10.00,200,9,team2,616be51c65ff323064b6be8b
13,tim bresnan,b muirhead,11,14,20,0,0,78.57,20,10.00,200,9,team2,616be51c65ff323064b6be8b
14,stuart broad (c),b coulter-nile,13,5,6,0,2,260.00,20,10.00,200,9,team2,616be51c65ff323064b6be8b
15,jade dernbach,run out (finch/†wade),5,4,6,1,0,125.00,20,10.00,200,9,team2,616be51c65ff323064b6be8b
16,danny briggs,not out,0,0,5,0,0,-,20,10.00,200,9,team2,616be51c65ff323064b6be8b
