,player,batting,r,b,m,4s,6s,sr,overs,run_rate,total_run,wickets,team,id
0,graeme smith (c),c mahmood b denly,88,44,66,8,6,200.00,20,12.05,241,6,team1,616be1b665ff323064b6bda3
1,loots bosman,c anderson b wright,94,45,81,5,9,208.88,20,12.05,241,6,team1,616be1b665ff323064b6bda3
2,albie morkel,c bresnan b pietersen,14,6,6,2,1,233.33,20,12.05,241,6,team1,616be1b665ff323064b6bda3
3,jean-paul duminy,c wright b anderson,2,4,6,0,0,50.00,20,12.05,241,6,team1,616be1b665ff323064b6bda3
4,ab de villiers,run out (morgan/†prior),24,13,17,3,1,184.61,20,12.05,241,6,team1,616be1b665ff323064b6bda3
5,jacques kallis,b mahmood,7,5,5,1,0,140.00,20,12.05,241,6,team1,616be1b665ff323064b6bda3
6,heino kuhn †,not out,5,4,11,0,0,125.00,20,12.05,241,6,team1,616be1b665ff323064b6bda3
7,ryan mclaren,not out,1,1,2,0,0,100.00,20,12.05,241,6,team1,616be1b665ff323064b6bda3
8,joe denly,b abdulla,14,14,12,2,0,100.00,20,7.85,157,8,team2,616be1b665ff323064b6bda3
9,alastair cook (c),c van der merwe b morkel,26,21,37,5,0,123.80,20,7.85,157,8,team2,616be1b665ff323064b6bda3
10,jonathan trott,c †kuhn b morkel,51,40,51,1,3,127.50,20,7.85,157,8,team2,616be1b665ff323064b6bda3
11,kevin pietersen,b van der merwe,29,19,32,1,2,152.63,20,7.85,157,8,team2,616be1b665ff323064b6bda3
12,eoin morgan,b steyn,10,7,11,2,0,142.85,20,7.85,157,8,team2,616be1b665ff323064b6bda3
13,luke wright,c sub (j botha) b steyn,12,5,8,1,1,240.00,20,7.85,157,8,team2,616be1b665ff323064b6bda3
14,matt prior †,not out,10,8,10,1,0,125.00,20,7.85,157,8,team2,616be1b665ff323064b6bda3
15,tim bresnan,c smith b mclaren,0,3,2,0,0,0.00,20,7.85,157,8,team2,616be1b665ff323064b6bda3
16,adil rashid,run out (kallis),1,2,3,0,0,50.00,20,7.85,157,8,team2,616be1b665ff323064b6bda3
17,sajid mahmood,not out,1,1,2,0,0,100.00,20,7.85,157,8,team2,616be1b665ff323064b6bda3
