,player,batting,r,b,m,4s,6s,sr,overs,run_rate,total_run,wickets,team,id
0,gautam gambhir,b o'brien,6,7,8,1,0,85.71,20,8.10,162,8,team1,616be0ff65ff323064b6bd79
1,virender sehwag,b o'brien,26,10,14,0,4,260.00,20,8.10,162,8,team1,616be0ff65ff323064b6bd79
2,suresh raina,not out,61,43,74,2,5,141.86,20,8.10,162,8,team1,616be0ff65ff323064b6bd79
3,rohit sharma,c †bb mccullum b butler,7,7,9,0,1,100.00,20,8.10,162,8,team1,616be0ff65ff323064b6bd79
4,yuvraj singh,lbw b vettori,1,3,4,0,0,33.33,20,8.10,162,8,team1,616be0ff65ff323064b6bd79
5,ms dhoni (c)†,b butler,2,6,5,0,0,33.33,20,8.10,162,8,team1,616be0ff65ff323064b6bd79
6,yusuf pathan,c oram b nl mccullum,20,8,7,0,3,250.00,20,8.10,162,8,team1,616be0ff65ff323064b6bd79
7,irfan pathan,c nl mccullum b ryder,12,14,13,1,0,85.71,20,8.10,162,8,team1,616be0ff65ff323064b6bd79
8,harbhajan singh,b southee,21,22,25,2,0,95.45,20,8.10,162,8,team1,616be0ff65ff323064b6bd79
9,jesse ryder,lbw b i sharma,1,4,5,0,0,25.00,18.5,8.81,166,3,team2,616be0ff65ff323064b6bd79
10,brendon mccullum †,not out,56,49,88,2,3,114.28,18.5,8.81,166,3,team2,616be0ff65ff323064b6bd79
11,martin guptill,lbw b harbhajan singh,41,28,26,4,3,146.42,18.5,8.81,166,3,team2,616be0ff65ff323064b6bd79
12,ross taylor,b khan,31,20,28,1,3,155.00,18.5,8.81,166,3,team2,616be0ff65ff323064b6bd79
13,jacob oram,not out,29,15,26,3,2,193.33,18.5,8.81,166,3,team2,616be0ff65ff323064b6bd79
