,player,batting,r,b,m,4s,6s,sr,overs,run_rate,total_run,wickets,team,id
0,kyle coetzer,c patel b nn odhiambo,9,9,-,0,1,100.00,19.2,6.36,123,10,team1,616be1b665ff323064b6bdab
1,ryan watson,b nn odhiambo,13,8,-,2,0,162.50,19.2,6.36,123,10,team1,616be1b665ff323064b6bdab
2,fraser watts,b nm odhiambo,0,3,-,0,0,0.00,19.2,6.36,123,10,team1,616be1b665ff323064b6bdab
3,neil mccallum,run out (patel),3,5,-,0,0,60.00,19.2,6.36,123,10,team1,616be1b665ff323064b6bdab
4,gavin hamilton (c),c tikolo b nn odhiambo,28,30,-,3,0,93.33,19.2,6.36,123,10,team1,616be1b665ff323064b6bdab
5,richie berrington,c †ouma b nm odhiambo,0,2,-,0,0,0.00,19.2,6.36,123,10,team1,616be1b665ff323064b6bdab
6,jan stander,b nn odhiambo,45,39,-,4,3,115.38,19.2,6.36,123,10,team1,616be1b665ff323064b6bdab
7,gordon drummond,b nn odhiambo,0,1,-,0,0,0.00,19.2,6.36,123,10,team1,616be1b665ff323064b6bdab
8,simon smith †,not out,4,8,-,0,0,50.00,19.2,6.36,123,10,team1,616be1b665ff323064b6bdab
9,majid haq,run out (varaiya),2,7,-,0,0,28.57,19.2,6.36,123,10,team1,616be1b665ff323064b6bdab
10,dewald nel,run out (ngoche),9,5,-,0,1,180.00,19.2,6.36,123,10,team1,616be1b665ff323064b6bdab
11,david obuya,not out,65,47,-,7,2,138.29,14.3,8.68,126,10,team2,616be1b665ff323064b6bdab
12,steve tikolo,not out,56,42,-,8,1,133.33,14.3,8.68,126,10,team2,616be1b665ff323064b6bdab
