,player,batting,r,b,m,4s,6s,sr,overs,run_rate,total_run,wickets,team,id
0,quinton de kock †,c sohail tanvir b mohammad hafeez,43,33,45,8,0,130.30,20,7.65,153,7,team1,616be46a65ff323064b6be7d
1,hashim amla,b mohammad hafeez,31,20,37,6,0,155.00,20,7.65,153,7,team1,616be46a65ff323064b6be7d
2,faf du plessis (c),c sohaib maqsood b junaid khan,22,22,40,1,0,100.00,20,7.65,153,7,team1,616be46a65ff323064b6be7d
3,henry davids,b shahid afridi,3,5,5,0,0,60.00,20,7.65,153,7,team1,616be46a65ff323064b6be7d
4,jean-paul duminy,c mohammad hafeez b bilawal bhatti,11,16,21,1,0,68.75,20,7.65,153,7,team1,616be46a65ff323064b6be7d
5,david miller,not out,19,11,46,2,1,172.72,20,7.65,153,7,team1,616be46a65ff323064b6be7d
6,wayne parnell,run out (sohail tanvir/bilawal bhatti),6,6,11,0,0,100.00,20,7.65,153,7,team1,616be46a65ff323064b6be7d
7,dale steyn,c sub (abdur rehman) b junaid khan,1,3,6,0,0,33.33,20,7.65,153,7,team1,616be46a65ff323064b6be7d
8,morne morkel,not out,8,5,5,2,0,160.00,20,7.65,153,7,team1,616be46a65ff323064b6be7d
9,ahmed shehzad,b tsotsobe,9,9,11,2,0,100.00,9.1,6.54,60,2,team2,616be46a65ff323064b6be7d
10,nasir jamshed,c & b duminy,18,25,41,3,0,72.00,9.1,6.54,60,2,team2,616be46a65ff323064b6be7d
11,mohammad hafeez (c),not out,13,15,37,1,0,86.66,9.1,6.54,60,2,team2,616be46a65ff323064b6be7d
12,umar akmal †,not out,7,6,8,1,0,116.66,9.1,6.54,60,2,team2,616be46a65ff323064b6be7d
