,player,batting,r,b,m,4s,6s,sr,overs,run_rate,total_run,wickets,team,id
0,michael lumb,c bravo b cottrell,63,40,46,9,2,157.50,20,8.25,165,6,team1,616be51c65ff323064b6be96
1,alex hales,c simmons b cottrell,38,31,54,4,1,122.58,20,8.25,165,6,team1,616be51c65ff323064b6be96
2,eoin morgan (c),c smith b narine,18,17,18,1,1,105.88,20,8.25,165,6,team1,616be51c65ff323064b6be96
3,jos buttler †,c sammy b santokie,3,8,14,0,0,37.50,20,8.25,165,6,team1,616be51c65ff323064b6be96
4,ravi bopara,not out,6,9,21,0,0,66.66,20,8.25,165,6,team1,616be51c65ff323064b6be96
5,ben stokes,b santokie,0,1,2,0,0,0.00,20,8.25,165,6,team1,616be51c65ff323064b6be96
6,moeen ali,run out (santokie),3,5,6,0,0,60.00,20,8.25,165,6,team1,616be51c65ff323064b6be96
7,chris jordan,not out,27,9,8,0,4,300.00,20,8.25,165,6,team1,616be51c65ff323064b6be96
8,dwayne smith,b dernbach,0,1,1,0,0,0.00,20,8.00,160,7,team2,616be51c65ff323064b6be96
9,johnson charles,c & b jordan,4,3,7,1,0,133.33,20,8.00,160,7,team2,616be51c65ff323064b6be96
10,marlon samuels,b jordan,15,13,20,3,0,115.38,20,8.00,160,7,team2,616be51c65ff323064b6be96
11,lendl simmons,run out (ali/dernbach),69,55,80,7,2,125.45,20,8.00,160,7,team2,616be51c65ff323064b6be96
12,dwayne bravo,c jordan b bopara,16,19,20,2,0,84.21,20,8.00,160,7,team2,616be51c65ff323064b6be96
13,andre russell,c morgan b bopara,0,2,2,0,0,0.00,20,8.00,160,7,team2,616be51c65ff323064b6be96
14,denesh ramdin †,b jordan,33,21,33,4,1,157.14,20,8.00,160,7,team2,616be51c65ff323064b6be96
15,daren sammy (c),not out,15,6,11,2,1,250.00,20,8.00,160,7,team2,616be51c65ff323064b6be96
16,sunil narine,not out,0,0,3,0,0,-,20,8.00,160,7,team2,616be51c65ff323064b6be96
