,player,batting,r,b,m,4s,6s,sr,overs,run_rate,total_run,wickets,team,id
0,quinton de kock †,c †dunk b bollinger,0,2,-,0,0,0.00,20,5.05,101,7,team1,616be5d165ff323064b6bec2
1,reeza hendricks,st †dunk b boyce,18,22,-,2,0,81.81,20,5.05,101,7,team1,616be5d165ff323064b6bec2
2,rilee rossouw,c & b faulkner,12,8,-,3,0,150.00,20,5.05,101,7,team1,616be5d165ff323064b6bec2
3,jean-paul duminy (c),c finch b faulkner,49,51,-,3,1,96.07,20,5.05,101,7,team1,616be5d165ff323064b6bec2
4,farhaan behardien,st †dunk b boyce,5,10,-,0,0,50.00,20,5.05,101,7,team1,616be5d165ff323064b6bec2
5,david miller,c cummins b faulkner,11,15,-,1,0,73.33,20,5.05,101,7,team1,616be5d165ff323064b6bec2
6,ryan mclaren,c faulkner b cummins,1,4,-,0,0,25.00,20,5.05,101,7,team1,616be5d165ff323064b6bec2
7,wayne parnell,not out,2,6,-,0,0,33.33,20,5.05,101,7,team1,616be5d165ff323064b6bec2
8,kyle abbott,not out,2,2,-,0,0,100.00,20,5.05,101,7,team1,616be5d165ff323064b6bec2
9,ben dunk †,c abbott b parnell,23,20,-,3,0,115.00,12.4,8.05,102,3,team2,616be5d165ff323064b6bec2
10,aaron finch (c),not out,44,30,-,8,0,146.66,12.4,8.05,102,3,team2,616be5d165ff323064b6bec2
11,shane watson,c abbott b parnell,30,23,-,5,0,130.43,12.4,8.05,102,3,team2,616be5d165ff323064b6bec2
12,glenn maxwell,c rossouw b rabada,0,2,-,0,0,0.00,12.4,8.05,102,3,team2,616be5d165ff323064b6bec2
13,cameron white,not out,1,2,-,0,0,50.00,12.4,8.05,102,3,team2,616be5d165ff323064b6bec2
