,player,batting,r,b,m,4s,6s,sr,overs,run_rate,total_run,wickets,team,id
0,hamilton masakadza,c levi b ja morkel,6,17,23,1,0,35.29,20,4.65,93,8,team1,616be3ab65ff323064b6be31
1,vusi sibanda,b m morkel,0,3,7,0,0,0.00,20,4.65,93,8,team1,616be3ab65ff323064b6be31
2,brendan taylor (c)†,c †de villiers b m morkel,4,4,7,0,0,100.00,20,4.65,93,8,team1,616be3ab65ff323064b6be31
3,craig ervine,c †de villiers b kallis,37,40,71,4,0,92.50,20,4.65,93,8,team1,616be3ab65ff323064b6be31
4,stuart matsikenyeri,c peterson b kallis,11,18,25,0,0,61.11,20,4.65,93,8,team1,616be3ab65ff323064b6be31
5,elton chigumbura,lbw b kallis,0,1,2,0,0,0.00,20,4.65,93,8,team1,616be3ab65ff323064b6be31
6,graeme cremer,c †de villiers b kallis,6,11,16,0,0,54.54,20,4.65,93,8,team1,616be3ab65ff323064b6be31
7,prosper utseya,c †de villiers b steyn,5,9,14,0,0,55.55,20,4.65,93,8,team1,616be3ab65ff323064b6be31
8,ray price,not out,7,6,15,1,0,116.66,20,4.65,93,8,team1,616be3ab65ff323064b6be31
9,kyle jarvis,not out,9,11,9,0,0,81.81,20,4.65,93,8,team1,616be3ab65ff323064b6be31
10,richard levi,not out,50,44,55,6,0,113.63,12.4,7.42,94,10,team2,616be3ab65ff323064b6be31
11,hashim amla,not out,32,33,55,3,0,96.96,12.4,7.42,94,10,team2,616be3ab65ff323064b6be31
