,player,batting,r,b,m,4s,6s,sr,overs,run_rate,total_run,wickets,team,id
0,rohit sharma,run out (miller),22,24,40,2,0,91.66,17.2,5.30,92,10,team1,616be67b65ff323064b6befa
1,shikhar dhawan,lbw b morris,11,12,19,2,0,91.66,17.2,5.30,92,10,team1,616be67b65ff323064b6befa
2,virat kohli,run out (morris/†de villiers),1,1,3,0,0,100.00,17.2,5.30,92,10,team1,616be67b65ff323064b6befa
3,suresh raina,c amla b imran tahir,22,24,46,3,0,91.66,17.2,5.30,92,10,team1,616be67b65ff323064b6befa
4,ambati rayudu,b rabada,0,2,4,0,0,0.00,17.2,5.30,92,10,team1,616be67b65ff323064b6befa
5,ms dhoni (c)†,c †de villiers b morkel,5,8,20,0,0,62.50,17.2,5.30,92,10,team1,616be67b65ff323064b6befa
6,axar patel,c du plessis b morkel,9,12,18,0,0,75.00,17.2,5.30,92,10,team1,616be67b65ff323064b6befa
7,harbhajan singh,b imran tahir,0,1,1,0,0,0.00,17.2,5.30,92,10,team1,616be67b65ff323064b6befa
8,ravichandran ashwin,b morris,11,15,24,1,0,73.33,17.2,5.30,92,10,team1,616be67b65ff323064b6befa
9,bhuvneshwar kumar,b morkel,0,2,1,0,0,0.00,17.2,5.30,92,10,team1,616be67b65ff323064b6befa
10,mohit sharma,not out,0,4,9,0,0,0.00,17.2,5.30,92,10,team1,616be67b65ff323064b6befa
11,ab de villiers †,b ashwin,19,21,32,2,0,90.47,17.1,5.59,96,4,team2,616be67b65ff323064b6befa
12,hashim amla,c rg sharma b ashwin,2,3,8,0,0,66.66,17.1,5.59,96,4,team2,616be67b65ff323064b6befa
13,faf du plessis (c),c mm sharma b ashwin,16,14,13,2,1,114.28,17.1,5.59,96,4,team2,616be67b65ff323064b6befa
14,jean-paul duminy,not out,30,39,93,3,0,76.92,17.1,5.59,96,4,team2,616be67b65ff323064b6befa
15,farhaan behardien,lbw b patel,11,18,73,0,0,61.11,17.1,5.59,96,4,team2,616be67b65ff323064b6befa
16,david miller,not out,10,8,9,0,1,125.00,17.1,5.59,96,4,team2,616be67b65ff323064b6befa
