,player,batting,r,b,m,4s,6s,sr,overs,run_rate,total_run,wickets,team,id
0,loots bosman,c mpofu b utseya,5,3,2,1,0,166.66,20,9.69,194,6,team1,616be25c65ff323064b6bde3
1,graeme smith,c cremer b taylor,46,29,32,7,1,158.62,20,9.69,194,6,team1,616be25c65ff323064b6bde3
2,colin ingram,b utseya,12,8,10,3,0,150.00,20,9.69,194,6,team1,616be25c65ff323064b6bde3
3,jean-paul duminy,not out,96,54,73,10,4,177.77,20,9.69,194,6,team1,616be25c65ff323064b6bde3
4,david miller,b sw masakadza,25,21,31,1,1,119.04,20,9.69,194,6,team1,616be25c65ff323064b6bde3
5,heino kuhn †,c taylor b mpofu,1,2,4,0,0,50.00,20,9.69,194,6,team1,616be25c65ff323064b6bde3
6,robin peterson,c utseya b sw masakadza,1,2,9,0,0,50.00,20,9.69,194,6,team1,616be25c65ff323064b6bde3
7,johan botha (c),not out,1,1,5,0,0,100.00,20,9.69,194,6,team1,616be25c65ff323064b6bde3
8,hamilton masakadza,c botha b tsotsobe,10,7,6,2,0,142.85,20,9.30,186,7,team2,616be25c65ff323064b6bde3
9,brendan taylor,c theron b peterson,59,39,66,4,3,151.28,20,9.30,186,7,team2,616be25c65ff323064b6bde3
10,chamu chibhabha,c parnell b botha,59,41,44,6,2,143.90,20,9.30,186,7,team2,616be25c65ff323064b6bde3
11,charles coventry,c botha b peterson,8,6,7,0,1,133.33,20,9.30,186,7,team2,616be25c65ff323064b6bde3
12,elton chigumbura (c),run out (theron/†kuhn),26,15,20,3,1,173.33,20,9.30,186,7,team2,616be25c65ff323064b6bde3
13,keith dabengwa,c duminy b theron,1,3,5,0,0,33.33,20,9.30,186,7,team2,616be25c65ff323064b6bde3
14,tatenda taibu †,not out,11,6,14,0,1,183.33,20,9.30,186,7,team2,616be25c65ff323064b6bde3
15,shingi masakadza,b theron,1,2,2,0,0,50.00,20,9.30,186,7,team2,616be25c65ff323064b6bde3
16,graeme cremer,not out,2,2,4,0,0,100.00,20,9.30,186,7,team2,616be25c65ff323064b6bde3
