,player,batting,r,b,m,4s,6s,sr,overs,run_rate,total_run,wickets,team,id
0,richie berrington,c mashrafe mortaza b abdur razzak,100,58,81,10,5,172.41,20,8.10,162,7,team1,616be3ab65ff323064b6be22
1,calum macleod,st †mushfiqur rahim b shakib al hasan,19,13,15,2,1,146.15,20,8.10,162,7,team1,616be3ab65ff323064b6be22
2,jan stander,run out (tamim iqbal/†mushfiqur rahim),0,3,9,0,0,0.00,20,8.10,162,7,team1,616be3ab65ff323064b6be22
3,kyle coetzer,c mashrafe mortaza b mahmudullah,14,23,24,1,0,60.86,20,8.10,162,7,team1,616be3ab65ff323064b6be22
4,preston mommsen,c †mushfiqur rahim b abdur razzak,11,14,30,0,0,78.57,20,8.10,162,7,team1,616be3ab65ff323064b6be22
5,josh davey,c ziaur rahman b mashrafe mortaza,7,6,5,0,0,116.66,20,8.10,162,7,team1,616be3ab65ff323064b6be22
6,gordon goudie,not out,6,3,5,1,0,200.00,20,8.10,162,7,team1,616be3ab65ff323064b6be22
7,ryan flannigan,c tamim iqbal b mashrafe mortaza,0,1,3,0,0,0.00,20,8.10,162,7,team1,616be3ab65ff323064b6be22
8,tamim iqbal,c †wallace b davey,26,22,18,2,0,118.18,18,7.11,128,10,team2,616be3ab65ff323064b6be22
9,mohammad ashraful,run out (sub [ac evans]),6,7,10,1,0,85.71,18,7.11,128,10,team2,616be3ab65ff323064b6be22
10,shakib al hasan,c davey b goudie,31,29,54,1,1,106.89,18,7.11,128,10,team2,616be3ab65ff323064b6be22
11,mushfiqur rahim (c)†,c goudie b mommsen,9,7,6,1,0,128.57,18,7.11,128,10,team2,616be3ab65ff323064b6be22
12,mahmudullah,c mommsen b haq,9,8,11,1,0,112.50,18,7.11,128,10,team2,616be3ab65ff323064b6be22
13,nasir hossain,c mommsen b davey,7,5,8,1,0,140.00,18,7.11,128,10,team2,616be3ab65ff323064b6be22
14,ziaur rahman,b drummond,9,8,7,0,1,112.50,18,7.11,128,10,team2,616be3ab65ff323064b6be22
15,mashrafe mortaza,b haq,15,9,15,0,2,166.66,18,7.11,128,10,team2,616be3ab65ff323064b6be22
16,abul hasan,b davey,9,8,15,1,0,112.50,18,7.11,128,10,team2,616be3ab65ff323064b6be22
17,abdur razzak,b haq,1,2,2,0,0,50.00,18,7.11,128,10,team2,616be3ab65ff323064b6be22
18,elias sunny,not out,1,3,6,0,0,33.33,18,7.11,128,10,team2,616be3ab65ff323064b6be22
