,player,batting,r,b,m,4s,6s,sr,overs,run_rate,total_run,wickets,team,id
0,mahela jayawardene,c †kieswetter b broad,10,9,20,1,0,111.11,20,6.40,128,6,team1,616be25c65ff323064b6bdd5
1,sanath jayasuriya,c collingwood b sidebottom,1,4,5,0,0,25.00,20,6.40,128,6,team1,616be25c65ff323064b6bdd5
2,tillakaratne dilshan,c wright b bresnan,9,8,7,2,0,112.50,20,6.40,128,6,team1,616be25c65ff323064b6bdd5
3,kumar sangakkara (c)†,c pietersen b swann,16,19,24,2,0,84.21,20,6.40,128,6,team1,616be25c65ff323064b6bdd5
4,angelo mathews,run out (collingwood/†kieswetter),58,45,68,3,1,128.88,20,6.40,128,6,team1,616be25c65ff323064b6bdd5
5,chamara kapugedera,c bresnan b broad,16,27,30,2,0,59.25,20,6.40,128,6,team1,616be25c65ff323064b6bdd5
6,thisara perera,not out,7,8,19,0,0,87.50,20,6.40,128,6,team1,616be25c65ff323064b6bdd5
7,chinthaka jayasinghe,not out,2,1,1,0,0,200.00,20,6.40,128,6,team1,616be25c65ff323064b6bdd5
8,craig kieswetter †,b malinga,39,29,36,5,2,134.48,16,8.25,132,3,team2,616be25c65ff323064b6bdd5
9,michael lumb,b perera,33,26,44,4,1,126.92,16,8.25,132,3,team2,616be25c65ff323064b6bdd5
10,kevin pietersen,not out,42,26,33,3,2,161.53,16,8.25,132,3,team2,616be25c65ff323064b6bdd5
11,paul collingwood (c),c †sangakkara b perera,10,13,14,0,0,76.92,16,8.25,132,3,team2,616be25c65ff323064b6bdd5
12,eoin morgan,not out,2,2,6,0,0,100.00,16,8.25,132,3,team2,616be25c65ff323064b6bdd5
