,player,batting,r,b,m,4s,6s,sr,overs,run_rate,total_run,wickets,team,id
0,gautam gambhir,c mohammad asif b umar gul,75,54,76,8,2,138.88,20,7.85,157,5,team1,616be07165ff323064b6bd52
1,yusuf pathan,c shoaib malik b mohammad asif,15,8,12,1,1,187.50,20,7.85,157,5,team1,616be07165ff323064b6bd52
2,robin uthappa,c shahid afridi b sohail tanvir,8,11,13,1,0,72.72,20,7.85,157,5,team1,616be07165ff323064b6bd52
3,yuvraj singh,c & b umar gul,14,19,28,1,0,73.68,20,7.85,157,5,team1,616be07165ff323064b6bd52
4,ms dhoni (c)†,b umar gul,6,10,9,0,0,60.00,20,7.85,157,5,team1,616be07165ff323064b6bd52
5,rohit sharma,not out,30,16,22,2,1,187.50,20,7.85,157,5,team1,616be07165ff323064b6bd52
6,irfan pathan,not out,3,3,9,0,0,100.00,20,7.85,157,5,team1,616be07165ff323064b6bd52
7,mohammad hafeez,c uthappa b singh,1,3,3,0,0,33.33,19.3,7.79,152,10,team2,616be07165ff323064b6bd52
8,imran nazir,run out (uthappa),33,14,28,4,2,235.71,19.3,7.79,152,10,team2,616be07165ff323064b6bd52
9,kamran akmal †,b singh,0,3,8,0,0,0.00,19.3,7.79,152,10,team2,616be07165ff323064b6bd52
10,younis khan,c yk pathan b joginder sharma,24,24,27,4,0,100.00,19.3,7.79,152,10,team2,616be07165ff323064b6bd52
11,shoaib malik (c),c sharma b ik pathan,8,17,25,0,0,47.05,19.3,7.79,152,10,team2,616be07165ff323064b6bd52
12,misbah-ul-haq,c sreesanth b joginder sharma,43,38,51,0,4,113.15,19.3,7.79,152,10,team2,616be07165ff323064b6bd52
13,shahid afridi,c sreesanth b ik pathan,0,1,2,0,0,0.00,19.3,7.79,152,10,team2,616be07165ff323064b6bd52
14,yasir arafat,b ik pathan,15,11,16,2,0,136.36,19.3,7.79,152,10,team2,616be07165ff323064b6bd52
15,sohail tanvir,b sreesanth,12,4,9,0,2,300.00,19.3,7.79,152,10,team2,616be07165ff323064b6bd52
16,umar gul,b singh,0,2,4,0,0,0.00,19.3,7.79,152,10,team2,616be07165ff323064b6bd52
17,mohammad asif,not out,4,1,6,1,0,400.00,19.3,7.79,152,10,team2,616be07165ff323064b6bd52
