,player,batting,r,b,m,4s,6s,sr,overs,run_rate,total_run,wickets,team,id
0,darren maddy,c hussey b clark,20,20,33,3,0,100.00,20,6.75,135,10,team1,616be07165ff323064b6bd40
1,matt prior †,c bracken b johnson,17,17,19,1,1,100.00,20,6.75,135,10,team1,616be07165ff323064b6bd40
2,luke wright,c †gilchrist b johnson,3,6,7,0,0,50.00,20,6.75,135,10,team1,616be07165ff323064b6bd40
3,kevin pietersen,b bracken,21,20,30,2,0,105.00,20,6.75,135,10,team1,616be07165ff323064b6bd40
4,paul collingwood (c),lbw b lee,18,11,12,2,1,163.63,20,6.75,135,10,team1,616be07165ff323064b6bd40
5,andrew flintoff,c clark b johnson,31,19,24,4,1,163.15,20,6.75,135,10,team1,616be07165ff323064b6bd40
6,owais shah,c clarke b bracken,14,13,15,0,1,107.69,20,6.75,135,10,team1,616be07165ff323064b6bd40
7,dimitri mascarenhas,run out (clark),4,6,8,0,0,66.66,20,6.75,135,10,team1,616be07165ff323064b6bd40
8,chris schofield,c †gilchrist b clark,1,4,4,0,0,25.00,20,6.75,135,10,team1,616be07165ff323064b6bd40
9,stuart broad,b bracken,1,3,4,0,0,33.33,20,6.75,135,10,team1,616be07165ff323064b6bd40
10,james kirtley,not out,2,4,3,0,0,50.00,20,6.75,135,10,team1,616be07165ff323064b6bd40
11,adam gilchrist †,c flintoff b schofield,45,28,36,5,1,160.71,14.5,9.16,136,2,team2,616be07165ff323064b6bd40
12,matthew hayden,not out,67,43,61,11,1,155.81,14.5,9.16,136,2,team2,616be07165ff323064b6bd40
13,ricky ponting (c),c & b flintoff,20,16,18,1,1,125.00,14.5,9.16,136,2,team2,616be07165ff323064b6bd40
14,andrew symonds,not out,2,2,5,0,0,100.00,14.5,9.16,136,2,team2,616be07165ff323064b6bd40
