,player,batting,r,b,m,4s,6s,sr,overs,run_rate,total_run,wickets,team,id
0,gautam gambhir,c shakib al hasan b naeem islam,50,46,70,4,0,108.69,20,9.00,180,5,team1,616be0ff65ff323064b6bd82
1,rohit sharma,b shakib al hasan,36,23,34,3,2,156.52,20,9.00,180,5,team1,616be0ff65ff323064b6bd82
2,ms dhoni (c)†,b naeem islam,26,21,26,0,1,123.80,20,9.00,180,5,team1,616be0ff65ff323064b6bd82
3,yuvraj singh,c tamim iqbal b shahadat hossain,41,18,12,3,4,227.77,20,9.00,180,5,team1,616be0ff65ff323064b6bd82
4,suresh raina,b rubel hossain,10,8,12,1,0,125.00,20,9.00,180,5,team1,616be0ff65ff323064b6bd82
5,yusuf pathan,not out,1,1,10,0,0,100.00,20,9.00,180,5,team1,616be0ff65ff323064b6bd82
6,irfan pathan,not out,11,3,2,1,1,366.66,20,9.00,180,5,team1,616be0ff65ff323064b6bd82
7,tamim iqbal,st †dhoni b yk pathan,15,10,10,3,0,150.00,20,7.75,155,8,team2,616be0ff65ff323064b6bd82
8,junaid siddique,c harbhajan singh b ojha,41,22,37,2,3,186.36,20,7.75,155,8,team2,616be0ff65ff323064b6bd82
9,mohammad ashraful (c),c gambhir b i sharma,11,9,14,1,0,122.22,20,7.75,155,8,team2,616be0ff65ff323064b6bd82
10,shakib al hasan,c †dhoni b ojha,8,10,7,0,0,80.00,20,7.75,155,8,team2,616be0ff65ff323064b6bd82
11,mahmudullah,c yuvraj singh b ojha,8,13,15,0,0,61.53,20,7.75,155,8,team2,616be0ff65ff323064b6bd82
12,raqibul hasan,c ojha b khan,16,20,28,1,0,80.00,20,7.75,155,8,team2,616be0ff65ff323064b6bd82
13,mashrafe mortaza,b ojha,11,8,6,0,1,137.50,20,7.75,155,8,team2,616be0ff65ff323064b6bd82
14,mushfiqur rahim †,not out,11,11,26,1,0,100.00,20,7.75,155,8,team2,616be0ff65ff323064b6bd82
15,naeem islam,c yuvraj singh b i sharma,28,17,15,0,3,164.70,20,7.75,155,8,team2,616be0ff65ff323064b6bd82
16,shahadat hossain,not out,0,0,1,0,0,-,20,7.75,155,8,team2,616be0ff65ff323064b6bd82
