,player,batting,r,b,m,4s,6s,sr,overs,run_rate,total_run,wickets,team,id
0,graeme smith (c),not out,89,58,89,11,1,153.44,20,10.05,201,4,team1,616be07165ff323064b6bd2a
1,loots bosman,b lewis,23,18,26,3,1,127.77,20,10.05,201,4,team1,616be07165ff323064b6bd2a
2,herschelle gibbs,lbw b lewis,56,34,46,4,4,164.70,20,10.05,201,4,team1,616be07165ff323064b6bd2a
3,shaun pollock,c clark b watson,2,3,4,0,0,66.66,20,10.05,201,4,team1,616be07165ff323064b6bd2a
4,johan van der wath,c clarke b bracken,14,7,10,1,1,200.00,20,10.05,201,4,team1,616be07165ff323064b6bd2a
5,ab de villiers †,not out,0,0,3,0,0,-,20,10.05,201,4,team1,616be07165ff323064b6bd2a
6,adam gilchrist †,lbw b hall,1,2,6,0,0,50.00,20,9.95,199,7,team2,616be07165ff323064b6bd2a
7,simon katich,c smith b telemachus,39,22,42,6,1,177.27,20,9.95,199,7,team2,616be07165ff323064b6bd2a
8,ricky ponting (c),lbw b hall,6,8,11,1,0,75.00,20,9.95,199,7,team2,616be07165ff323064b6bd2a
9,damien martyn,c †de villiers b van der wath,17,9,11,3,0,188.88,20,9.95,199,7,team2,616be07165ff323064b6bd2a
10,michael clarke,st †de villiers b peterson,37,24,33,0,3,154.16,20,9.95,199,7,team2,616be07165ff323064b6bd2a
11,shane watson,b peterson,4,6,9,0,0,66.66,20,9.95,199,7,team2,616be07165ff323064b6bd2a
12,brad hogg,c smith b hall,41,25,35,2,3,164.00,20,9.95,199,7,team2,616be07165ff323064b6bd2a
13,brett lee,not out,43,21,36,4,2,204.76,20,9.95,199,7,team2,616be07165ff323064b6bd2a
14,nathan bracken,not out,3,3,8,0,0,100.00,20,9.95,199,7,team2,616be07165ff323064b6bd2a
