,player,batting,r,b,m,4s,6s,sr,overs,run_rate,total_run,wickets,team,id
0,shane watson,c bopara b broad,10,14,-,0,0,71.42,20,7.25,145,4,team1,616be1b665ff323064b6bd9c
1,david warner,lbw b collingwood,33,26,-,3,0,126.92,20,7.25,145,4,team1,616be1b665ff323064b6bd9c
2,michael clarke (c),not out,27,34,-,1,0,79.41,20,7.25,145,4,team1,616be1b665ff323064b6bd9c
3,david hussey,st †prior b collingwood,0,2,-,0,0,0.00,20,7.25,145,4,team1,616be1b665ff323064b6bd9c
4,cameron white,c collingwood b broad,55,36,-,1,3,152.77,20,7.25,145,4,team1,616be1b665ff323064b6bd9c
5,adam voges,not out,11,8,-,1,0,137.50,20,7.25,145,4,team1,616be1b665ff323064b6bd9c
6,ravi bopara,c watson b johnson,1,3,-,0,0,33.33,1.1,3.42,4,2,team2,616be1b665ff323064b6bd9c
7,joe denly,c hauritz b lee,0,1,-,0,0,0.00,1.1,3.42,4,2,team2,616be1b665ff323064b6bd9c
8,jonathan trott,not out,0,4,-,0,0,0.00,1.1,3.42,4,2,team2,616be1b665ff323064b6bd9c
