,player,batting,r,b,m,4s,6s,sr,overs,run_rate,total_run,wickets,team,id
0,jesse ryder,b edwards,12,17,24,1,0,70.58,20,7.75,155,7,team1,616be0ff65ff323064b6bd73
1,brendon mccullum †,c benn b baker,14,10,13,3,0,140.00,20,7.75,155,7,team1,616be0ff65ff323064b6bd73
2,ross taylor,b taylor,63,50,77,4,4,126.00,20,7.75,155,7,team1,616be0ff65ff323064b6bd73
3,scott styris,c & b pollard,21,12,21,2,1,175.00,20,7.75,155,7,team1,616be0ff65ff323064b6bd73
4,jacob oram,c marshall b benn,13,14,17,1,0,92.85,20,7.75,155,7,team1,616be0ff65ff323064b6bd73
5,james franklin,c & b gayle,2,3,5,0,0,66.66,20,7.75,155,7,team1,616be0ff65ff323064b6bd73
6,daniel flynn,c edwards b gayle,10,7,20,0,1,142.85,20,7.75,155,7,team1,616be0ff65ff323064b6bd73
7,kyle mills,not out,10,6,12,0,1,166.66,20,7.75,155,7,team1,616be0ff65ff323064b6bd73
8,daniel vettori (c),not out,2,2,3,0,0,100.00,20,7.75,155,7,team1,616be0ff65ff323064b6bd73
9,chris gayle (c),c taylor b patel,67,41,60,5,5,163.41,20,7.75,155,8,team2,616be0ff65ff323064b6bd73
10,shivnarine chanderpaul,c & b mills,6,5,9,1,0,120.00,20,7.75,155,8,team2,616be0ff65ff323064b6bd73
11,xavier marshall,b vettori,28,24,27,3,1,116.66,20,7.75,155,8,team2,616be0ff65ff323064b6bd73
12,ramnaresh sarwan,c flynn b vettori,4,12,16,0,0,33.33,20,7.75,155,8,team2,616be0ff65ff323064b6bd73
13,shawn findlay,c †mccullum b southee,19,17,31,2,0,111.76,20,7.75,155,8,team2,616be0ff65ff323064b6bd73
14,kieron pollard,c patel b vettori,7,4,5,0,1,175.00,20,7.75,155,8,team2,616be0ff65ff323064b6bd73
15,carlton baugh †,c †mccullum b patel,2,2,4,0,0,100.00,20,7.75,155,8,team2,616be0ff65ff323064b6bd73
16,jerome taylor,not out,11,11,22,1,0,100.00,20,7.75,155,8,team2,616be0ff65ff323064b6bd73
17,fidel edwards,run out (†mccullum),1,2,1,0,0,50.00,20,7.75,155,8,team2,616be0ff65ff323064b6bd73
18,sulieman benn,not out,5,2,4,1,0,250.00,20,7.75,155,8,team2,616be0ff65ff323064b6bd73
