,player,batting,r,b,m,4s,6s,sr,overs,run_rate,total_run,wickets,team,id
0,ahmed shehzad,lbw b franklin,54,34,42,10,0,158.82,20,9.14,183,6,team1,616be25c65ff323064b6bde9
1,mohammad hafeez,c taylor b franklin,34,23,36,5,1,147.82,20,9.14,183,6,team1,616be25c65ff323064b6bde9
2,asad shafiq,c mills b mccullum,8,15,20,0,0,53.33,20,9.14,183,6,team1,616be25c65ff323064b6bde9
3,younis khan,run out (mccullum),5,9,11,0,0,55.55,20,9.14,183,6,team1,616be25c65ff323064b6bde9
4,umar akmal †,c brownlie b milne,30,19,27,3,1,157.89,20,9.14,183,6,team1,616be25c65ff323064b6bde9
5,shahid afridi (c),b southee,14,9,13,1,1,155.55,20,9.14,183,6,team1,616be25c65ff323064b6bde9
6,abdul razzaq,not out,34,11,14,3,3,309.09,20,9.14,183,6,team1,616be25c65ff323064b6bde9
7,wahab riaz,not out,0,0,3,0,0,-,20,9.14,183,6,team1,616be25c65ff323064b6bde9
8,jesse ryder,c ahmed shehzad b tanvir ahmed,0,5,6,0,0,0.00,15.5,5.05,80,10,team2,616be25c65ff323064b6bde9
9,martin guptill,c ahmed shehzad b abdul razzaq,0,2,2,0,0,0.00,15.5,5.05,80,10,team2,616be25c65ff323064b6bde9
10,dean brownlie,run out (shahid afridi),0,5,6,0,0,0.00,15.5,5.05,80,10,team2,616be25c65ff323064b6bde9
11,ross taylor (c),lbw b abdul razzaq,0,3,6,0,0,0.00,15.5,5.05,80,10,team2,616be25c65ff323064b6bde9
12,james franklin,b abdul razzaq,3,8,13,0,0,37.50,15.5,5.05,80,10,team2,616be25c65ff323064b6bde9
13,scott styris,b shahid afridi,45,34,48,6,1,132.35,15.5,5.05,80,10,team2,616be25c65ff323064b6bde9
14,peter mcglashan †,b abdur rehman,7,13,17,1,0,53.84,15.5,5.05,80,10,team2,616be25c65ff323064b6bde9
15,nathan mccullum,lbw b shahid afridi,8,10,13,1,0,80.00,15.5,5.05,80,10,team2,616be25c65ff323064b6bde9
16,kyle mills,b shahid afridi,7,9,14,1,0,77.77,15.5,5.05,80,10,team2,616be25c65ff323064b6bde9
17,tim southee,b shahid afridi,0,1,1,0,0,0.00,15.5,5.05,80,10,team2,616be25c65ff323064b6bde9
18,adam milne,not out,3,7,5,0,0,42.85,15.5,5.05,80,10,team2,616be25c65ff323064b6bde9
