,player,batting,r,b,m,4s,6s,sr,overs,run_rate,total_run,wickets,team,id
0,hamilton masakadza (c),c mosaddek hossain b mohammad shahid,20,14,19,5,0,142.85,20,9.35,187,6,team1,616be67b65ff323064b6bf14
1,vusi sibanda,c sabbir rahman b shakib al hasan,44,33,48,6,1,133.33,20,9.35,187,6,team1,616be67b65ff323064b6bf14
2,richmond mutumbami †,c sabbir rahman b shakib al hasan,20,14,19,1,1,142.85,20,9.35,187,6,team1,616be67b65ff323064b6bf14
3,sean williams,lbw b abu hider,32,26,50,2,1,123.07,20,9.35,187,6,team1,616be67b65ff323064b6bf14
4,malcolm waller,c soumya sarkar b shakib al hasan,49,23,33,2,4,213.04,20,9.35,187,6,team1,616be67b65ff323064b6bf14
5,sikandar raza,c sabbir rahman b abu hider,7,6,10,1,0,116.66,20,9.35,187,6,team1,616be67b65ff323064b6bf14
6,peter moor,not out,10,4,6,0,1,250.00,20,9.35,187,6,team1,616be67b65ff323064b6bf14
7,graeme cremer,not out,0,0,2,0,0,-,20,9.35,187,6,team1,616be67b65ff323064b6bf14
8,imrul kayes,b chisoro,1,3,3,0,0,33.33,20,7.80,156,6,team2,616be67b65ff323064b6bf14
9,soumya sarkar,c masakadza b cremer,25,21,36,3,1,119.04,20,7.80,156,6,team2,616be67b65ff323064b6bf14
10,sabbir rahman,c muzarabani b sikandar raza,50,32,46,9,0,156.25,20,7.80,156,6,team2,616be67b65ff323064b6bf14
11,mosaddek hossain,b sikandar raza,15,19,21,1,0,78.94,20,7.80,156,6,team2,616be67b65ff323064b6bf14
12,shakib al hasan,c waller b cremer,3,10,11,0,0,30.00,20,7.80,156,6,team2,616be67b65ff323064b6bf14
13,mahmudullah,c †mutumbami b cremer,6,4,6,0,0,150.00,20,7.80,156,6,team2,616be67b65ff323064b6bf14
14,muktar ali,not out,19,15,23,1,1,126.66,20,7.80,156,6,team2,616be67b65ff323064b6bf14
15,nurul hasan †,not out,30,17,20,5,0,176.47,20,7.80,156,6,team2,616be67b65ff323064b6bf14
