,player,batting,r,b,m,4s,6s,sr,overs,run_rate,total_run,wickets,team,id
0,tamim iqbal,c †bb mccullum b tuffey,14,9,9,3,0,155.55,17.3,4.45,78,10,team1,616be1b665ff323064b6bda9
1,mohammad ashraful,c hopkins b vettori,11,14,29,1,0,78.57,17.3,4.45,78,10,team1,616be1b665ff323064b6bda9
2,aftab ahmed,b franklin,12,14,14,1,1,85.71,17.3,4.45,78,10,team1,616be1b665ff323064b6bda9
3,shakib al hasan (c),b nl mccullum,3,5,8,0,0,60.00,17.3,4.45,78,10,team1,616be1b665ff323064b6bda9
4,mushfiqur rahim †,lbw b vettori,0,1,1,0,0,0.00,17.3,4.45,78,10,team1,616be1b665ff323064b6bda9
5,mahmudullah,c franklin b nl mccullum,11,23,19,1,0,47.82,17.3,4.45,78,10,team1,616be1b665ff323064b6bda9
6,naeem islam,b oram,5,11,13,0,0,45.45,17.3,4.45,78,10,team1,616be1b665ff323064b6bda9
7,raqibul hasan,c hopkins b oram,18,13,20,2,1,138.46,17.3,4.45,78,10,team1,616be1b665ff323064b6bda9
8,shahadat hossain,st †bb mccullum b vettori,1,3,3,0,0,33.33,17.3,4.45,78,10,team1,616be1b665ff323064b6bda9
9,shafiul islam,c taylor b tuffey,1,9,7,0,0,11.11,17.3,4.45,78,10,team1,616be1b665ff323064b6bda9
10,nazmul hossain,not out,0,3,4,0,0,0.00,17.3,4.45,78,10,team1,616be1b665ff323064b6bda9
11,brendon mccullum †,not out,56,27,35,7,2,207.40,8.2,9.48,79,10,team2,616be1b665ff323064b6bda9
12,peter ingram,not out,20,23,35,3,0,86.95,8.2,9.48,79,10,team2,616be1b665ff323064b6bda9
