,player,batting,r,b,m,4s,6s,sr,overs,run_rate,total_run,wickets,team,id
0,gautam gambhir,run out (cummins),17,12,12,3,0,141.66,20,7.00,140,7,team1,616be3ab65ff323064b6be3d
1,irfan pathan,c white b watson,31,30,48,2,1,103.33,20,7.00,140,7,team1,616be3ab65ff323064b6be3d
2,virat kohli,c christian b cummins,15,13,18,2,0,115.38,20,7.00,140,7,team1,616be3ab65ff323064b6be3d
3,yuvraj singh,c maxwell b watson,8,10,11,1,0,80.00,20,7.00,140,7,team1,616be3ab65ff323064b6be3d
4,rohit sharma,b starc,1,2,5,0,0,50.00,20,7.00,140,7,team1,616be3ab65ff323064b6be3d
5,suresh raina,c maxwell b watson,26,19,40,4,0,136.84,20,7.00,140,7,team1,616be3ab65ff323064b6be3d
6,ms dhoni (c)†,c bailey b cummins,15,21,21,2,0,71.42,20,7.00,140,7,team1,616be3ab65ff323064b6be3d
7,ravichandran ashwin,not out,16,12,18,1,1,133.33,20,7.00,140,7,team1,616be3ab65ff323064b6be3d
8,harbhajan singh,not out,1,1,2,0,0,100.00,20,7.00,140,7,team1,616be3ab65ff323064b6be3d
9,shane watson,c sub (mk tiwary) b yuvraj singh,72,42,55,2,7,171.42,14.5,9.50,141,1,team2,616be3ab65ff323064b6be3d
10,david warner,not out,63,41,60,7,3,153.65,14.5,9.50,141,1,team2,616be3ab65ff323064b6be3d
11,glenn maxwell,not out,4,6,4,0,0,66.66,14.5,9.50,141,1,team2,616be3ab65ff323064b6be3d
