,player,batting,r,b,m,4s,6s,sr,overs,run_rate,total_run,wickets,team,id
0,mahela jayawardene,c cremer b price,100,64,80,10,4,156.25,20,8.65,173,7,team1,616be25c65ff323064b6bdc3
1,tillakaratne dilshan,c mpofu b chigumbura,2,4,8,0,0,50.00,20,8.65,173,7,team1,616be25c65ff323064b6bdc3
2,thisara perera,c chigumbura b lamb,23,19,24,1,2,121.05,20,8.65,173,7,team1,616be25c65ff323064b6bdc3
3,kumar sangakkara (c)†,c price b cremer,3,7,9,0,0,42.85,20,8.65,173,7,team1,616be25c65ff323064b6bdc3
4,dinesh chandimal,c mpofu b utseya,9,8,6,0,1,112.50,20,8.65,173,7,team1,616be25c65ff323064b6bdc3
5,angelo mathews,c ervine b lamb,4,6,12,0,0,66.66,20,8.65,173,7,team1,616be25c65ff323064b6bdc3
6,chamara kapugedera,c masakadza b price,13,6,12,0,2,216.66,20,8.65,173,7,team1,616be25c65ff323064b6bdc3
7,sanath jayasuriya,not out,3,3,5,0,0,100.00,20,8.65,173,7,team1,616be25c65ff323064b6bdc3
8,lasith malinga,not out,2,3,4,0,0,66.66,20,8.65,173,7,team1,616be25c65ff323064b6bdc3
9,hamilton masakadza,run out (jayawardene/†sangakkara/malinga),4,6,4,0,0,66.66,5,5.80,29,1,team2,616be25c65ff323064b6bdc3
10,tatenda taibu †,not out,12,13,13,0,0,92.30,5,5.80,29,1,team2,616be25c65ff323064b6bdc3
11,brendan taylor,not out,11,11,7,0,0,100.00,5,5.80,29,1,team2,616be25c65ff323064b6bdc3
