,player,batting,r,b,m,4s,6s,sr,overs,run_rate,total_run,wickets,team,id
0,tillakaratne dilshan,b faulkner,6,10,12,0,0,60.00,20,8.04,161,4,team1,616be46a65ff323064b6be53
1,kusal perera,c bailey b maxwell,15,17,30,3,0,88.23,20,8.04,161,4,team1,616be46a65ff323064b6be53
2,dinesh chandimal †,c bailey b laughlin,5,9,11,1,0,55.55,20,8.04,161,4,team1,616be46a65ff323064b6be53
3,mahela jayawardene,not out,61,45,61,5,2,135.55,20,8.04,161,4,team1,616be46a65ff323064b6be53
4,jeevan mendis,c faulkner b doherty,25,24,32,3,0,104.16,20,8.04,161,4,team1,616be46a65ff323064b6be53
5,thisara perera,not out,35,15,22,3,2,233.33,20,8.04,161,4,team1,616be46a65ff323064b6be53
6,aaron finch,lbw b baw mendis,7,6,17,1,0,116.66,15,7.93,119,3,team2,616be46a65ff323064b6be53
7,david warner,c nltc perera b kulasekara,7,6,5,1,0,116.66,15,7.93,119,3,team2,616be46a65ff323064b6be53
8,shaun marsh,not out,47,40,68,2,2,117.50,15,7.93,119,3,team2,616be46a65ff323064b6be53
9,george bailey (c),c mdkj perera b nltc perera,45,36,48,4,0,125.00,15,7.93,119,3,team2,616be46a65ff323064b6be53
10,glenn maxwell,not out,8,3,7,2,0,266.66,15,7.93,119,3,team2,616be46a65ff323064b6be53
