,player,batting,r,b,m,4s,6s,sr,overs,run_rate,total_run,wickets,team,id
0,kamran akmal †,c warner b johnson,50,34,41,6,2,147.05,20,9.54,191,6,team1,616be25c65ff323064b6bdd6
1,salman butt,c warner b smith,32,30,48,4,0,106.66,20,9.54,191,6,team1,616be25c65ff323064b6bdd6
2,umar akmal,not out,56,35,43,2,4,160.00,20,9.54,191,6,team1,616be25c65ff323064b6bdd6
3,shahid afridi (c),c †haddin b dj hussey,8,9,12,0,0,88.88,20,9.54,191,6,team1,616be25c65ff323064b6bdd6
4,khalid latif,c warner b nannes,13,6,8,1,1,216.66,20,9.54,191,6,team1,616be25c65ff323064b6bdd6
5,abdul razzaq,run out (†haddin/tait),12,7,10,0,1,171.42,20,9.54,191,6,team1,616be25c65ff323064b6bdd6
6,misbah-ul-haq,run out (tait),0,0,1,0,0,-,20,9.54,191,6,team1,616be25c65ff323064b6bdd6
7,david warner,c umar akmal b mohammad amir,0,2,2,0,0,0.00,19.5,9.93,197,7,team2,616be25c65ff323064b6bdd6
8,shane watson,c abdur rehman b mohammad amir,16,9,13,2,1,177.77,19.5,9.93,197,7,team2,616be25c65ff323064b6bdd6
9,brad haddin †,st †kamran akmal b abdur rehman,25,20,24,2,1,125.00,19.5,9.93,197,7,team2,616be25c65ff323064b6bdd6
10,michael clarke (c),st †kamran akmal b shahid afridi,17,19,19,2,0,89.47,19.5,9.93,197,7,team2,616be25c65ff323064b6bdd6
11,david hussey,c & b abdur rehman,13,9,16,0,1,144.44,19.5,9.93,197,7,team2,616be25c65ff323064b6bdd6
12,cameron white,c mohammad hafeez b mohammad amir,43,31,31,0,5,138.70,19.5,9.93,197,7,team2,616be25c65ff323064b6bdd6
13,michael hussey,not out,60,24,38,3,6,250.00,19.5,9.93,197,7,team2,616be25c65ff323064b6bdd6
14,steven smith,st †kamran akmal b saeed ajmal,5,4,2,1,0,125.00,19.5,9.93,197,7,team2,616be25c65ff323064b6bdd6
15,mitchell johnson,not out,5,3,15,1,0,166.66,19.5,9.93,197,7,team2,616be25c65ff323064b6bdd6
