,player,batting,r,b,m,4s,6s,sr,overs,run_rate,total_run,wickets,team,id
0,imran nazir,c denly b broad,2,15,13,0,0,13.33,20,6.44,129,8,team1,616be1b665ff323064b6bdb6
1,imran farhat,run out (pietersen),14,13,18,3,0,107.69,20,6.44,129,8,team1,616be1b665ff323064b6bdb6
2,khalid latif,c †prior b wright,4,6,11,0,0,66.66,20,6.44,129,8,team1,616be1b665ff323064b6bdb6
3,umar akmal,c broad b swann,13,12,17,1,0,108.33,20,6.44,129,8,team1,616be1b665ff323064b6bdb6
4,shoaib malik (c),c collingwood b swann,33,26,32,3,0,126.92,20,6.44,129,8,team1,616be1b665ff323064b6bdb6
5,fawad alam,c †prior b broad,23,23,37,0,1,100.00,20,6.44,129,8,team1,616be1b665ff323064b6bdb6
6,abdul razzaq,c broad b bresnan,22,15,18,1,1,146.66,20,6.44,129,8,team1,616be1b665ff323064b6bdb6
7,sarfaraz ahmed †,c broad b bresnan,5,5,3,1,0,100.00,20,6.44,129,8,team1,616be1b665ff323064b6bdb6
8,yasir arafat,not out,9,4,5,2,0,225.00,20,6.44,129,8,team1,616be1b665ff323064b6bdb6
9,umar gul,not out,1,2,3,0,0,50.00,20,6.44,129,8,team1,616be1b665ff323064b6bdb6
10,jonathan trott,b abdul razzaq,4,10,13,0,0,40.00,18.3,7.02,130,3,team2,616be1b665ff323064b6bdb6
11,joe denly,c imran farhat b yasir arafat,1,3,8,0,0,33.33,18.3,7.02,130,3,team2,616be1b665ff323064b6bdb6
12,kevin pietersen,not out,43,43,77,3,0,100.00,18.3,7.02,130,3,team2,616be1b665ff323064b6bdb6
13,paul collingwood (c),run out (imran farhat/umar akmal),0,4,6,0,0,0.00,18.3,7.02,130,3,team2,616be1b665ff323064b6bdb6
14,eoin morgan,not out,67,51,61,7,2,131.37,18.3,7.02,130,3,team2,616be1b665ff323064b6bdb6
