,player,batting,r,b,m,4s,6s,sr,overs,run_rate,total_run,wickets,team,id
0,joe denly,lbw b langeveldt,0,1,1,0,0,0.00,20,10.10,202,6,team1,616be1b665ff323064b6bda2
1,alastair cook,lbw b mclaren,11,8,18,1,0,137.50,20,10.10,202,6,team1,616be1b665ff323064b6bda2
2,jonathan trott,run out (smith/van der merwe),33,25,34,5,0,132.00,20,10.10,202,6,team1,616be1b665ff323064b6bda2
3,paul collingwood (c),c botha b mclaren,57,32,53,3,4,178.12,20,10.10,202,6,team1,616be1b665ff323064b6bda2
4,eoin morgan,not out,85,45,54,7,5,188.88,20,10.10,202,6,team1,616be1b665ff323064b6bda2
5,luke wright,c de villiers b steyn,2,5,6,0,0,40.00,20,10.10,202,6,team1,616be1b665ff323064b6bda2
6,matt prior †,c morkel b mclaren,0,1,3,0,0,0.00,20,10.10,202,6,team1,616be1b665ff323064b6bda2
7,tim bresnan,not out,3,3,7,0,0,100.00,20,10.10,202,6,team1,616be1b665ff323064b6bda2
8,graeme smith (c),c morgan b wright,41,23,38,3,4,178.26,13,9.76,127,3,team2,616be1b665ff323064b6bda2
9,loots bosman,c collingwood b swann,58,31,42,5,4,187.09,13,9.76,127,3,team2,616be1b665ff323064b6bda2
10,jean-paul duminy,lbw b mahmood,6,5,10,1,0,120.00,13,9.76,127,3,team2,616be1b665ff323064b6bda2
11,ab de villiers,not out,10,10,20,1,0,100.00,13,9.76,127,3,team2,616be1b665ff323064b6bda2
12,albie morkel,not out,9,9,13,0,1,100.00,13,9.76,127,3,team2,616be1b665ff323064b6bda2
