,player,batting,r,b,m,4s,6s,sr,overs,run_rate,total_run,wickets,team,id
0,upul tharanga,c lee b bracken,4,8,10,0,0,50.00,19.3,5.17,101,10,team1,616be07165ff323064b6bd4d
1,sanath jayasuriya,lbw b lee,0,2,2,0,0,0.00,19.3,5.17,101,10,team1,616be07165ff323064b6bd4d
2,kumar sangakkara †,c clarke b clark,22,23,38,3,0,95.65,19.3,5.17,101,10,team1,616be07165ff323064b6bd4d
3,mahela jayawardene (c),c clark b lee,1,2,2,0,0,50.00,19.3,5.17,101,10,team1,616be07165ff323064b6bd4d
4,chamara silva,c lee b clark,6,11,12,1,0,54.54,19.3,5.17,101,10,team1,616be07165ff323064b6bd4d
5,tillakaratne dilshan,c †gilchrist b clark,3,5,7,0,0,60.00,19.3,5.17,101,10,team1,616be07165ff323064b6bd4d
6,jehan mubarak,c symonds b watson,28,26,33,3,0,107.69,19.3,5.17,101,10,team1,616be07165ff323064b6bd4d
7,farveez maharoof,c clarke b clark,0,2,1,0,0,0.00,19.3,5.17,101,10,team1,616be07165ff323064b6bd4d
8,chaminda vaas,c lee b symonds,21,28,34,1,0,75.00,19.3,5.17,101,10,team1,616be07165ff323064b6bd4d
9,lasith malinga,not out,12,10,13,0,1,120.00,19.3,5.17,101,10,team1,616be07165ff323064b6bd4d
10,dilhara fernando,c & b bracken,0,2,2,0,0,0.00,19.3,5.17,101,10,team1,616be07165ff323064b6bd4d
11,adam gilchrist (c)†,not out,31,25,44,4,0,124.00,10.2,9.87,102,10,team2,616be07165ff323064b6bd4d
12,matthew hayden,not out,58,38,44,7,2,152.63,10.2,9.87,102,10,team2,616be07165ff323064b6bd4d
