,player,batting,r,b,m,4s,6s,sr,overs,run_rate,total_run,wickets,team,id
0,quinton de kock †,c †dhoni b kumar,6,4,3,1,0,150.00,20,8.60,172,4,team1,616be5d165ff323064b6beb9
1,hashim amla,b ashwin,22,16,24,4,0,137.50,20,8.60,172,4,team1,616be5d165ff323064b6beb9
2,faf du plessis (c),b ashwin,58,41,53,5,2,141.46,20,8.60,172,4,team1,616be5d165ff323064b6beb9
3,jean-paul duminy,not out,45,40,56,1,3,112.50,20,8.60,172,4,team1,616be5d165ff323064b6beb9
4,ab de villiers,c rg sharma b ashwin,10,8,7,1,0,125.00,20,8.60,172,4,team1,616be5d165ff323064b6beb9
5,david miller,not out,23,12,18,2,1,191.66,20,8.60,172,4,team1,616be5d165ff323064b6beb9
6,rohit sharma,c du plessis b hendricks,24,13,17,4,1,184.61,19.1,9.18,176,4,team2,616be5d165ff323064b6beb9
7,ajinkya rahane,c de villiers b parnell,32,30,41,2,1,106.66,19.1,9.18,176,4,team2,616be5d165ff323064b6beb9
8,virat kohli,not out,72,44,67,5,2,163.63,19.1,9.18,176,4,team2,616be5d165ff323064b6beb9
9,yuvraj singh,c de villiers b imran tahir,18,17,24,2,0,105.88,19.1,9.18,176,4,team2,616be5d165ff323064b6beb9
10,suresh raina,c du plessis b hendricks,21,10,15,3,1,210.00,19.1,9.18,176,4,team2,616be5d165ff323064b6beb9
11,ms dhoni (c)†,not out,0,1,3,0,0,0.00,19.1,9.18,176,4,team2,616be5d165ff323064b6beb9
