,player,batting,r,b,m,4s,6s,sr,overs,run_rate,total_run,wickets,team,id
0,mohammad hafeez,c utseya b jongwe,17,18,29,3,0,94.44,20,6.80,136,6,team1,616be67b65ff323064b6bef8
1,ahmed shehzad,c cremer b panyangara,7,9,17,1,0,77.77,20,6.80,136,6,team1,616be67b65ff323064b6bef8
2,sohaib maqsood,c chigumbura b utseya,26,25,33,3,0,104.00,20,6.80,136,6,team1,616be67b65ff323064b6bef8
3,shoaib malik,c sikandar raza b cremer,15,13,17,2,0,115.38,20,6.80,136,6,team1,616be67b65ff323064b6bef8
4,mohammad rizwan †,c williams b jongwe,16,16,24,1,0,100.00,20,6.80,136,6,team1,616be67b65ff323064b6bef8
5,umar akmal,not out,38,28,38,2,1,135.71,20,6.80,136,6,team1,616be67b65ff323064b6bef8
6,shahid afridi (c),c williams b panyangara,2,2,6,0,0,100.00,20,6.80,136,6,team1,616be67b65ff323064b6bef8
7,imad wasim,not out,13,9,11,2,0,144.44,20,6.80,136,6,team1,616be67b65ff323064b6bef8
8,hamilton masakadza,c imran khan b mohammad irfan,9,14,19,0,1,64.28,20,6.05,121,7,team2,616be67b65ff323064b6bef8
9,chamu chibhabha,lbw b sohail tanvir,3,7,11,0,0,42.85,20,6.05,121,7,team2,616be67b65ff323064b6bef8
10,craig ervine,run out (sohaib maqsood/imad wasim),1,3,11,0,0,33.33,20,6.05,121,7,team2,616be67b65ff323064b6bef8
11,richmond mutumbami †,b imad wasim,3,9,11,0,0,33.33,20,6.05,121,7,team2,616be67b65ff323064b6bef8
12,sean williams,not out,40,36,69,4,0,111.11,20,6.05,121,7,team2,616be67b65ff323064b6bef8
13,sikandar raza,b imran khan,36,36,39,1,0,100.00,20,6.05,121,7,team2,616be67b65ff323064b6bef8
14,elton chigumbura (c),c shoaib malik b mohammad irfan,17,8,6,0,2,212.50,20,6.05,121,7,team2,616be67b65ff323064b6bef8
15,luke jongwe,c & b imran khan,8,7,13,1,0,114.28,20,6.05,121,7,team2,616be67b65ff323064b6bef8
16,graeme cremer,not out,0,0,1,0,0,-,20,6.05,121,7,team2,616be67b65ff323064b6bef8
