,player,batting,r,b,m,4s,6s,sr,overs,run_rate,total_run,wickets,team,id
0,graeme smith (c),st †fletcher b miller,37,31,52,3,1,119.35,20,6.80,136,7,team1,616be25c65ff323064b6bdd8
1,loots bosman,c †fletcher b taylor,7,12,12,0,0,58.33,20,6.80,136,7,team1,616be25c65ff323064b6bdd8
2,jacques kallis,c sarwan b pollard,53,45,51,1,3,117.77,20,6.80,136,7,team1,616be25c65ff323064b6bdd8
3,ab de villiers †,c taylor b pollard,11,14,24,0,0,78.57,20,6.80,136,7,team1,616be25c65ff323064b6bdd8
4,jean-paul duminy,b roach,0,1,1,0,0,0.00,20,6.80,136,7,team1,616be25c65ff323064b6bdd8
5,johan botha,c †fletcher b roach,0,2,1,0,0,0.00,20,6.80,136,7,team1,616be25c65ff323064b6bdd8
6,alviro petersen,run out (†fletcher),6,7,4,1,0,85.71,20,6.80,136,7,team1,616be25c65ff323064b6bdd8
7,ryan mclaren,not out,6,6,6,0,0,100.00,20,6.80,136,7,team1,616be25c65ff323064b6bdd8
8,roelof van der merwe,not out,4,3,4,0,0,133.33,20,6.80,136,7,team1,616be25c65ff323064b6bdd8
9,chris gayle (c),c smith b mclaren,14,16,24,2,0,87.50,19.5,6.20,123,10,team2,616be25c65ff323064b6bdd8
10,andre fletcher †,c †de villiers b mclaren,0,3,12,0,0,0.00,19.5,6.20,123,10,team2,616be25c65ff323064b6bdd8
11,dwayne bravo,c sub (hm amla) b botha,20,22,26,2,0,90.90,19.5,6.20,123,10,team2,616be25c65ff323064b6bdd8
12,ramnaresh sarwan,c petersen b van der merwe,13,20,23,1,0,65.00,19.5,6.20,123,10,team2,616be25c65ff323064b6bdd8
13,narsingh deonarine,st †de villiers b botha,0,0,1,0,0,-,19.5,6.20,123,10,team2,616be25c65ff323064b6bdd8
14,kieron pollard,b mclaren,27,17,20,2,1,158.82,19.5,6.20,123,10,team2,616be25c65ff323064b6bdd8
15,daren sammy,st †de villiers b mclaren,17,28,38,1,0,60.71,19.5,6.20,123,10,team2,616be25c65ff323064b6bdd8
16,nikita miller,c †de villiers b langeveldt,5,6,8,0,0,83.33,19.5,6.20,123,10,team2,616be25c65ff323064b6bdd8
17,jerome taylor,run out (†de villiers/steyn),7,2,7,0,1,350.00,19.5,6.20,123,10,team2,616be25c65ff323064b6bdd8
18,sulieman benn,c sub (hm amla) b mclaren,4,4,3,1,0,100.00,19.5,6.20,123,10,team2,616be25c65ff323064b6bdd8
19,kemar roach,not out,3,2,2,0,0,150.00,19.5,6.20,123,10,team2,616be25c65ff323064b6bdd8
