,player,batting,r,b,m,4s,6s,sr,overs,run_rate,total_run,wickets,team,id
0,duncan allan,b rankin,3,8,-,0,0,37.50,19,3.73,71,10,team1,616be30465ff323064b6be0e
1,alex obanda,c †wilson b rankin,0,1,-,0,0,0.00,19,3.73,71,10,team1,616be30465ff323064b6be0e
2,nehemiah odhiambo,b johnston,4,12,-,1,0,33.33,19,3.73,71,10,team1,616be30465ff323064b6be0e
3,collins obuya (c),c cusack b rankin,0,2,-,0,0,0.00,19,3.73,71,10,team1,616be30465ff323064b6be0e
4,tanmay mishra,c cusack b mooney,28,32,-,3,0,87.50,19,3.73,71,10,team1,616be30465ff323064b6be0e
5,rakep patel,c †wilson b cusack,2,5,-,0,0,40.00,19,3.73,71,10,team1,616be30465ff323064b6be0e
6,ragheb aga,lbw b cusack,3,8,-,0,0,37.50,19,3.73,71,10,team1,616be30465ff323064b6be0e
7,david obuya †,c †wilson b mooney,8,22,-,0,0,36.36,19,3.73,71,10,team1,616be30465ff323064b6be0e
8,shem ngoche,lbw b dockrell,0,2,-,0,0,0.00,19,3.73,71,10,team1,616be30465ff323064b6be0e
9,hiren varaiya,not out,3,9,-,0,0,33.33,19,3.73,71,10,team1,616be30465ff323064b6be0e
10,james ngoche,st †wilson b dockrell,2,14,-,0,0,14.28,19,3.73,71,10,team1,616be30465ff323064b6be0e
11,william porterfield (c),not out,56,27,-,8,2,207.40,7.2,9.81,72,10,team2,616be30465ff323064b6be0e
12,paul stirling,not out,15,17,-,2,0,88.23,7.2,9.81,72,10,team2,616be30465ff323064b6be0e
