,player,batting,r,b,m,4s,6s,sr,overs,run_rate,total_run,wickets,team,id
0,shahzaib hasan,lbw b dj hussey,0,4,1,0,0,0.00,20,8.10,162,9,team1,616be25c65ff323064b6bddf
1,salman butt,c white b o'keefe,31,21,29,6,0,147.61,20,8.10,162,9,team1,616be25c65ff323064b6bddf
2,kamran akmal †,c clarke b johnson,33,25,37,4,1,132.00,20,8.10,162,9,team1,616be25c65ff323064b6bddf
3,shoaib malik,c o'keefe b nannes,12,16,22,0,0,75.00,20,8.10,162,9,team1,616be25c65ff323064b6bddf
4,umar akmal,c & b nannes,25,21,28,4,0,119.04,20,8.10,162,9,team1,616be25c65ff323064b6bddf
5,shahid afridi (c),c †paine b nannes,18,13,18,2,1,138.46,20,8.10,162,9,team1,616be25c65ff323064b6bddf
6,abdul razzaq,run out (dj hussey),3,3,6,0,0,100.00,20,8.10,162,9,team1,616be25c65ff323064b6bddf
7,mohammad amir,not out,21,11,17,1,2,190.90,20,8.10,162,9,team1,616be25c65ff323064b6bddf
8,umar gul,b o'keefe,0,1,1,0,0,0.00,20,8.10,162,9,team1,616be25c65ff323064b6bddf
9,shoaib akhtar,b o'keefe,0,2,2,0,0,0.00,20,8.10,162,9,team1,616be25c65ff323064b6bddf
10,saeed ajmal,not out,6,4,4,1,0,150.00,20,8.10,162,9,team1,616be25c65ff323064b6bddf
11,david warner,lbw b mohammad amir,1,3,8,0,0,33.33,19.4,7.67,151,10,team2,616be25c65ff323064b6bddf
12,michael clarke (c),b mohammad amir,30,17,19,6,0,176.47,19.4,7.67,151,10,team2,616be25c65ff323064b6bddf
13,tim paine †,c umar gul b shoaib akhtar,0,2,2,0,0,0.00,19.4,7.67,151,10,team2,616be25c65ff323064b6bddf
14,james hopes,st †kamran akmal b shahid afridi,30,28,34,3,0,107.14,19.4,7.67,151,10,team2,616be25c65ff323064b6bddf
15,david hussey,c & b saeed ajmal,33,27,46,3,0,122.22,19.4,7.67,151,10,team2,616be25c65ff323064b6bddf
16,cameron white,c shoaib malik b shahid afridi,7,8,10,1,0,87.50,19.4,7.67,151,10,team2,616be25c65ff323064b6bddf
17,michael hussey,lbw b umar gul,25,14,21,4,0,178.57,19.4,7.67,151,10,team2,616be25c65ff323064b6bddf
18,steve o'keefe,run out (†kamran akmal/saeed ajmal),5,8,10,1,0,62.50,19.4,7.67,151,10,team2,616be25c65ff323064b6bddf
19,mitchell johnson,lbw b mohammad amir,0,1,7,0,0,0.00,19.4,7.67,151,10,team2,616be25c65ff323064b6bddf
20,dirk nannes,not out,12,7,7,1,1,171.42,19.4,7.67,151,10,team2,616be25c65ff323064b6bddf
21,shaun tait,run out (umar gul),2,4,6,0,0,50.00,19.4,7.67,151,10,team2,616be25c65ff323064b6bddf
