,player,batting,r,b,m,4s,6s,sr,overs,run_rate,total_run,wickets,team,id
0,martin guptill,run out (kapugedera),58,34,43,4,4,170.58,20,9.10,182,4,team1,616be67b65ff323064b6bf0c
1,kane williamson (c),c lakmal b kulasekara,53,42,60,5,1,126.19,20,9.10,182,4,team1,616be67b65ff323064b6bf0c
2,colin munro,c & b kulasekara,36,26,33,2,2,138.46,20,9.10,182,4,team1,616be67b65ff323064b6bf0c
3,corey anderson,c siriwardana b vandersay,2,3,5,0,0,66.66,20,9.10,182,4,team1,616be67b65ff323064b6bf0c
4,ross taylor,not out,22,9,19,3,1,244.44,20,9.10,182,4,team1,616be67b65ff323064b6bf0c
5,grant elliott,not out,10,6,8,1,0,166.66,20,9.10,182,4,team1,616be67b65ff323064b6bf0c
6,danushka gunathilaka,c taylor b sodhi,46,29,46,3,2,158.62,20,8.94,179,9,team2,616be67b65ff323064b6bf0c
7,tillakaratne dilshan,c †ronchi b boult,0,1,4,0,0,0.00,20,8.94,179,9,team2,616be67b65ff323064b6bf0c
8,dinesh chandimal (c)†,c sodhi b henry,7,7,11,1,0,100.00,20,8.94,179,9,team2,616be67b65ff323064b6bf0c
9,shehan jayasuriya,c †ronchi b boult,4,3,4,0,0,133.33,20,8.94,179,9,team2,616be67b65ff323064b6bf0c
10,angelo mathews,c elliott b henry,4,5,5,1,0,80.00,20,8.94,179,9,team2,616be67b65ff323064b6bf0c
11,milinda siriwardana,c mcclenaghan b boult,42,31,52,2,2,135.48,20,8.94,179,9,team2,616be67b65ff323064b6bf0c
12,thisara perera,c guptill b henry,28,19,22,3,1,147.36,20,8.94,179,9,team2,616be67b65ff323064b6bf0c
13,chamara kapugedera,run out (guptill/†ronchi),17,15,22,2,0,113.33,20,8.94,179,9,team2,616be67b65ff323064b6bf0c
14,nuwan kulasekara,c boult b elliott,14,10,11,0,1,140.00,20,8.94,179,9,team2,616be67b65ff323064b6bf0c
15,jeffrey vandersay,not out,4,1,3,1,0,400.00,20,8.94,179,9,team2,616be67b65ff323064b6bf0c
16,suranga lakmal,not out,1,1,1,0,0,100.00,20,8.94,179,9,team2,616be67b65ff323064b6bf0c
