,player,batting,r,b,m,4s,6s,sr,overs,run_rate,total_run,wickets,team,id
0,richie berrington,st †do obuya b jo ngoche,28,16,-,4,0,175.00,20,8.90,178,7,team1,616be30465ff323064b6be0d
1,calum macleod,c & b patel,55,35,-,7,0,157.14,20,8.90,178,7,team1,616be30465ff323064b6be0d
2,jan stander,lbw b so ngoche,3,4,-,0,0,75.00,20,8.90,178,7,team1,616be30465ff323064b6be0d
3,kyle coetzer,c patel b co obuya,46,36,-,6,1,127.77,20,8.90,178,7,team1,616be30465ff323064b6be0d
4,gordon goudie,c co obuya b aga,4,7,-,0,0,57.14,20,8.90,178,7,team1,616be30465ff323064b6be0d
5,preston mommsen,not out,22,15,-,2,0,146.66,20,8.90,178,7,team1,616be30465ff323064b6be0d
6,gordon drummond (c),run out (so ngoche),0,0,-,0,0,-,20,8.90,178,7,team1,616be30465ff323064b6be0d
7,ryan flannigan,c patel b jo ngoche,5,4,-,1,0,125.00,20,8.90,178,7,team1,616be30465ff323064b6be0d
8,craig wallace †,not out,7,3,-,1,0,233.33,20,8.90,178,7,team1,616be30465ff323064b6be0d
9,duncan allan,lbw b haq,17,18,-,3,0,94.44,20,8.19,164,10,team2,616be30465ff323064b6be0d
10,alex obanda,c †wallace b mommsen,35,17,-,6,1,205.88,20,8.19,164,10,team2,616be30465ff323064b6be0d
11,collins obuya (c),c †wallace b drummond,50,36,-,4,1,138.88,20,8.19,164,10,team2,616be30465ff323064b6be0d
12,tanmay mishra,b drummond,8,8,-,0,0,100.00,20,8.19,164,10,team2,616be30465ff323064b6be0d
13,rakep patel,run out (berrington/†wallace),21,13,-,1,1,161.53,20,8.19,164,10,team2,616be30465ff323064b6be0d
14,ragheb aga,c coetzer b drummond,2,6,-,0,0,33.33,20,8.19,164,10,team2,616be30465ff323064b6be0d
15,nehemiah odhiambo,lbw b haq,8,6,-,1,0,133.33,20,8.19,164,10,team2,616be30465ff323064b6be0d
16,david obuya †,c haq b sharif,7,10,-,0,0,70.00,20,8.19,164,10,team2,616be30465ff323064b6be0d
17,shem ngoche,run out (berrington/†wallace),4,5,-,0,0,80.00,20,8.19,164,10,team2,616be30465ff323064b6be0d
18,hiren varaiya,not out,0,0,-,0,0,-,20,8.19,164,10,team2,616be30465ff323064b6be0d
19,james ngoche,run out (berrington/†wallace),1,1,-,0,0,100.00,20,8.19,164,10,team2,616be30465ff323064b6be0d
