,player,batting,r,b,m,4s,6s,sr,overs,run_rate,total_run,wickets,team,id
0,khawar ali,c babar hayat b haseeb amjad,18,13,-,4,0,138.46,20,7.45,149,4,team1,616be67b65ff323064b6bf05
1,zeeshan maqsood,c nadeem ahmed b aizaz khan,23,15,-,5,0,153.33,20,7.45,149,4,team1,616be67b65ff323064b6bf05
2,aqib ilyas,retired hurt,0,1,-,0,0,0.00,20,7.45,149,4,team1,616be67b65ff323064b6bf05
3,jatinder singh,c babar hayat b aizaz khan,4,9,-,0,0,44.44,20,7.45,149,4,team1,616be67b65ff323064b6bf05
4,adnan ilyas,lbw b haseeb amjad,49,46,-,3,1,106.52,20,7.45,149,4,team1,616be67b65ff323064b6bf05
5,aamir kaleem,not out,46,37,-,5,1,124.32,20,7.45,149,4,team1,616be67b65ff323064b6bf05
6,anshy rath,c †sultan ahmed b mehran khan,20,21,-,4,0,95.23,18.3,8.37,155,2,team2,616be67b65ff323064b6bf05
7,kinchit shah,b lalcheta,5,4,-,0,0,125.00,18.3,8.37,155,2,team2,616be67b65ff323064b6bf05
8,babar hayat,not out,65,45,-,4,3,144.44,18.3,8.37,155,2,team2,616be67b65ff323064b6bf05
9,mark chapman,not out,63,41,-,3,3,153.65,18.3,8.37,155,2,team2,616be67b65ff323064b6bf05
