,player,batting,r,b,m,4s,6s,sr,overs,run_rate,total_run,wickets,team,id
0,dinesh karthik,c smith b kallis,16,17,26,2,0,94.11,20,9.30,186,5,team1,616be25c65ff323064b6bdc1
1,murali vijay,c †boucher b kleinveldt,0,1,2,0,0,0.00,20,9.30,186,5,team1,616be25c65ff323064b6bdc1
2,suresh raina,c de villiers b ja morkel,101,60,85,9,5,168.33,20,9.30,186,5,team1,616be25c65ff323064b6bdc1
3,yuvraj singh,c smith b kleinveldt,37,30,43,3,2,123.33,20,9.30,186,5,team1,616be25c65ff323064b6bdc1
4,yusuf pathan,c van der merwe b steyn,11,7,11,0,1,157.14,20,9.30,186,5,team1,616be25c65ff323064b6bdc1
5,ms dhoni (c)†,not out,16,6,6,1,1,266.66,20,9.30,186,5,team1,616be25c65ff323064b6bdc1
6,harbhajan singh,not out,0,0,1,0,0,-,20,9.30,186,5,team1,616be25c65ff323064b6bdc1
7,jacques kallis,c jadeja b chawla,73,54,60,3,3,135.18,20,8.60,172,5,team2,616be25c65ff323064b6bdc1
8,loots bosman,c chawla b pathan,8,14,17,0,0,57.14,20,8.60,172,5,team2,616be25c65ff323064b6bdc1
9,graeme smith (c),run out (kumar/†dhoni),36,28,35,1,2,128.57,20,8.60,172,5,team2,616be25c65ff323064b6bdc1
10,ab de villiers,c chawla b nehra,31,15,22,1,3,206.66,20,8.60,172,5,team2,616be25c65ff323064b6bdc1
11,albie morkel,c harbhajan singh b pathan,12,7,7,0,1,171.42,20,8.60,172,5,team2,616be25c65ff323064b6bdc1
12,mark boucher †,not out,4,2,7,0,0,200.00,20,8.60,172,5,team2,616be25c65ff323064b6bdc1
13,jean-paul duminy,not out,4,1,1,1,0,400.00,20,8.60,172,5,team2,616be25c65ff323064b6bdc1
