,player,batting,r,b,m,4s,6s,sr,overs,run_rate,total_run,wickets,team,id
0,ryan watson,c taylor b butler,27,10,9,6,0,270.00,7,12.71,89,4,team1,616be0ff65ff323064b6bd80
1,navdeep poonia,run out (†mcglashan),27,15,31,2,1,180.00,7,12.71,89,4,team1,616be0ff65ff323064b6bd80
2,kyle coetzer,c †mcglashan b butler,33,15,17,3,2,220.00,7,12.71,89,4,team1,616be0ff65ff323064b6bd80
3,jan stander,not out,0,1,1,0,0,0.00,7,12.71,89,4,team1,616be0ff65ff323064b6bd80
4,colin smith †,b butler,0,1,1,0,0,0.00,7,12.71,89,4,team1,616be0ff65ff323064b6bd80
5,brendon mccullum (c),run out (coetzer/†smith),18,7,18,4,0,257.14,6,15.00,90,3,team2,616be0ff65ff323064b6bd80
6,jesse ryder,c macleod b wright,31,12,13,3,2,258.33,6,15.00,90,3,team2,616be0ff65ff323064b6bd80
7,ross taylor,not out,21,10,19,1,2,210.00,6,15.00,90,3,team2,616be0ff65ff323064b6bd80
8,jacob oram,c stander b watson,8,6,3,1,0,133.33,6,15.00,90,3,team2,616be0ff65ff323064b6bd80
9,scott styris,not out,8,4,8,0,1,200.00,6,15.00,90,3,team2,616be0ff65ff323064b6bd80
