,player,batting,r,b,m,4s,6s,sr,overs,run_rate,total_run,wickets,team,id
0,jesse ryder,c sarwan b gayle,62,41,59,7,3,151.21,20,9.54,191,9,team1,616be0ff65ff323064b6bd74
1,brendon mccullum †,c chanderpaul b gayle,59,34,49,6,4,173.52,20,9.54,191,9,team1,616be0ff65ff323064b6bd74
2,ross taylor,c marshall b pollard,6,4,6,1,0,150.00,20,9.54,191,9,team1,616be0ff65ff323064b6bd74
3,jacob oram,run out (findlay/†ramdin),9,11,14,0,0,81.81,20,9.54,191,9,team1,616be0ff65ff323064b6bd74
4,daniel flynn,c †ramdin b pollard,3,4,5,0,0,75.00,20,9.54,191,9,team1,616be0ff65ff323064b6bd74
5,james franklin,c findlay b benn,20,11,18,1,2,181.81,20,9.54,191,9,team1,616be0ff65ff323064b6bd74
6,daniel vettori (c),b taylor,2,4,14,0,0,50.00,20,9.54,191,9,team1,616be0ff65ff323064b6bd74
7,kyle mills,b taylor,6,7,12,0,0,85.71,20,9.54,191,9,team1,616be0ff65ff323064b6bd74
8,ewen thompson,not out,1,1,6,0,0,100.00,20,9.54,191,9,team1,616be0ff65ff323064b6bd74
9,tim southee,run out (taylor),2,3,3,0,0,66.66,20,9.54,191,9,team1,616be0ff65ff323064b6bd74
10,chris gayle (c),c oram b thompson,1,4,5,0,0,25.00,20,7.75,155,7,team2,616be0ff65ff323064b6bd74
11,ramnaresh sarwan,c southee b oram,53,36,55,3,3,147.22,20,7.75,155,7,team2,616be0ff65ff323064b6bd74
12,xavier marshall,c flynn b southee,10,14,20,1,0,71.42,20,7.75,155,7,team2,616be0ff65ff323064b6bd74
13,shivnarine chanderpaul,c oram b vettori,5,4,7,1,0,125.00,20,7.75,155,7,team2,616be0ff65ff323064b6bd74
14,shawn findlay,b vettori,13,14,15,2,0,92.85,20,7.75,155,7,team2,616be0ff65ff323064b6bd74
15,kieron pollard,c ryder b patel,38,24,33,4,2,158.33,20,7.75,155,7,team2,616be0ff65ff323064b6bd74
16,denesh ramdin †,c taylor b patel,30,21,26,4,0,142.85,20,7.75,155,7,team2,616be0ff65ff323064b6bd74
17,jerome taylor,not out,0,0,4,0,0,-,20,7.75,155,7,team2,616be0ff65ff323064b6bd74
18,sulieman benn,not out,0,3,2,0,0,0.00,20,7.75,155,7,team2,616be0ff65ff323064b6bd74
