,player,batting,r,b,m,4s,6s,sr,overs,run_rate,total_run,wickets,team,id
0,tamim iqbal,c borren b van der gugten,50,46,70,2,1,108.69,20,6.40,128,10,team1,616be3ab65ff323064b6be24
1,junaid siddique,c borren b gruijters,0,4,2,0,0,0.00,20,6.40,128,10,team1,616be3ab65ff323064b6be24
2,shakib al hasan,b swart,0,3,1,0,0,0.00,20,6.40,128,10,team1,616be3ab65ff323064b6be24
3,mushfiqur rahim (c)†,c mudassar bukhari b swart,2,6,6,0,0,33.33,20,6.40,128,10,team1,616be3ab65ff323064b6be24
4,mahmudullah,c borren b ahsan malik,41,31,29,6,0,132.25,20,6.40,128,10,team1,616be3ab65ff323064b6be24
5,ziaur rahman,c borren b van der gugten,22,17,20,2,1,129.41,20,6.40,128,10,team1,616be3ab65ff323064b6be24
6,nasir hossain,b mudassar bukhari,4,7,13,0,0,57.14,20,6.40,128,10,team1,616be3ab65ff323064b6be24
7,jahurul islam,c †barresi b van der gugten,2,2,2,0,0,100.00,20,6.40,128,10,team1,616be3ab65ff323064b6be24
8,abdur razzak,c ahsan malik b mudassar bukhari,2,2,3,0,0,100.00,20,6.40,128,10,team1,616be3ab65ff323064b6be24
9,shafiul islam,not out,1,1,1,0,0,100.00,20,6.40,128,10,team1,616be3ab65ff323064b6be24
10,elias sunny,run out (seelaar/mudassar bukhari),1,1,3,0,0,100.00,20,6.40,128,10,team1,616be3ab65ff323064b6be24
11,wesley barresi †,b abdur razzak,13,18,16,2,0,72.22,20,6.54,131,9,team2,616be3ab65ff323064b6be24
12,michael swart,st †mushfiqur rahim b mahmudullah,61,49,68,4,2,124.48,20,6.54,131,9,team2,616be3ab65ff323064b6be24
13,tom cooper,b shakib al hasan,0,3,3,0,0,0.00,20,6.54,131,9,team2,616be3ab65ff323064b6be24
14,peter borren (c),c abdur razzak b shakib al hasan,16,16,22,1,1,100.00,20,6.54,131,9,team2,616be3ab65ff323064b6be24
15,tom de grooth,b elias sunny,7,10,7,1,0,70.00,20,6.54,131,9,team2,616be3ab65ff323064b6be24
16,eric szwarczynski,run out (†mushfiqur rahim),2,3,5,0,0,66.66,20,6.54,131,9,team2,616be3ab65ff323064b6be24
17,mudassar bukhari,c jahurul islam b shafiul islam,7,4,5,0,1,175.00,20,6.54,131,9,team2,616be3ab65ff323064b6be24
18,tim gruijters,b shafiul islam,3,5,10,0,0,60.00,20,6.54,131,9,team2,616be3ab65ff323064b6be24
19,pieter seelaar,not out,3,3,12,0,0,100.00,20,6.54,131,9,team2,616be3ab65ff323064b6be24
20,timm van der gugten,lbw b abdur razzak,12,8,9,0,1,150.00,20,6.54,131,9,team2,616be3ab65ff323064b6be24
21,ahsan malik,not out,4,1,3,1,0,400.00,20,6.54,131,9,team2,616be3ab65ff323064b6be24
