,player,batting,r,b,m,4s,6s,sr,overs,run_rate,total_run,wickets,team,id
0,martin guptill,c charles b best,25,16,16,3,1,156.25,20,9.44,189,5,team1,616be51c65ff323064b6be89
1,jesse ryder,c charles b miller,22,14,27,3,0,157.14,20,9.44,189,5,team1,616be51c65ff323064b6be89
2,brendon mccullum (c),not out,60,45,67,2,4,133.33,20,9.44,189,5,team1,616be51c65ff323064b6be89
3,ross taylor,c bravo b miller,5,7,8,0,0,71.42,20,9.44,189,5,team1,616be51c65ff323064b6be89
4,colin munro,c †fletcher b best,22,12,14,1,2,183.33,20,9.44,189,5,team1,616be51c65ff323064b6be89
5,corey anderson,c powell b best,0,2,2,0,0,0.00,20,9.44,189,5,team1,616be51c65ff323064b6be89
6,luke ronchi †,not out,48,25,29,3,4,192.00,20,9.44,189,5,team1,616be51c65ff323064b6be89
7,johnson charles,c †ronchi b neesham,16,14,21,3,0,114.28,20,5.40,108,8,team2,616be51c65ff323064b6be89
8,lendl simmons,c †ronchi b milne,0,4,7,0,0,0.00,20,5.40,108,8,team2,616be51c65ff323064b6be89
9,andre fletcher †,c ryder b nl mccullum,23,25,36,0,1,92.00,20,5.40,108,8,team2,616be51c65ff323064b6be89
10,kieran powell,c guptill b nl mccullum,12,14,15,1,0,85.71,20,5.40,108,8,team2,616be51c65ff323064b6be89
11,dwayne bravo (c),c ryder b nl mccullum,10,11,15,1,0,90.90,20,5.40,108,8,team2,616be51c65ff323064b6be89
12,andre russell,c guptill b nl mccullum,0,2,1,0,0,0.00,20,5.40,108,8,team2,616be51c65ff323064b6be89
13,chadwick walton,c munro b neesham,9,8,10,0,1,112.50,20,5.40,108,8,team2,616be51c65ff323064b6be89
14,nikita miller,not out,15,18,31,1,0,83.33,20,5.40,108,8,team2,616be51c65ff323064b6be89
15,sunil narine,c milne b neesham,0,2,1,0,0,0.00,20,5.40,108,8,team2,616be51c65ff323064b6be89
16,samuel badree,not out,14,22,25,1,0,63.63,20,5.40,108,8,team2,616be51c65ff323064b6be89
