,player,batting,r,b,m,4s,6s,sr,overs,run_rate,total_run,wickets,team,id
0,darron reekers,c & b osinde,0,3,2,0,0,0.00,18.4,5.19,97,10,team1,616be0ff65ff323064b6bd60
1,eric szwarczynski,c baidwan b osinde,19,17,27,2,0,111.76,18.4,5.19,97,10,team1,616be0ff65ff323064b6bd60
2,daan van bunge,c barnett b baidwan,14,25,39,0,0,56.00,18.4,5.19,97,10,team1,616be0ff65ff323064b6bd60
3,tom de grooth,c osinde b katchay,9,6,10,1,0,150.00,18.4,5.19,97,10,team1,616be0ff65ff323064b6bd60
4,ryan ten doeschate,c davison b baidwan,4,7,11,0,0,57.14,18.4,5.19,97,10,team1,616be0ff65ff323064b6bd60
5,peter borren,not out,37,38,36,4,0,97.36,18.4,5.19,97,10,team1,616be0ff65ff323064b6bd60
6,henk-jan mol,st †bagai b baidwan,0,1,1,0,0,0.00,18.4,5.19,97,10,team1,616be0ff65ff323064b6bd60
7,mudassar bukhari,run out (thuraisingam),2,3,1,0,0,66.66,18.4,5.19,97,10,team1,616be0ff65ff323064b6bd60
8,edgar schiferli,lbw b baidwan,0,3,2,0,0,0.00,18.4,5.19,97,10,team1,616be0ff65ff323064b6bd60
9,jeroen smits (c)†,st †bagai b thuraisingam,4,10,17,0,0,40.00,18.4,5.19,97,10,team1,616be0ff65ff323064b6bd60
10,pieter seelaar,lbw b dhaniram,0,1,3,0,0,0.00,18.4,5.19,97,10,team1,616be0ff65ff323064b6bd60
11,geoff barnett,c van bunge b borren,21,38,46,1,0,55.26,19.3,5.07,99,6,team2,616be0ff65ff323064b6bd60
12,john davison,c reekers b schiferli,19,10,12,0,2,190.00,19.3,5.07,99,6,team2,616be0ff65ff323064b6bd60
13,abdool samad,c schiferli b seelaar,18,16,24,1,1,112.50,19.3,5.07,99,6,team2,616be0ff65ff323064b6bd60
14,ashish bagai †,run out (schiferli),1,1,1,0,0,100.00,19.3,5.07,99,6,team2,616be0ff65ff323064b6bd60
15,zubin surkari,c van bunge b borren,6,22,25,0,0,27.27,19.3,5.07,99,6,team2,616be0ff65ff323064b6bd60
16,sunil dhaniram,run out (reekers/†smits),26,21,28,2,0,123.80,19.3,5.07,99,6,team2,616be0ff65ff323064b6bd60
17,sanjayan thuraisingam (c),not out,3,6,14,0,0,50.00,19.3,5.07,99,6,team2,616be0ff65ff323064b6bd60
18,karun jethi,not out,2,2,4,0,0,100.00,19.3,5.07,99,6,team2,616be0ff65ff323064b6bd60
