,player,batting,r,b,m,4s,6s,sr,overs,run_rate,total_run,wickets,team,id
0,gautam gambhir,run out (sohail tanvir/†kamran akmal),43,41,56,2,1,104.87,20,6.65,133,9,team1,616be3ab65ff323064b6be4f
1,ajinkya rahane,c umar akmal b shahid afridi,42,31,43,5,1,135.48,20,6.65,133,9,team1,616be3ab65ff323064b6be4f
2,virat kohli,c †kamran akmal b mohammad irfan,9,11,15,1,0,81.81,20,6.65,133,9,team1,616be3ab65ff323064b6be4f
3,yuvraj singh,c umar akmal b umar gul,10,9,21,0,1,111.11,20,6.65,133,9,team1,616be3ab65ff323064b6be4f
4,ms dhoni (c)†,b saeed ajmal,1,2,7,0,0,50.00,20,6.65,133,9,team1,616be3ab65ff323064b6be4f
5,suresh raina,b saeed ajmal,10,9,11,1,0,111.11,20,6.65,133,9,team1,616be3ab65ff323064b6be4f
6,rohit sharma,run out (shoaib malik),2,2,8,0,0,100.00,20,6.65,133,9,team1,616be3ab65ff323064b6be4f
7,ravindra jadeja,c †kamran akmal b umar gul,2,4,4,0,0,50.00,20,6.65,133,9,team1,616be3ab65ff323064b6be4f
8,bhuvneshwar kumar,not out,6,6,13,0,0,100.00,20,6.65,133,9,team1,616be3ab65ff323064b6be4f
9,ishant sharma,b umar gul,0,1,1,0,0,0.00,20,6.65,133,9,team1,616be3ab65ff323064b6be4f
10,ashok dinda,not out,3,4,8,0,0,75.00,20,6.65,133,9,team1,616be3ab65ff323064b6be4f
11,nasir jamshed,b kumar,2,6,3,0,0,33.33,19.4,6.81,134,5,team2,616be3ab65ff323064b6be4f
12,ahmed shehzad,c †dhoni b kumar,5,7,11,1,0,71.42,19.4,6.81,134,5,team2,616be3ab65ff323064b6be4f
13,mohammad hafeez (c),c kumar b i sharma,61,44,70,6,2,138.63,19.4,6.81,134,5,team2,616be3ab65ff323064b6be4f
14,umar akmal,b kumar,0,4,2,0,0,0.00,19.4,6.81,134,5,team2,616be3ab65ff323064b6be4f
15,shoaib malik,not out,57,50,77,3,3,114.00,19.4,6.81,134,5,team2,616be3ab65ff323064b6be4f
16,kamran akmal †,c i sharma b dinda,1,6,10,0,0,16.66,19.4,6.81,134,5,team2,616be3ab65ff323064b6be4f
17,shahid afridi,not out,3,2,6,0,0,150.00,19.4,6.81,134,5,team2,616be3ab65ff323064b6be4f
