,player,batting,r,b,m,4s,6s,sr,overs,run_rate,total_run,wickets,team,id
0,vusi sibanda,c anwar ali b shahid afridi,49,46,74,2,1,106.52,20,8.75,175,3,team1,616be5d165ff323064b6bed0
1,hamilton masakadza,c anwar ali b shoaib malik,39,32,37,4,1,121.87,20,8.75,175,3,team1,616be5d165ff323064b6bed0
2,sean williams,not out,58,32,52,7,1,181.25,20,8.75,175,3,team1,616be5d165ff323064b6bed0
3,elton chigumbura (c),c ahmed shehzad b mohammad sami,21,9,10,0,3,233.33,20,8.75,175,3,team1,616be5d165ff323064b6bed0
4,charles coventry †,not out,2,3,4,0,0,66.66,20,8.75,175,3,team1,616be5d165ff323064b6bed0
5,mukhtar ahmed,c sibanda b sikandar raza,62,40,63,6,1,155.00,19.4,8.94,176,8,team2,616be5d165ff323064b6bed0
6,ahmed shehzad,c sibanda b vitori,18,17,25,3,0,105.88,19.4,8.94,176,8,team2,616be5d165ff323064b6bed0
7,nauman anwar,c sibanda b utseya,18,10,16,2,1,180.00,19.4,8.94,176,8,team2,616be5d165ff323064b6bed0
8,shoaib malik,run out (utseya),7,7,8,1,0,100.00,19.4,8.94,176,8,team2,616be5d165ff323064b6bed0
9,umar akmal,lbw b mpofu,30,21,30,1,2,142.85,19.4,8.94,176,8,team2,616be5d165ff323064b6bed0
10,shahid afridi (c),c sikandar raza b williams,7,3,4,0,1,233.33,19.4,8.94,176,8,team2,616be5d165ff323064b6bed0
11,mohammad rizwan †,c sikandar raza b mpofu,6,7,23,0,0,85.71,19.4,8.94,176,8,team2,616be5d165ff323064b6bed0
12,anwar ali,b williams,2,3,3,0,0,66.66,19.4,8.94,176,8,team2,616be5d165ff323064b6bed0
13,imad wasim,not out,4,5,16,0,0,80.00,19.4,8.94,176,8,team2,616be5d165ff323064b6bed0
14,bilawal bhatti,not out,13,5,10,1,1,260.00,19.4,8.94,176,8,team2,616be5d165ff323064b6bed0
