,player,batting,r,b,m,4s,6s,sr,overs,run_rate,total_run,wickets,team,id
0,imran nazir,c †de villiers b thomas,5,7,4,1,0,71.42,20,6.44,129,8,team1,616be07165ff323064b6bd32
1,kamran akmal,c †de villiers b van der wath,21,18,38,3,0,116.66,20,6.44,129,8,team1,616be07165ff323064b6bd32
2,mohammad hafeez,c van wyk b pollock,25,21,28,2,1,119.04,20,6.44,129,8,team1,616be07165ff323064b6bd32
3,shoaib malik,c kemp b morkel,15,17,40,1,0,88.23,20,6.44,129,8,team1,616be07165ff323064b6bd32
4,younis khan (c),run out (peterson),1,4,5,0,0,25.00,20,6.44,129,8,team1,616be07165ff323064b6bd32
5,shahid afridi,c peterson b thomas,7,17,21,0,0,41.17,20,6.44,129,8,team1,616be07165ff323064b6bd32
6,abdul razzaq,c †de villiers b telemachus,10,15,18,1,0,66.66,20,6.44,129,8,team1,616be07165ff323064b6bd32
7,zulqarnain haider †,c smith b thomas,5,9,13,0,0,55.55,20,6.44,129,8,team1,616be07165ff323064b6bd32
8,naved-ul-hasan,not out,17,7,13,0,2,242.85,20,6.44,129,8,team1,616be07165ff323064b6bd32
9,abdur rehman,not out,4,5,10,0,0,80.00,20,6.44,129,8,team1,616be07165ff323064b6bd32
10,graeme smith (c),not out,71,40,49,9,4,177.50,11.3,11.47,132,10,team2,616be07165ff323064b6bd32
11,loots bosman,not out,53,32,49,5,2,165.62,11.3,11.47,132,10,team2,616be07165ff323064b6bd32
