,player,batting,r,b,m,4s,6s,sr,overs,run_rate,total_run,wickets,team,id
0,martin guptill,c hales b tredwell,47,31,45,4,2,151.61,20,9.60,192,6,team1,616be46a65ff323064b6be55
1,hamish rutherford,c †buttler b wright,40,27,31,1,3,148.14,20,9.60,192,6,team1,616be46a65ff323064b6be55
2,brendon mccullum (c)†,c lumb b dernbach,74,38,56,6,5,194.73,20,9.60,192,6,team1,616be46a65ff323064b6be55
3,ross taylor,c bairstow b wright,4,6,11,0,0,66.66,20,9.60,192,6,team1,616be46a65ff323064b6be55
4,colin munro,c bairstow b dernbach,7,8,8,1,0,87.50,20,9.60,192,6,team1,616be46a65ff323064b6be55
5,grant elliott,b dernbach,4,6,11,0,0,66.66,20,9.60,192,6,team1,616be46a65ff323064b6be55
6,james franklin,not out,6,4,11,1,0,150.00,20,9.60,192,6,team1,616be46a65ff323064b6be55
7,nathan mccullum,not out,0,0,1,0,0,-,20,9.60,192,6,team1,616be46a65ff323064b6be55
8,michael lumb,b nl mccullum,17,23,41,2,0,73.91,19.3,7.02,137,10,team2,616be46a65ff323064b6be55
9,alex hales,b mcclenaghan,5,4,6,1,0,125.00,19.3,7.02,137,10,team2,616be46a65ff323064b6be55
10,luke wright,c guptill b mcclenaghan,0,1,2,0,0,0.00,19.3,7.02,137,10,team2,616be46a65ff323064b6be55
11,jonny bairstow,c mcclenaghan b butler,8,9,13,2,0,88.88,19.3,7.02,137,10,team2,616be46a65ff323064b6be55
12,eoin morgan,c munro b butler,13,22,24,2,0,59.09,19.3,7.02,137,10,team2,616be46a65ff323064b6be55
13,jos buttler †,c taylor b franklin,54,30,35,9,1,180.00,19.3,7.02,137,10,team2,616be46a65ff323064b6be55
14,samit patel,run out (boult),6,7,12,1,0,85.71,19.3,7.02,137,10,team2,616be46a65ff323064b6be55
15,stuart broad (c),c guptill b franklin,1,3,9,0,0,33.33,19.3,7.02,137,10,team2,616be46a65ff323064b6be55
16,james tredwell,b franklin,22,11,19,3,1,200.00,19.3,7.02,137,10,team2,616be46a65ff323064b6be55
17,steven finn,not out,5,6,10,0,0,83.33,19.3,7.02,137,10,team2,616be46a65ff323064b6be55
18,jade dernbach,c butler b franklin,0,1,2,0,0,0.00,19.3,7.02,137,10,team2,616be46a65ff323064b6be55
