,player,batting,r,b,m,4s,6s,sr,overs,run_rate,total_run,wickets,team,id
0,mohammad shahzad †,c aizaz khan b haseeb amjad,20,13,15,4,0,153.84,20,8.04,161,7,team1,616be67b65ff323064b6beea
1,nawroz mangal,c shah b nadeem ahmed,53,36,57,6,2,147.22,20,8.04,161,7,team1,616be67b65ff323064b6beea
2,asghar afghan (c),b aizaz khan,29,30,29,2,2,96.66,20,8.04,161,7,team1,616be67b65ff323064b6beea
3,samiullah shinwari,c chapman b haseeb amjad,21,18,24,3,0,116.66,20,8.04,161,7,team1,616be67b65ff323064b6beea
4,najibullah zadran,c shah b irfan ahmed,5,7,4,0,0,71.42,20,8.04,161,7,team1,616be67b65ff323064b6beea
5,mohammad nabi,c chapman b haseeb amjad,13,8,15,1,1,162.50,20,8.04,161,7,team1,616be67b65ff323064b6beea
6,shafiqullah,run out (haseeb amjad),15,9,12,0,1,166.66,20,8.04,161,7,team1,616be67b65ff323064b6beea
7,mirwais ashraf,not out,0,0,1,0,0,-,20,8.04,161,7,team1,616be67b65ff323064b6beea
8,irfan ahmed,c asghar afghan b mirwais ashraf,16,11,-,0,2,145.45,20,8.10,162,5,team2,616be67b65ff323064b6beea
9,jamie atkinson †,c shafiqullah b shapoor zadran,47,47,-,4,2,100.00,20,8.10,162,5,team2,616be67b65ff323064b6beea
10,nizakat khan,c nawroz mangal b shapoor zadran,26,28,-,0,1,92.85,20,8.10,162,5,team2,616be67b65ff323064b6beea
11,mark chapman,c nawroz mangal b mohammad nabi,40,25,-,5,1,160.00,20,8.10,162,5,team2,616be67b65ff323064b6beea
12,babar hayat,not out,20,9,-,1,1,222.22,20,8.10,162,5,team2,616be67b65ff323064b6beea
13,tanwir afzal (c),run out (mohammad nabi),0,1,-,0,0,0.00,20,8.10,162,5,team2,616be67b65ff323064b6beea
14,aizaz khan,not out,0,0,-,0,0,-,20,8.10,162,5,team2,616be67b65ff323064b6beea
