,player,batting,r,b,m,4s,6s,sr,overs,run_rate,total_run,wickets,team,id
0,william porterfield (c),c mirwais ashraf b mohammad nabi,20,15,20,3,0,133.33,20,7.10,142,8,team1,616be1b665ff323064b6bdb5
1,niall o'brien †,run out (samiullah shinwari),28,27,38,3,0,103.70,20,7.10,142,8,team1,616be1b665ff323064b6bdb5
2,alex cusack,st †mohammad shahzad b samiullah shinwari,28,22,22,1,1,127.27,20,7.10,142,8,team1,616be1b665ff323064b6bdb5
3,kevin o'brien,c raees ahmadzai b nawroz mangal,2,3,9,0,0,66.66,20,7.10,142,8,team1,616be1b665ff323064b6bdb5
4,gary wilson,c hamid hassan b nawroz mangal,5,7,11,1,0,71.42,20,7.10,142,8,team1,616be1b665ff323064b6bdb5
5,nigel jones,b nawroz mangal,14,14,15,1,0,100.00,20,7.10,142,8,team1,616be1b665ff323064b6bdb5
6,john mooney,b hamid hassan,5,9,13,0,0,55.55,20,7.10,142,8,team1,616be1b665ff323064b6bdb5
7,trent johnston,c nawroz mangal b shapoor zadran,15,12,17,1,0,125.00,20,7.10,142,8,team1,616be1b665ff323064b6bdb5
8,andrew white,not out,7,9,17,0,0,77.77,20,7.10,142,8,team1,616be1b665ff323064b6bdb5
9,peter connell,not out,3,4,4,0,0,75.00,20,7.10,142,8,team1,616be1b665ff323064b6bdb5
10,karim sadiq,c white b johnston,34,17,15,4,1,200.00,17.3,8.39,147,2,team2,616be1b665ff323064b6bdb5
11,noor ali zadran,lbw b kj o'brien,16,24,47,1,0,66.66,17.3,8.39,147,2,team2,616be1b665ff323064b6bdb5
12,mohammad shahzad †,not out,65,46,64,6,1,141.30,17.3,8.39,147,2,team2,616be1b665ff323064b6bdb5
13,nawroz mangal (c),not out,21,18,31,3,0,116.66,17.3,8.39,147,2,team2,616be1b665ff323064b6bdb5
