,player,batting,r,b,m,4s,6s,sr,overs,run_rate,total_run,wickets,team,id
0,sagar pun,c †atkinson b irfan ahmed,11,12,30,1,0,91.66,20,5.45,109,10,team1,616be5d165ff323064b6bee5
1,subash khakurel †,b haseeb amjad,2,3,8,0,0,66.66,20,5.45,109,10,team1,616be5d165ff323064b6bee5
2,gyanendra malla,c †atkinson b haseeb amjad,0,2,2,0,0,0.00,20,5.45,109,10,team1,616be5d165ff323064b6bee5
3,paras khadka (c),lbw b haseeb amjad,1,11,8,0,0,9.09,20,5.45,109,10,team1,616be5d165ff323064b6bee5
4,basant regmi,c †atkinson b aizaz khan,11,19,26,2,0,57.89,20,5.45,109,10,team1,616be5d165ff323064b6bee5
5,rajesh pulami,c haseeb amjad b irfan ahmed,25,34,38,0,2,73.52,20,5.45,109,10,team1,616be5d165ff323064b6bee5
6,sharad vesawkar,c nadeem ahmed b tanwir afzal,27,24,33,2,1,112.50,20,5.45,109,10,team1,616be5d165ff323064b6bee5
7,pradeep airee,lbw b nizakat khan,0,1,1,0,0,0.00,20,5.45,109,10,team1,616be5d165ff323064b6bee5
8,sompal kami,c irfan ahmed b haseeb amjad,16,12,14,0,1,133.33,20,5.45,109,10,team1,616be5d165ff323064b6bee5
9,shakti gauchan,run out (haseeb amjad),2,3,5,0,0,66.66,20,5.45,109,10,team1,616be5d165ff323064b6bee5
10,jitendra mukhiya,not out,0,0,1,0,0,-,20,5.45,109,10,team1,616be5d165ff323064b6bee5
11,irfan ahmed,b sompal kami,1,5,7,0,0,20.00,19.1,5.73,110,5,team2,616be5d165ff323064b6bee5
12,anshy rath,b regmi,19,34,46,0,1,55.88,19.1,5.73,110,5,team2,616be5d165ff323064b6bee5
13,nizakat khan,c †khakurel b regmi,25,18,33,2,1,138.88,19.1,5.73,110,5,team2,616be5d165ff323064b6bee5
14,mark chapman,c airee b regmi,9,11,17,1,0,81.81,19.1,5.73,110,5,team2,616be5d165ff323064b6bee5
15,babar hayat,not out,17,22,37,0,0,77.27,19.1,5.73,110,5,team2,616be5d165ff323064b6bee5
16,kinchit shah,b regmi,12,19,20,0,0,63.15,19.1,5.73,110,5,team2,616be5d165ff323064b6bee5
17,aizaz khan,not out,14,7,10,2,0,200.00,19.1,5.73,110,5,team2,616be5d165ff323064b6bee5
