,player,batting,r,b,m,4s,6s,sr,overs,run_rate,total_run,wickets,team,id
0,johnson charles,c †wade b starc,10,13,14,2,0,76.92,20,10.25,205,4,team1,616be3ab65ff323064b6be47
1,chris gayle,not out,75,41,98,5,6,182.92,20,10.25,205,4,team1,616be3ab65ff323064b6be47
2,marlon samuels,b cummins,26,20,23,2,2,130.00,20,10.25,205,4,team1,616be3ab65ff323064b6be47
3,dwayne bravo,c bailey b cummins,37,31,37,1,3,119.35,20,10.25,205,4,team1,616be3ab65ff323064b6be47
4,kieron pollard,c warner b doherty,38,15,22,3,3,253.33,20,10.25,205,4,team1,616be3ab65ff323064b6be47
5,david warner,b badree,1,3,4,0,0,33.33,16.4,7.86,131,10,team2,616be3ab65ff323064b6be47
6,shane watson,b badree,7,9,19,1,0,77.77,16.4,7.86,131,10,team2,616be3ab65ff323064b6be47
7,michael hussey,c & b samuels,18,12,8,3,0,150.00,16.4,7.86,131,10,team2,616be3ab65ff323064b6be47
8,cameron white,c †ramdin b rampaul,5,6,12,0,0,83.33,16.4,7.86,131,10,team2,616be3ab65ff323064b6be47
9,george bailey (c),c russell b pollard,63,29,41,6,4,217.24,16.4,7.86,131,10,team2,616be3ab65ff323064b6be47
10,david hussey,c & b rampaul,0,2,2,0,0,0.00,16.4,7.86,131,10,team2,616be3ab65ff323064b6be47
11,matthew wade †,c badree b narine,1,5,4,0,0,20.00,16.4,7.86,131,10,team2,616be3ab65ff323064b6be47
12,pat cummins,c charles b pollard,13,15,28,1,0,86.66,16.4,7.86,131,10,team2,616be3ab65ff323064b6be47
13,mitchell starc,b rampaul,2,5,17,0,0,40.00,16.4,7.86,131,10,team2,616be3ab65ff323064b6be47
14,brad hogg,st †ramdin b narine,7,7,8,0,0,100.00,16.4,7.86,131,10,team2,616be3ab65ff323064b6be47
15,xavier doherty,not out,9,7,5,1,0,128.57,16.4,7.86,131,10,team2,616be3ab65ff323064b6be47
