,player,batting,r,b,m,4s,6s,sr,overs,run_rate,total_run,wickets,team,id
0,karim sadiq,b rankin,16,10,-,2,1,160.00,20,7.60,152,7,team1,616be30465ff323064b6be16
1,javed ahmadi,c rankin b johnston,6,5,-,1,0,120.00,20,7.60,152,7,team1,616be30465ff323064b6be16
2,mohammad shahzad †,c porterfield b sorensen,77,57,-,7,2,135.08,20,7.60,152,7,team1,616be30465ff323064b6be16
3,mirwais ashraf,c porterfield b o'brien,9,8,-,0,1,112.50,20,7.60,152,7,team1,616be30465ff323064b6be16
4,nawroz mangal (c),c sorensen b o'brien,10,15,-,0,0,66.66,20,7.60,152,7,team1,616be30465ff323064b6be16
5,samiullah shinwari,c rankin b sorensen,11,12,-,0,1,91.66,20,7.60,152,7,team1,616be30465ff323064b6be16
6,mohammad nabi,c sorensen b stirling,1,2,-,0,0,50.00,20,7.60,152,7,team1,616be30465ff323064b6be16
7,gulbadin naib,not out,17,8,-,0,2,212.50,20,7.60,152,7,team1,616be30465ff323064b6be16
8,aftab alam,not out,1,3,-,0,0,33.33,20,7.60,152,7,team1,616be30465ff323064b6be16
9,william porterfield (c),b dawlat zadran,0,1,-,0,0,0.00,18.5,8.28,156,5,team2,616be30465ff323064b6be16
10,paul stirling,c gulbadin naib b dawlat zadran,79,38,-,9,3,207.89,18.5,8.28,156,5,team2,616be30465ff323064b6be16
11,ed joyce,c mohammad nabi b aftab alam,11,16,-,2,0,68.75,18.5,8.28,156,5,team2,616be30465ff323064b6be16
12,gary wilson †,c mirwais ashraf b aftab alam,32,39,-,2,0,82.05,18.5,8.28,156,5,team2,616be30465ff323064b6be16
13,kevin o'brien,c †mohammad shahzad b dawlat zadran,0,1,-,0,0,0.00,18.5,8.28,156,5,team2,616be30465ff323064b6be16
14,andrew poynter,not out,23,17,-,2,1,135.29,18.5,8.28,156,5,team2,616be30465ff323064b6be16
15,andrew white,not out,1,1,-,0,0,100.00,18.5,8.28,156,5,team2,616be30465ff323064b6be16
