,player,batting,r,b,m,4s,6s,sr,overs,run_rate,total_run,wickets,team,id
0,william porterfield (c),lbw b kelly,4,10,15,0,0,40.00,9,4.77,43,7,team1,616be0ff65ff323064b6bd63
1,niall o'brien †,c pitcher b kelly,5,4,7,1,0,125.00,9,4.77,43,7,team1,616be0ff65ff323064b6bd63
2,kevin o'brien,b o'brien,6,9,13,1,0,66.66,9,4.77,43,7,team1,616be0ff65ff323064b6bd63
3,andre botha,b o'brien,1,3,8,0,0,33.33,9,4.77,43,7,team1,616be0ff65ff323064b6bd63
4,gary wilson,st †edness b romaine,7,12,22,0,0,58.33,9,4.77,43,7,team1,616be0ff65ff323064b6bd63
5,andrew white,retired hurt,5,5,6,1,0,100.00,9,4.77,43,7,team1,616be0ff65ff323064b6bd63
6,alex cusack,c pitcher b romaine,5,7,17,0,0,71.42,9,4.77,43,7,team1,616be0ff65ff323064b6bd63
7,trent johnston,not out,1,1,11,0,0,100.00,9,4.77,43,7,team1,616be0ff65ff323064b6bd63
8,reinhardt strydom,run out (foggo/romaine),1,3,2,0,0,33.33,9,4.77,43,7,team1,616be0ff65ff323064b6bd63
9,chris foggo,c sub (mj fourie) b connell,0,1,1,0,0,0.00,9,4.55,41,8,team2,616be0ff65ff323064b6bd63
10,david hemp,c †nj o'brien b connell,0,2,8,0,0,0.00,9,4.55,41,8,team2,616be0ff65ff323064b6bd63
11,steven outerbridge,lbw b connell,8,6,11,1,0,133.33,9,4.55,41,8,team2,616be0ff65ff323064b6bd63
12,james celestine,st †nj o'brien b botha,7,9,16,0,0,77.77,9,4.55,41,8,team2,616be0ff65ff323064b6bd63
13,oliver pitcher,run out (kj o'brien/†nj o'brien),6,8,18,0,0,75.00,9,4.55,41,8,team2,616be0ff65ff323064b6bd63
14,irving romaine (c),b botha,1,8,8,0,0,12.50,9,4.55,41,8,team2,616be0ff65ff323064b6bd63
15,jekon edness †,run out (†nj o'brien/johnston),4,6,9,0,0,66.66,9,4.55,41,8,team2,616be0ff65ff323064b6bd63
16,george o'brien,c connell b johnston,7,7,8,0,1,100.00,9,4.55,41,8,team2,616be0ff65ff323064b6bd63
17,rodney trott,not out,2,4,8,0,0,50.00,9,4.55,41,8,team2,616be0ff65ff323064b6bd63
18,stefan kelly,not out,2,3,5,0,0,66.66,9,4.55,41,8,team2,616be0ff65ff323064b6bd63
