,player,batting,r,b,m,4s,6s,sr,overs,run_rate,total_run,wickets,team,id
0,kamran akmal †,c †kieswetter b broad,15,18,19,2,1,83.33,20,7.35,147,9,team1,616be25c65ff323064b6bdc9
1,salman butt,c collingwood b swann,34,26,39,3,1,130.76,20,7.35,147,9,team1,616be25c65ff323064b6bdc9
2,mohammad hafeez,c broad b yardy,18,14,22,2,0,128.57,20,7.35,147,9,team1,616be25c65ff323064b6bdc9
3,umar akmal,c pietersen b sidebottom,30,25,29,2,1,120.00,20,7.35,147,9,team1,616be25c65ff323064b6bdc9
4,shahid afridi (c),run out (wright/†kieswetter),0,1,1,0,0,0.00,20,7.35,147,9,team1,616be25c65ff323064b6bdc9
5,misbah-ul-haq,b yardy,13,14,15,0,1,92.85,20,7.35,147,9,team1,616be25c65ff323064b6bdc9
6,abdul razzaq,c bresnan b sidebottom,10,9,20,0,1,111.11,20,7.35,147,9,team1,616be25c65ff323064b6bdc9
7,fawad alam,c †kieswetter b broad,1,3,1,0,0,33.33,20,7.35,147,9,team1,616be25c65ff323064b6bdc9
8,mohammad amir,c yardy b bresnan,3,7,7,0,0,42.85,20,7.35,147,9,team1,616be25c65ff323064b6bdc9
9,saeed ajmal,not out,13,5,5,1,1,260.00,20,7.35,147,9,team1,616be25c65ff323064b6bdc9
10,mohammad asif,not out,0,0,4,0,0,-,20,7.35,147,9,team1,616be25c65ff323064b6bdc9
11,michael lumb,st †kamran akmal b saeed ajmal,25,13,25,3,1,192.30,19.3,7.74,151,4,team2,616be25c65ff323064b6bdc9
12,craig kieswetter †,c umar akmal b abdul razzaq,25,27,39,3,1,92.59,19.3,7.74,151,4,team2,616be25c65ff323064b6bdc9
13,kevin pietersen,not out,73,52,59,8,2,140.38,19.3,7.74,151,4,team2,616be25c65ff323064b6bdc9
14,paul collingwood (c),c umar akmal b shahid afridi,16,15,31,1,0,106.66,19.3,7.74,151,4,team2,616be25c65ff323064b6bdc9
15,eoin morgan,b saeed ajmal,5,7,8,1,0,71.42,19.3,7.74,151,4,team2,616be25c65ff323064b6bdc9
16,luke wright,not out,1,3,5,0,0,33.33,19.3,7.74,151,4,team2,616be25c65ff323064b6bdc9
