,player,batting,r,b,m,4s,6s,sr,overs,run_rate,total_run,wickets,team,id
0,phil mustard †,c mills b southee,40,24,39,3,3,166.66,20,9.65,193,8,team1,616be0ff65ff323064b6bd5a
1,luke wright,b martin,30,19,24,5,1,157.89,20,9.65,193,8,team1,616be0ff65ff323064b6bd5a
2,kevin pietersen,lbw b southee,3,3,5,0,0,100.00,20,9.65,193,8,team1,616be0ff65ff323064b6bd5a
3,ian bell,run out (taylor),1,4,3,0,0,25.00,20,9.65,193,8,team1,616be0ff65ff323064b6bd5a
4,paul collingwood (c),c how b hitchcock,54,28,43,5,3,192.85,20,9.65,193,8,team1,616be0ff65ff323064b6bd5a
5,owais shah,c taylor b hitchcock,47,35,36,4,2,134.28,20,9.65,193,8,team1,616be0ff65ff323064b6bd5a
6,dimitri mascarenhas,run out (fulton/†mccullum),11,4,7,1,1,275.00,20,9.65,193,8,team1,616be0ff65ff323064b6bd5a
7,graeme swann,not out,3,2,7,0,0,150.00,20,9.65,193,8,team1,616be0ff65ff323064b6bd5a
8,stuart broad,c ryder b mills,0,1,1,0,0,0.00,20,9.65,193,8,team1,616be0ff65ff323064b6bd5a
9,jesse ryder,c shah b anderson,12,13,10,2,0,92.30,20,7.15,143,8,team2,616be0ff65ff323064b6bd5a
10,brendon mccullum (c)†,b sidebottom,5,9,15,0,0,55.55,20,7.15,143,8,team2,616be0ff65ff323064b6bd5a
11,ross taylor,c bell b broad,21,10,13,1,2,210.00,20,7.15,143,8,team2,616be0ff65ff323064b6bd5a
12,jamie how,b mascarenhas,31,25,33,3,0,124.00,20,7.15,143,8,team2,616be0ff65ff323064b6bd5a
13,scott styris,c sidebottom b mascarenhas,13,14,15,0,1,92.85,20,7.15,143,8,team2,616be0ff65ff323064b6bd5a
14,peter fulton,c anderson b swann,2,5,4,0,0,40.00,20,7.15,143,8,team2,616be0ff65ff323064b6bd5a
15,daniel flynn,c wright b swann,1,2,7,0,0,50.00,20,7.15,143,8,team2,616be0ff65ff323064b6bd5a
16,kyle mills,not out,30,22,29,2,1,136.36,20,7.15,143,8,team2,616be0ff65ff323064b6bd5a
17,paul hitchcock,b sidebottom,13,11,14,1,1,118.18,20,7.15,143,8,team2,616be0ff65ff323064b6bd5a
18,tim southee,not out,12,10,10,2,0,120.00,20,7.15,143,8,team2,616be0ff65ff323064b6bd5a
