,player,batting,r,b,m,4s,6s,sr,overs,run_rate,total_run,wickets,team,id
0,brendan taylor (c),b bates,3,6,7,0,0,50.00,20,7.94,159,8,team1,616be30465ff323064b6be01
1,hamilton masakadza,c franklin b williamson,53,36,40,3,3,147.22,20,7.94,159,8,team1,616be30465ff323064b6be01
2,forster mutizwa,c guptill b mills,0,3,4,0,0,0.00,20,7.94,159,8,team1,616be30465ff323064b6be01
3,tatenda taibu †,c bracewell b nl mccullum,27,24,35,3,0,112.50,20,7.94,159,8,team1,616be30465ff323064b6be01
4,malcolm waller,c guptill b mills,11,14,17,1,0,78.57,20,7.94,159,8,team1,616be30465ff323064b6be01
5,elton chigumbura,c guptill b bates,48,24,29,3,4,200.00,20,7.94,159,8,team1,616be30465ff323064b6be01
6,shingi masakadza,b hira,8,7,11,1,0,114.28,20,7.94,159,8,team1,616be30465ff323064b6be01
7,keegan meth,not out,6,6,11,0,0,100.00,20,7.94,159,8,team1,616be30465ff323064b6be01
8,prosper utseya,c franklin b bates,0,1,1,0,0,0.00,20,7.94,159,8,team1,616be30465ff323064b6be01
9,ray price,not out,0,0,1,0,0,-,20,7.94,159,8,team1,616be30465ff323064b6be01
10,rob nicol,b jarvis,12,8,6,2,0,150.00,16.5,9.50,160,3,team2,616be30465ff323064b6be01
11,martin guptill,not out,91,54,74,5,6,168.51,16.5,9.50,160,3,team2,616be30465ff323064b6be01
12,brendon mccullum (c)†,c chigumbura b jarvis,0,1,1,0,0,0.00,16.5,9.50,160,3,team2,616be30465ff323064b6be01
13,kane williamson,run out (sw masakadza),48,38,62,5,0,126.31,16.5,9.50,160,3,team2,616be30465ff323064b6be01
14,colin de grandhomme,not out,0,0,2,0,0,-,16.5,9.50,160,3,team2,616be30465ff323064b6be01
