,player,batting,r,b,m,4s,6s,sr,overs,run_rate,total_run,wickets,team,id
0,dwayne smith,b rubel hossain,24,21,19,3,1,114.28,20,9.85,197,4,team1,616be3ab65ff323064b6be4a
1,chris gayle,b rubel hossain,6,7,11,1,0,85.71,20,9.85,197,4,team1,616be3ab65ff323064b6be4a
2,marlon samuels,not out,85,43,87,3,9,197.67,20,9.85,197,4,team1,616be3ab65ff323064b6be4a
3,darren bravo,st †mushfiqur rahim b sohag gazi,41,28,36,5,2,146.42,20,9.85,197,4,team1,616be3ab65ff323064b6be4a
4,kieron pollard,b ziaur rahman,15,9,16,0,2,166.66,20,9.85,197,4,team1,616be3ab65ff323064b6be4a
5,lendl simmons,not out,18,12,25,2,0,150.00,20,9.85,197,4,team1,616be3ab65ff323064b6be4a
6,tamim iqbal,not out,88,61,90,10,2,144.26,20,8.94,179,1,team2,616be3ab65ff323064b6be4a
7,anamul haque,c sammy b roach,22,12,21,3,1,183.33,20,8.94,179,1,team2,616be3ab65ff323064b6be4a
8,mahmudullah,not out,64,48,68,3,4,133.33,20,8.94,179,1,team2,616be3ab65ff323064b6be4a
