,player,batting,r,b,m,4s,6s,sr,overs,run_rate,total_run,wickets,team,id
0,phil mustard †,c ryder b martin,20,13,13,2,1,153.84,20,9.20,184,8,team1,616be0ff65ff323064b6bd59
1,luke wright,c †mccullum b martin,1,3,6,0,0,33.33,20,9.20,184,8,team1,616be0ff65ff323064b6bd59
2,kevin pietersen,c taylor b patel,43,23,36,6,1,186.95,20,9.20,184,8,team1,616be0ff65ff323064b6bd59
3,ian bell,b oram,12,10,15,2,0,120.00,20,9.20,184,8,team1,616be0ff65ff323064b6bd59
4,paul collingwood (c),c styris b southee,26,22,46,1,1,118.18,20,9.20,184,8,team1,616be0ff65ff323064b6bd59
5,owais shah,lbw b ryder,23,17,13,2,1,135.29,20,9.20,184,8,team1,616be0ff65ff323064b6bd59
6,dimitri mascarenhas,c patel b mills,31,14,14,1,4,221.42,20,9.20,184,8,team1,616be0ff65ff323064b6bd59
7,graeme swann,not out,15,10,15,2,0,150.00,20,9.20,184,8,team1,616be0ff65ff323064b6bd59
8,stuart broad,c styris b mills,6,4,5,1,0,150.00,20,9.20,184,8,team1,616be0ff65ff323064b6bd59
9,ryan sidebottom,not out,5,4,5,1,0,125.00,20,9.20,184,8,team1,616be0ff65ff323064b6bd59
10,jesse ryder,run out (bell/mascarenhas),22,21,34,4,0,104.76,19.2,7.86,152,10,team2,616be0ff65ff323064b6bd59
11,brendon mccullum (c)†,c shah b sidebottom,9,7,10,0,1,128.57,19.2,7.86,152,10,team2,616be0ff65ff323064b6bd59
12,ross taylor,lbw b sidebottom,0,2,2,0,0,0.00,19.2,7.86,152,10,team2,616be0ff65ff323064b6bd59
13,jamie how,c pietersen b mascarenhas,6,8,17,1,0,75.00,19.2,7.86,152,10,team2,616be0ff65ff323064b6bd59
14,scott styris,b mascarenhas,1,8,9,0,0,12.50,19.2,7.86,152,10,team2,616be0ff65ff323064b6bd59
15,peter fulton,b broad,8,9,12,1,0,88.88,19.2,7.86,152,10,team2,616be0ff65ff323064b6bd59
16,jacob oram,c bell b sidebottom,61,40,47,7,2,152.50,19.2,7.86,152,10,team2,616be0ff65ff323064b6bd59
17,kyle mills,c anderson b swann,11,8,12,0,1,137.50,19.2,7.86,152,10,team2,616be0ff65ff323064b6bd59
18,tim southee,c mascarenhas b collingwood,1,2,4,0,0,50.00,19.2,7.86,152,10,team2,616be0ff65ff323064b6bd59
19,jeetan patel,b anderson,5,5,10,0,0,100.00,19.2,7.86,152,10,team2,616be0ff65ff323064b6bd59
20,chris martin,not out,5,6,12,0,0,83.33,19.2,7.86,152,10,team2,616be0ff65ff323064b6bd59
