,player,batting,r,b,m,4s,6s,sr,overs,run_rate,total_run,wickets,team,id
0,mohammad shahzad †,c zeeshan maqsood b bilal khan,4,2,-,1,0,200.00,20,7.94,159,8,team1,616be67b65ff323064b6bf09
1,usman ghani,c aamir kaleem b mehran khan,69,54,-,9,1,127.77,20,7.94,159,8,team1,616be67b65ff323064b6bf09
2,asghar afghan (c),b lalcheta,8,10,-,1,0,80.00,20,7.94,159,8,team1,616be67b65ff323064b6bf09
3,karim sadiq,c jatinder singh b zeeshan maqsood,26,22,-,3,0,118.18,20,7.94,159,8,team1,616be67b65ff323064b6bf09
4,samiullah shinwari,c bilal khan b mehran khan,17,13,-,2,1,130.76,20,7.94,159,8,team1,616be67b65ff323064b6bf09
5,shafiqullah,c aamir kaleem b mehran khan,14,6,-,0,2,233.33,20,7.94,159,8,team1,616be67b65ff323064b6bf09
6,gulbadin naib,not out,14,8,-,2,0,175.00,20,7.94,159,8,team1,616be67b65ff323064b6bf09
7,mohammad nasim baras,run out (zeeshan maqsood),1,2,-,0,0,50.00,20,7.94,159,8,team1,616be67b65ff323064b6bf09
8,sayed shirzad,run out (bilal khan),1,2,-,0,0,50.00,20,7.94,159,8,team1,616be67b65ff323064b6bf09
9,yamin ahmadzai,not out,1,1,-,0,0,100.00,20,7.94,159,8,team1,616be67b65ff323064b6bf09
10,zeeshan maqsood,c †mohammad shahzad b sayed shirzad,19,7,-,3,1,271.42,18.1,7.26,132,10,team2,616be67b65ff323064b6bf09
11,khawar ali,c †mohammad shahzad b yamin ahmadzai,2,4,-,0,0,50.00,18.1,7.26,132,10,team2,616be67b65ff323064b6bf09
12,mehran khan,b rokhan barakzai,8,10,-,1,0,80.00,18.1,7.26,132,10,team2,616be67b65ff323064b6bf09
13,jatinder singh,c asghar afghan b samiullah shinwari,10,18,-,0,0,55.55,18.1,7.26,132,10,team2,616be67b65ff323064b6bf09
14,adnan ilyas,c †mohammad shahzad b nasim baras,34,31,-,2,0,109.67,18.1,7.26,132,10,team2,616be67b65ff323064b6bf09
15,aamir kaleem,st †mohammad shahzad b rokhan barakzai,11,10,-,1,0,110.00,18.1,7.26,132,10,team2,616be67b65ff323064b6bf09
16,zeeshan siddiqui,st †mohammad shahzad b samiullah shinwari,2,3,-,0,0,66.66,18.1,7.26,132,10,team2,616be67b65ff323064b6bf09
17,sultan ahmed (c)†,c & b sayed shirzad,27,13,-,5,0,207.69,18.1,7.26,132,10,team2,616be67b65ff323064b6bf09
18,ajay lalcheta,c sub (mirwais ashraf) b yamin ahmadzai,16,10,-,3,0,160.00,18.1,7.26,132,10,team2,616be67b65ff323064b6bf09
19,bilal khan,c asghar afghan b sayed shirzad,0,2,-,0,0,0.00,18.1,7.26,132,10,team2,616be67b65ff323064b6bf09
20,munis ansari,not out,0,1,-,0,0,0.00,18.1,7.26,132,10,team2,616be67b65ff323064b6bf09
