,player,batting,r,b,m,4s,6s,sr,overs,run_rate,total_run,wickets,team,id
0,marcus trescothick,c †kamran akmal b abdul razzaq,53,36,56,9,0,147.22,20,7.19,144,7,team1,616be07165ff323064b6bd2c
1,ian bell,c younis khan b shoaib akhtar,14,17,21,2,0,82.35,20,7.19,144,7,team1,616be07165ff323064b6bd2c
2,kevin pietersen,b mohammad asif,0,1,1,0,0,0.00,20,7.19,144,7,team1,616be07165ff323064b6bd2c
3,andrew strauss (c),c †kamran akmal b mohammad asif,0,2,2,0,0,0.00,20,7.19,144,7,team1,616be07165ff323064b6bd2c
4,paul collingwood,c †kamran akmal b naved-ul-hasan,2,11,10,0,0,18.18,20,7.19,144,7,team1,616be07165ff323064b6bd2c
5,jamie dalrymple,c shoaib akhtar b abdul razzaq,27,28,29,2,0,96.42,20,7.19,144,7,team1,616be07165ff323064b6bd2c
6,michael yardy,not out,24,14,21,2,1,171.42,20,7.19,144,7,team1,616be07165ff323064b6bd2c
7,chris read †,c naved-ul-hasan b abdul razzaq,13,11,9,2,0,118.18,20,7.19,144,7,team1,616be07165ff323064b6bd2c
8,sajid mahmood,not out,0,1,3,0,0,0.00,20,7.19,144,7,team1,616be07165ff323064b6bd2c
9,shoaib malik,lbw b broad,16,16,15,2,0,100.00,17.5,8.29,148,5,team2,616be07165ff323064b6bd2c
10,mohammad hafeez,run out (collingwood),46,40,70,5,0,115.00,17.5,8.29,148,5,team2,616be07165ff323064b6bd2c
11,younis khan,c †read b broad,0,1,2,0,0,0.00,17.5,8.29,148,5,team2,616be07165ff323064b6bd2c
12,shahid afridi,c yardy b dalrymple,28,10,14,5,1,280.00,17.5,8.29,148,5,team2,616be07165ff323064b6bd2c
13,mohammad yousuf,c bell b yardy,20,19,17,2,1,105.26,17.5,8.29,148,5,team2,616be07165ff323064b6bd2c
14,inzamam-ul-haq (c),not out,11,15,27,0,1,73.33,17.5,8.29,148,5,team2,616be07165ff323064b6bd2c
15,abdul razzaq,not out,17,7,7,4,0,242.85,17.5,8.29,148,5,team2,616be07165ff323064b6bd2c
