,player,batting,r,b,m,4s,6s,sr,overs,run_rate,total_run,wickets,team,id
0,william porterfield (c),run out (lyons),18,20,30,2,0,90.00,20,6.80,136,7,team1,616be1b665ff323064b6bdb2
1,niall o'brien †,c watts b drummond,17,14,15,3,0,121.42,20,6.80,136,7,team1,616be1b665ff323064b6bdb2
2,andre botha,st †smith b lyons,13,13,18,2,0,100.00,20,6.80,136,7,team1,616be1b665ff323064b6bdb2
3,alex cusack,lbw b haq,2,4,5,0,0,50.00,20,6.80,136,7,team1,616be1b665ff323064b6bdb2
4,gary wilson,lbw b haq,19,22,21,2,0,86.36,20,6.80,136,7,team1,616be1b665ff323064b6bdb2
5,andrew white,c watts b coetzer,19,22,34,1,0,86.36,20,6.80,136,7,team1,616be1b665ff323064b6bdb2
6,john mooney,c watts b coetzer,10,13,18,0,0,76.92,20,6.80,136,7,team1,616be1b665ff323064b6bdb2
7,kevin o'brien,not out,10,4,11,0,1,250.00,20,6.80,136,7,team1,616be1b665ff323064b6bdb2
8,trent johnston,not out,10,8,9,0,0,125.00,20,6.80,136,7,team1,616be1b665ff323064b6bdb2
9,fraser watts,c cusack b connell,0,2,2,0,0,0.00,18.3,5.35,99,10,team2,616be1b665ff323064b6bdb2
10,gavin hamilton (c),lbw b connell,5,3,3,1,0,166.66,18.3,5.35,99,10,team2,616be1b665ff323064b6bdb2
11,richie berrington,c botha b johnston,0,3,6,0,0,0.00,18.3,5.35,99,10,team2,616be1b665ff323064b6bdb2
12,kyle coetzer,c porterfield b cusack,43,39,49,3,1,110.25,18.3,5.35,99,10,team2,616be1b665ff323064b6bdb2
13,neil mccallum,c botha b johnston,0,2,2,0,0,0.00,18.3,5.35,99,10,team2,616be1b665ff323064b6bdb2
14,jan stander,c mooney b johnston,2,3,7,0,0,66.66,18.3,5.35,99,10,team2,616be1b665ff323064b6bdb2
15,gordon drummond,c wilson b dockrell,35,41,58,3,0,85.36,18.3,5.35,99,10,team2,616be1b665ff323064b6bdb2
16,simon smith †,run out (mooney),8,11,16,1,0,72.72,18.3,5.35,99,10,team2,616be1b665ff323064b6bdb2
17,ross lyons,c johnston b dockrell,0,2,3,0,0,0.00,18.3,5.35,99,10,team2,616be1b665ff323064b6bdb2
18,majid haq,not out,1,2,5,0,0,50.00,18.3,5.35,99,10,team2,616be1b665ff323064b6bdb2
19,dewald nel,b kj o'brien,0,3,2,0,0,0.00,18.3,5.35,99,10,team2,616be1b665ff323064b6bdb2
