,player,batting,r,b,m,4s,6s,sr,overs,run_rate,total_run,wickets,team,id
0,shane watson,c swann b sidebottom,2,3,3,0,0,66.66,20,7.35,147,6,team1,616be25c65ff323064b6bdd7
1,david warner,run out (lumb),2,4,11,0,0,50.00,20,7.35,147,6,team1,616be25c65ff323064b6bdd7
2,michael clarke (c),c collingwood b swann,27,27,35,2,0,100.00,20,7.35,147,6,team1,616be25c65ff323064b6bdd7
3,brad haddin †,c †kieswetter b sidebottom,1,2,2,0,0,50.00,20,7.35,147,6,team1,616be25c65ff323064b6bdd7
4,david hussey,run out (wright/†kieswetter),59,54,73,2,2,109.25,20,7.35,147,6,team1,616be25c65ff323064b6bdd7
5,cameron white,c broad b wright,30,19,21,4,1,157.89,20,7.35,147,6,team1,616be25c65ff323064b6bdd7
6,michael hussey,not out,17,10,26,2,0,170.00,20,7.35,147,6,team1,616be25c65ff323064b6bdd7
7,steven smith,not out,1,2,3,0,0,50.00,20,7.35,147,6,team1,616be25c65ff323064b6bdd7
8,michael lumb,c dj hussey b tait,2,4,6,0,0,50.00,17,8.70,148,3,team2,616be25c65ff323064b6bdd7
9,craig kieswetter †,b johnson,63,49,72,7,2,128.57,17,8.70,148,3,team2,616be25c65ff323064b6bdd7
10,kevin pietersen,c warner b smith,47,31,59,4,1,151.61,17,8.70,148,3,team2,616be25c65ff323064b6bdd7
11,paul collingwood (c),not out,12,5,15,1,1,240.00,17,8.70,148,3,team2,616be25c65ff323064b6bdd7
12,eoin morgan,not out,15,13,11,0,1,115.38,17,8.70,148,3,team2,616be25c65ff323064b6bdd7
