,player,batting,r,b,m,4s,6s,sr,overs,run_rate,total_run,wickets,team,id
0,hamish rutherford,c hales b wright,62,35,54,6,4,177.14,20,10.05,201,4,team1,616be46a65ff323064b6be65
1,james franklin,c †buttler b rankin,0,1,2,0,0,0.00,20,10.05,201,4,team1,616be46a65ff323064b6be65
2,brendon mccullum (c),b wright,68,48,71,7,2,141.66,20,10.05,201,4,team1,616be46a65ff323064b6be65
3,ross taylor,not out,32,19,40,2,1,168.42,20,10.05,201,4,team1,616be46a65ff323064b6be65
4,tom latham †,c bopara b dernbach,22,17,19,1,1,129.41,20,10.05,201,4,team1,616be46a65ff323064b6be65
5,colin munro,not out,0,0,2,0,0,-,20,10.05,201,4,team1,616be46a65ff323064b6be65
6,michael lumb,b nl mccullum,29,15,17,3,2,193.33,20,9.80,196,5,team2,616be46a65ff323064b6be65
7,alex hales,c franklin b hira,39,29,43,5,1,134.48,20,9.80,196,5,team2,616be46a65ff323064b6be65
8,luke wright,c †latham b mcclenaghan,52,34,53,6,1,152.94,20,9.80,196,5,team2,616be46a65ff323064b6be65
9,eoin morgan (c),c taylor b butler,7,10,17,0,0,70.00,20,9.80,196,5,team2,616be46a65ff323064b6be65
10,ravi bopara,not out,30,18,39,2,1,166.66,20,9.80,196,5,team2,616be46a65ff323064b6be65
11,jos buttler †,run out (†latham),17,10,20,1,1,170.00,20,9.80,196,5,team2,616be46a65ff323064b6be65
12,ben stokes,not out,9,5,10,0,1,180.00,20,9.80,196,5,team2,616be46a65ff323064b6be65
