,player,batting,r,b,m,4s,6s,sr,overs,run_rate,total_run,wickets,team,id
0,karim sadiq,c macleod b carter,4,5,-,1,0,80.00,20,6.60,132,7,team1,616be46a65ff323064b6be5b
1,nawroz mangal,c machan b wardlaw,0,2,-,0,0,0.00,20,6.60,132,7,team1,616be46a65ff323064b6be5b
2,mohammad shahzad †,c coetzer b machan,55,46,-,6,1,119.56,20,6.60,132,7,team1,616be46a65ff323064b6be5b
3,asghar afghan,c mommsen b carter,30,37,-,2,1,81.08,20,6.60,132,7,team1,616be46a65ff323064b6be5b
4,gulbadin naib,b machan,15,10,-,1,1,150.00,20,6.60,132,7,team1,616be46a65ff323064b6be5b
5,mohammad nabi (c),c coetzer b machan,7,7,-,1,0,100.00,20,6.60,132,7,team1,616be46a65ff323064b6be5b
6,samiullah shinwari,b wardlaw,8,5,-,1,0,160.00,20,6.60,132,7,team1,616be46a65ff323064b6be5b
7,mirwais ashraf,not out,4,5,-,0,0,80.00,20,6.60,132,7,team1,616be46a65ff323064b6be5b
8,hamid hassan,not out,6,3,-,0,0,200.00,20,6.60,132,7,team1,616be46a65ff323064b6be5b
9,richie berrington,c nawroz mangal b samiullah shinwari,15,20,-,2,0,75.00,20,5.25,105,6,team2,616be46a65ff323064b6be5b
10,calum macleod,run out (amir hamza),1,1,-,0,0,100.00,20,5.25,105,6,team2,616be46a65ff323064b6be5b
11,neil carter,c samiullah shinwari b karim sadiq,3,6,-,0,0,50.00,20,5.25,105,6,team2,616be46a65ff323064b6be5b
12,kyle coetzer,c †mohammad shahzad b mohammad nabi,16,22,-,2,0,72.72,20,5.25,105,6,team2,616be46a65ff323064b6be5b
13,matt machan,not out,42,38,-,6,0,110.52,20,5.25,105,6,team2,616be46a65ff323064b6be5b
14,preston mommsen,c nawroz mangal b mohammad nabi,13,21,-,0,0,61.90,20,5.25,105,6,team2,616be46a65ff323064b6be5b
15,moneeb iqbal,b aftab alam,3,7,-,0,0,42.85,20,5.25,105,6,team2,616be46a65ff323064b6be5b
16,david murphy †,not out,6,5,-,0,0,120.00,20,5.25,105,6,team2,616be46a65ff323064b6be5b
