,player,batting,r,b,m,4s,6s,sr,overs,run_rate,total_run,wickets,team,id
0,salman butt,b mohammad ashraful,33,27,-,3,0,122.22,20,9.54,191,7,team1,616be07165ff323064b6bd36
1,imran nazir,run out (alok kapali),49,29,-,4,3,168.96,20,9.54,191,7,team1,616be07165ff323064b6bd36
2,younis khan,st †mushfiqur rahim b abdur razzak,48,25,-,1,4,192.00,20,9.54,191,7,team1,616be07165ff323064b6bd36
3,shoaib malik (c),c mohammad ashraful b farhad reza,10,6,-,0,1,166.66,20,9.54,191,7,team1,616be07165ff323064b6bd36
4,shahid afridi,c alok kapali b mohammad ashraful,32,18,-,0,3,177.77,20,9.54,191,7,team1,616be07165ff323064b6bd36
5,misbah-ul-haq,c aftab ahmed b farhad reza,2,5,-,0,0,40.00,20,9.54,191,7,team1,616be07165ff323064b6bd36
6,kamran akmal †,c mahmudullah b mohammad ashraful,11,8,-,0,1,137.50,20,9.54,191,7,team1,616be07165ff323064b6bd36
7,yasir arafat,not out,2,2,-,0,0,100.00,20,9.54,191,7,team1,616be07165ff323064b6bd36
8,shoaib akhtar,not out,1,1,-,0,0,100.00,20,9.54,191,7,team1,616be07165ff323064b6bd36
9,tamim iqbal,c shahid afridi b shoaib akhtar,1,4,-,0,0,25.00,20,8.04,161,7,team2,616be07165ff323064b6bd36
10,nazimuddin,b yasir arafat,81,50,-,8,5,162.00,20,8.04,161,7,team2,616be07165ff323064b6bd36
11,aftab ahmed,lbw b shahid afridi,5,6,-,1,0,83.33,20,8.04,161,7,team2,616be07165ff323064b6bd36
12,mohammad ashraful (c),run out (imran nazir),7,4,-,1,0,175.00,20,8.04,161,7,team2,616be07165ff323064b6bd36
13,alok kapali,b shahid afridi,19,11,-,2,1,172.72,20,8.04,161,7,team2,616be07165ff323064b6bd36
14,mahmudullah,run out (iftikhar anjum),9,15,-,1,0,60.00,20,8.04,161,7,team2,616be07165ff323064b6bd36
15,mashrafe mortaza,not out,10,14,-,0,0,71.42,20,8.04,161,7,team2,616be07165ff323064b6bd36
16,farhad reza,b shoaib akhtar,18,14,-,2,0,128.57,20,8.04,161,7,team2,616be07165ff323064b6bd36
17,mushfiqur rahim †,not out,1,2,-,0,0,50.00,20,8.04,161,7,team2,616be07165ff323064b6bd36
