,player,batting,r,b,m,4s,6s,sr,overs,run_rate,total_run,wickets,team,id
0,noor ali zadran,b coetzer,42,37,54,4,1,113.51,20,6.54,131,7,team1,616be1b665ff323064b6bdaf
1,karim sadiq,b drummond,3,7,5,0,0,42.85,20,6.54,131,7,team1,616be1b665ff323064b6bdaf
2,shafiqullah,c stander b drummond,0,2,3,0,0,0.00,20,6.54,131,7,team1,616be1b665ff323064b6bdaf
3,mohammad shahzad †,c nel b coetzer,30,40,55,1,0,75.00,20,6.54,131,7,team1,616be1b665ff323064b6bdaf
4,nawroz mangal (c),b nel,18,16,20,0,1,112.50,20,6.54,131,7,team1,616be1b665ff323064b6bdaf
5,mohammad nabi,c hamilton b coetzer,0,1,3,0,0,0.00,20,6.54,131,7,team1,616be1b665ff323064b6bdaf
6,raees ahmadzai,not out,17,13,19,0,0,130.76,20,6.54,131,7,team1,616be1b665ff323064b6bdaf
7,samiullah shinwari,c hamilton b stander,1,2,5,0,0,50.00,20,6.54,131,7,team1,616be1b665ff323064b6bdaf
8,mirwais ashraf,not out,8,3,5,0,1,266.66,20,6.54,131,7,team1,616be1b665ff323064b6bdaf
9,kyle coetzer,c raees ahmadzai b shapoor zadran,2,15,18,0,0,13.33,20,5.85,117,9,team2,616be1b665ff323064b6bdaf
10,navdeep poonia,b mirwais ashraf,0,2,5,0,0,0.00,20,5.85,117,9,team2,616be1b665ff323064b6bdaf
11,gavin hamilton (c),st †mohammad shahzad b karim sadiq,32,34,52,1,1,94.11,20,5.85,117,9,team2,616be1b665ff323064b6bdaf
12,neil mccallum,run out (mohammad nabi/†mohammad shahzad),38,34,42,3,1,111.76,20,5.85,117,9,team2,616be1b665ff323064b6bdaf
13,jan stander,b hamid hassan,4,4,6,0,0,100.00,20,5.85,117,9,team2,616be1b665ff323064b6bdaf
14,fraser watts,b hamid hassan,12,10,14,0,0,120.00,20,5.85,117,9,team2,616be1b665ff323064b6bdaf
15,richie berrington,not out,19,12,23,2,0,158.33,20,5.85,117,9,team2,616be1b665ff323064b6bdaf
16,gordon drummond,c shapoor zadran b mohammad nabi,5,4,7,0,0,125.00,20,5.85,117,9,team2,616be1b665ff323064b6bdaf
17,simon smith †,c shafiqullah b mohammad nabi,0,1,1,0,0,0.00,20,5.85,117,9,team2,616be1b665ff323064b6bdaf
18,majid haq,b hamid hassan,1,4,1,0,0,25.00,20,5.85,117,9,team2,616be1b665ff323064b6bdaf
