,player,batting,r,b,m,4s,6s,sr,overs,run_rate,total_run,wickets,team,id
0,ahmed shehzad,not out,111,62,96,10,5,179.03,20,9.50,190,5,team1,616be51c65ff323064b6beb2
1,kamran akmal †,c ziaur rahman b abdur razzak,9,12,20,2,0,75.00,20,9.50,190,5,team1,616be51c65ff323064b6beb2
2,mohammad hafeez (c),st †mushfiqur rahim b abdur razzak,8,12,16,0,0,66.66,20,9.50,190,5,team1,616be51c65ff323064b6beb2
3,umar akmal,c tamim iqbal b mahmudullah,0,2,3,0,0,0.00,20,9.50,190,5,team1,616be51c65ff323064b6beb2
4,shoaib malik,st †mushfiqur rahim b shakib al hasan,26,23,42,2,0,113.04,20,9.50,190,5,team1,616be51c65ff323064b6beb2
5,shahid afridi,c ziaur rahman b al-amin hossain,22,9,12,1,2,244.44,20,9.50,190,5,team1,616be51c65ff323064b6beb2
6,sohaib maqsood,not out,1,1,1,0,0,100.00,20,9.50,190,5,team1,616be51c65ff323064b6beb2
7,tamim iqbal,b umar gul,16,15,17,2,0,106.66,20,7.00,140,7,team2,616be51c65ff323064b6beb2
8,anamul haque,c & b saeed ajmal,18,16,23,3,0,112.50,20,7.00,140,7,team2,616be51c65ff323064b6beb2
9,shakib al hasan,c umar akmal b umar gul,38,32,44,2,2,118.75,20,7.00,140,7,team2,616be51c65ff323064b6beb2
10,shamsur rahman,c †kamran akmal b shahid afridi,4,12,8,0,0,33.33,20,7.00,140,7,team2,616be51c65ff323064b6beb2
11,mushfiqur rahim (c)†,lbw b zulfiqar babar,2,4,3,0,0,50.00,20,7.00,140,7,team2,616be51c65ff323064b6beb2
12,nasir hossain,st †kamran akmal b saeed ajmal,23,19,31,1,1,121.05,20,7.00,140,7,team2,616be51c65ff323064b6beb2
13,mahmudullah,not out,17,12,22,0,1,141.66,20,7.00,140,7,team2,616be51c65ff323064b6beb2
14,ziaur rahman,c †kamran akmal b umar gul,0,1,5,0,0,0.00,20,7.00,140,7,team2,616be51c65ff323064b6beb2
15,mashrafe mortaza,not out,17,9,10,4,0,188.88,20,7.00,140,7,team2,616be51c65ff323064b6beb2
