,player,batting,r,b,m,4s,6s,sr,overs,run_rate,total_run,wickets,team,id
0,rohit sharma,run out (maxwell/†wade),60,47,69,5,2,127.65,20,9.20,184,3,team1,616be67b65ff323064b6bf18
1,shikhar dhawan,c lynn b maxwell,42,32,46,3,2,131.25,20,9.20,184,3,team1,616be67b65ff323064b6bf18
2,virat kohli,not out,59,33,44,7,1,178.78,20,9.20,184,3,team1,616be67b65ff323064b6bf18
3,ms dhoni (c)†,c watson b tye,14,9,18,2,0,155.55,20,9.20,184,3,team1,616be67b65ff323064b6bf18
4,suresh raina,not out,0,0,1,0,0,-,20,9.20,184,3,team1,616be67b65ff323064b6bf18
5,aaron finch (c),run out (jadeja/†dhoni),74,48,69,8,2,154.16,20,7.85,157,8,team2,616be67b65ff323064b6bf18
6,shaun marsh,c pandya b ashwin,23,23,41,2,0,100.00,20,7.85,157,8,team2,616be67b65ff323064b6bf18
7,chris lynn,c †dhoni b pandya,2,4,5,0,0,50.00,20,7.85,157,8,team2,616be67b65ff323064b6bf18
8,glenn maxwell,st †dhoni b yuvraj singh,1,2,4,0,0,50.00,20,7.85,157,8,team2,616be67b65ff323064b6bf18
9,shane watson,c & b jadeja,15,11,12,2,0,136.36,20,7.85,157,8,team2,616be67b65ff323064b6bf18
10,matthew wade †,not out,16,15,27,0,1,106.66,20,7.85,157,8,team2,616be67b65ff323064b6bf18
11,james faulkner,st †dhoni b jadeja,10,7,6,0,1,142.85,20,7.85,157,8,team2,616be67b65ff323064b6bf18
12,john hastings,b bumrah,4,6,11,0,0,66.66,20,7.85,157,8,team2,616be67b65ff323064b6bf18
13,andrew tye,b bumrah,4,4,3,1,0,100.00,20,7.85,157,8,team2,616be67b65ff323064b6bf18
