,player,batting,r,b,m,4s,6s,sr,overs,run_rate,total_run,wickets,team,id
0,henry davids,lbw b kulasekara,0,1,1,0,0,0.00,20,8.15,163,3,team1,616be46a65ff323064b6be6d
1,quinton de kock †,lbw b mendis,16,19,36,3,0,84.21,20,8.15,163,3,team1,616be46a65ff323064b6be6d
2,faf du plessis (c),b lakmal,85,65,83,10,3,130.76,20,8.15,163,3,team1,616be46a65ff323064b6be6d
3,jean-paul duminy,not out,51,34,51,3,2,150.00,20,8.15,163,3,team1,616be46a65ff323064b6be6d
4,ab de villiers,not out,1,1,3,0,0,100.00,20,8.15,163,3,team1,616be46a65ff323064b6be6d
5,tillakaratne dilshan,not out,74,51,80,9,2,145.09,18.1,9.02,164,4,team2,616be46a65ff323064b6be6d
6,mahela jayawardene,c de villiers b parnell,33,16,27,7,0,206.25,18.1,9.02,164,4,team2,616be46a65ff323064b6be6d
7,kusal perera,c parnell b wiese,1,4,4,0,0,25.00,18.1,9.02,164,4,team2,616be46a65ff323064b6be6d
8,dinesh chandimal (c)†,st †de kock b imran tahir,14,18,20,1,0,77.77,18.1,9.02,164,4,team2,616be46a65ff323064b6be6d
9,angelo mathews,b wiese,14,10,11,2,0,140.00,18.1,9.02,164,4,team2,616be46a65ff323064b6be6d
10,thisara perera,not out,25,11,14,3,1,227.27,18.1,9.02,164,4,team2,616be46a65ff323064b6be6d
