,player,batting,r,b,m,4s,6s,sr,overs,run_rate,total_run,wickets,team,id
0,richard levi,c †kieswetter b finn,0,1,2,0,0,0.00,9,8.55,77,5,team1,616be3ab65ff323064b6be2b
1,hashim amla,not out,47,30,45,7,0,156.66,9,8.55,77,5,team1,616be3ab65ff323064b6be2b
2,ab de villiers (c)†,c dernbach b finn,1,4,9,0,0,25.00,9,8.55,77,5,team1,616be3ab65ff323064b6be2b
3,albie morkel,c bairstow b wright,3,5,9,0,0,60.00,9,8.55,77,5,team1,616be3ab65ff323064b6be2b
4,jean-paul duminy,c & b swann,5,6,6,0,0,83.33,9,8.55,77,5,team1,616be3ab65ff323064b6be2b
5,justin ontong,c †kieswetter b dernbach,1,2,2,0,0,50.00,9,8.55,77,5,team1,616be3ab65ff323064b6be2b
6,jacques kallis,not out,13,7,10,2,0,185.71,9,8.55,77,5,team1,616be3ab65ff323064b6be2b
7,craig kieswetter †,c peterson b steyn,1,6,7,0,0,16.66,4.1,6.95,29,2,team2,616be3ab65ff323064b6be2b
8,alex hales,not out,11,8,21,0,1,137.50,4.1,6.95,29,2,team2,616be3ab65ff323064b6be2b
9,luke wright,c m morkel b ja morkel,14,11,14,1,0,127.27,4.1,6.95,29,2,team2,616be3ab65ff323064b6be2b
10,eoin morgan,not out,0,0,-,0,0,-,4.1,6.95,29,2,team2,616be3ab65ff323064b6be2b
