,player,batting,r,b,m,4s,6s,sr,overs,run_rate,total_run,wickets,team,id
0,ravi bopara,c seelaar b ten doeschate,46,34,48,5,0,135.29,20,8.10,162,5,team1,616be0ff65ff323064b6bd7f
1,luke wright,c borren b ten doeschate,71,49,75,8,0,144.89,20,8.10,162,5,team1,616be0ff65ff323064b6bd7f
2,owais shah,c kervezee b schiferli,5,8,8,0,0,62.50,20,8.10,162,5,team1,616be0ff65ff323064b6bd7f
3,eoin morgan,c zuiderent b borren,6,8,10,0,0,75.00,20,8.10,162,5,team1,616be0ff65ff323064b6bd7f
4,paul collingwood (c),c schiferli b seelaar,11,10,14,1,0,110.00,20,8.10,162,5,team1,616be0ff65ff323064b6bd7f
5,rob key,not out,10,8,11,0,0,125.00,20,8.10,162,5,team1,616be0ff65ff323064b6bd7f
6,james foster †,not out,3,3,4,0,0,100.00,20,8.10,162,5,team1,616be0ff65ff323064b6bd7f
7,alexei kervezee,c broad b anderson,1,4,2,0,0,25.00,20,8.15,163,6,team2,616be0ff65ff323064b6bd7f
8,darron reekers,c shah b broad,20,13,14,1,2,153.84,20,8.15,163,6,team2,616be0ff65ff323064b6bd7f
9,bas zuiderent,st †foster b rashid,12,16,28,1,0,75.00,20,8.15,163,6,team2,616be0ff65ff323064b6bd7f
10,tom de grooth,c key b collingwood,49,30,39,6,1,163.33,20,8.15,163,6,team2,616be0ff65ff323064b6bd7f
11,peter borren,c shah b anderson,30,25,32,1,1,120.00,20,8.15,163,6,team2,616be0ff65ff323064b6bd7f
12,ryan ten doeschate,not out,22,17,35,2,0,129.41,20,8.15,163,6,team2,616be0ff65ff323064b6bd7f
13,daan van bunge,c wright b anderson,8,8,8,1,0,100.00,20,8.15,163,6,team2,616be0ff65ff323064b6bd7f
14,edgar schiferli,not out,5,7,13,0,0,71.42,20,8.15,163,6,team2,616be0ff65ff323064b6bd7f
