,player,batting,r,b,m,4s,6s,sr,overs,run_rate,total_run,wickets,team,id
0,hamilton masakadza,b mohammad sami,43,27,36,7,1,159.25,20,8.60,172,6,team1,616be5d165ff323064b6becf
1,vusi sibanda,c †sarfaraz ahmed b mohammad sami,13,15,33,1,0,86.66,20,8.60,172,6,team1,616be5d165ff323064b6becf
2,charles coventry †,c †sarfaraz ahmed b wahab riaz,14,7,9,3,0,200.00,20,8.60,172,6,team1,616be5d165ff323064b6becf
3,elton chigumbura (c),b wahab riaz,54,35,54,8,1,154.28,20,8.60,172,6,team1,616be5d165ff323064b6becf
4,sean williams,c wahab riaz b shoaib malik,16,15,15,1,0,106.66,20,8.60,172,6,team1,616be5d165ff323064b6becf
5,sikandar raza,c ahmed shehzad b mohammad sami,17,13,19,1,1,130.76,20,8.60,172,6,team1,616be5d165ff323064b6becf
6,richmond mutumbami,not out,4,7,14,0,0,57.14,20,8.60,172,6,team1,616be5d165ff323064b6becf
7,graeme cremer,not out,2,2,2,0,0,100.00,20,8.60,172,6,team1,616be5d165ff323064b6becf
8,mukhtar ahmed,c mutumbami b cremer,83,45,63,12,3,184.44,19.3,8.87,173,5,team2,616be5d165ff323064b6becf
9,ahmed shehzad,c mutumbami b williams,55,39,58,6,1,141.02,19.3,8.87,173,5,team2,616be5d165ff323064b6becf
10,mohammad hafeez,c †coventry b cremer,12,11,12,1,1,109.09,19.3,8.87,173,5,team2,616be5d165ff323064b6becf
11,shoaib malik,b panyangara,7,14,23,0,0,50.00,19.3,8.87,173,5,team2,616be5d165ff323064b6becf
12,umar akmal,c sibanda b vitori,4,3,5,1,0,133.33,19.3,8.87,173,5,team2,616be5d165ff323064b6becf
13,sarfaraz ahmed †,not out,3,4,11,0,0,75.00,19.3,8.87,173,5,team2,616be5d165ff323064b6becf
14,shahid afridi (c),not out,4,1,1,1,0,400.00,19.3,8.87,173,5,team2,616be5d165ff323064b6becf
