,player,batting,r,b,m,4s,6s,sr,overs,run_rate,total_run,wickets,team,id
0,richie berrington,c †barresi b seelaar,37,25,24,5,1,148.00,20,8.30,166,6,team1,616be30465ff323064b6be13
1,calum macleod,c †barresi b borren,57,42,58,5,2,135.71,20,8.30,166,6,team1,616be30465ff323064b6be13
2,preston mommsen,lbw b mudassar bukhari,26,19,15,3,0,136.84,20,8.30,166,6,team1,616be30465ff323064b6be13
3,kyle coetzer (c),c swart b seelaar,5,6,7,1,0,83.33,20,8.30,166,6,team1,616be30465ff323064b6be13
4,jan stander,not out,17,15,23,1,0,113.33,20,8.30,166,6,team1,616be30465ff323064b6be13
5,fraser watts,c †barresi b mudassar bukhari,5,4,4,1,0,125.00,20,8.30,166,6,team1,616be30465ff323064b6be13
6,craig wallace †,b borren,6,6,9,0,0,100.00,20,8.30,166,6,team1,616be30465ff323064b6be13
7,majid haq,not out,1,3,2,0,0,33.33,20,8.30,166,6,team1,616be30465ff323064b6be13
8,stephan myburgh,b haq,36,24,39,3,2,150.00,19.1,8.81,169,7,team2,616be30465ff323064b6be13
9,michael swart,c coetzer b berrington,12,12,17,2,0,100.00,19.1,8.81,169,7,team2,616be30465ff323064b6be13
10,alexei kervezee,b haq,11,12,12,2,0,91.66,19.1,8.81,169,7,team2,616be30465ff323064b6be13
11,tom cooper,c berrington b drummond,60,32,43,4,4,187.50,19.1,8.81,169,7,team2,616be30465ff323064b6be13
12,peter borren (c),c & b berrington,15,16,17,1,0,93.75,19.1,8.81,169,7,team2,616be30465ff323064b6be13
13,mudassar bukhari,st †wallace b haq,11,8,7,0,1,137.50,19.1,8.81,169,7,team2,616be30465ff323064b6be13
14,wesley barresi †,c macleod b drummond,5,4,4,0,0,125.00,19.1,8.81,169,7,team2,616be30465ff323064b6be13
15,tom de grooth,not out,5,2,-,1,0,250.00,19.1,8.81,169,7,team2,616be30465ff323064b6be13
16,tim gruijters,not out,11,6,11,0,1,183.33,19.1,8.81,169,7,team2,616be30465ff323064b6be13
