,player,batting,r,b,m,4s,6s,sr,overs,run_rate,total_run,wickets,team,id
0,tamim iqbal,c smith b pollock,8,7,9,2,0,114.28,19.3,7.38,144,10,team1,616be07165ff323064b6bd43
1,nazimuddin,lbw b ntini,0,1,4,0,0,0.00,19.3,7.38,144,10,team1,616be07165ff323064b6bd43
2,aftab ahmed,b m morkel,36,14,15,5,2,257.14,19.3,7.38,144,10,team1,616be07165ff323064b6bd43
3,mohammad ashraful (c),c smith b pollock,10,3,3,1,1,333.33,19.3,7.38,144,10,team1,616be07165ff323064b6bd43
4,shakib al hasan,run out (duminy),19,14,22,3,0,135.71,19.3,7.38,144,10,team1,616be07165ff323064b6bd43
5,alok kapali,c de villiers b m morkel,14,35,45,0,0,40.00,19.3,7.38,144,10,team1,616be07165ff323064b6bd43
6,mashrafe mortaza,c duminy b philander,12,8,13,0,2,150.00,19.3,7.38,144,10,team1,616be07165ff323064b6bd43
7,farhad reza,c kemp b philander,19,21,24,0,2,90.47,19.3,7.38,144,10,team1,616be07165ff323064b6bd43
8,mushfiqur rahim †,c pollock b van der wath,4,6,12,0,0,66.66,19.3,7.38,144,10,team1,616be07165ff323064b6bd43
9,abdur razzak,not out,2,6,10,0,0,33.33,19.3,7.38,144,10,team1,616be07165ff323064b6bd43
10,syed rasel,b pollock,6,3,5,1,0,200.00,19.3,7.38,144,10,team1,616be07165ff323064b6bd43
11,graeme smith (c),c †mushfiqur rahim b shakib al hasan,41,34,53,6,0,120.58,18.5,7.75,146,3,team2,616be07165ff323064b6bd43
12,jean-paul duminy,lbw b abdur razzak,36,28,34,4,1,128.57,18.5,7.75,146,3,team2,616be07165ff323064b6bd43
13,albie morkel,c farhad reza b abdur razzak,41,29,28,3,2,141.37,18.5,7.75,146,3,team2,616be07165ff323064b6bd43
14,ab de villiers,not out,14,15,-,1,0,93.33,18.5,7.75,146,3,team2,616be07165ff323064b6bd43
15,justin kemp,not out,12,7,-,1,1,171.42,18.5,7.75,146,3,team2,616be07165ff323064b6bd43
