,player,batting,r,b,m,4s,6s,sr,overs,run_rate,total_run,wickets,team,id
0,zeeshan maqsood,b dawlat zadran,6,4,4,0,1,150.00,20,6.35,127,9,team1,616be67b65ff323064b6beed
1,khawar ali,run out (aftab alam),21,26,47,3,0,80.76,20,6.35,127,9,team1,616be67b65ff323064b6beed
2,zeeshan siddiqui,c asghar afghan b dawlat zadran,18,16,29,3,0,112.50,20,6.35,127,9,team1,616be67b65ff323064b6beed
3,jatinder singh,c najibullah zadran b shapoor zadran,18,25,26,0,0,72.00,20,6.35,127,9,team1,616be67b65ff323064b6beed
4,aamir kaleem,c mohammad nabi b mirwais ashraf,10,14,18,1,0,71.42,20,6.35,127,9,team1,616be67b65ff323064b6beed
5,sultan ahmed (c)†,b mirwais ashraf,15,11,16,3,0,136.36,20,6.35,127,9,team1,616be67b65ff323064b6beed
6,mehran khan,run out (najibullah zadran),1,4,4,0,0,25.00,20,6.35,127,9,team1,616be67b65ff323064b6beed
7,amir ali,c mohammad nabi b aftab alam,7,5,8,1,0,140.00,20,6.35,127,9,team1,616be67b65ff323064b6beed
8,mohammad nadeem,c asghar afghan b aftab alam,7,9,14,0,0,77.77,20,6.35,127,9,team1,616be67b65ff323064b6beed
9,rajeshkumar ranpura,not out,5,8,9,0,0,62.50,20,6.35,127,9,team1,616be67b65ff323064b6beed
10,mohammad shahzad †,c jatinder singh b ranpura,0,4,4,0,0,0.00,18.5,6.90,130,5,team2,616be67b65ff323064b6beed
11,nawroz mangal,c †sultan ahmed b ansari,4,9,20,1,0,44.44,18.5,6.90,130,5,team2,616be67b65ff323064b6beed
12,asghar afghan (c),c †sultan ahmed b ranpura,0,5,10,0,0,0.00,18.5,6.90,130,5,team2,616be67b65ff323064b6beed
13,samiullah shinwari,not out,40,41,74,3,1,97.56,18.5,6.90,130,5,team2,616be67b65ff323064b6beed
14,mohammad nabi,c †sultan ahmed b mohammad nadeem,27,22,31,4,0,122.72,18.5,6.90,130,5,team2,616be67b65ff323064b6beed
15,najibullah zadran,c khawar ali b ansari,44,32,34,4,2,137.50,18.5,6.90,130,5,team2,616be67b65ff323064b6beed
16,shafiqullah,not out,0,0,2,0,0,-,18.5,6.90,130,5,team2,616be67b65ff323064b6beed
