,player,batting,r,b,m,4s,6s,sr,overs,run_rate,total_run,wickets,team,id
0,johnson charles,c kulasekara b mathews,0,5,3,0,0,0.00,20,6.85,137,6,team1,616be3ab65ff323064b6be48
1,chris gayle,lbw b baw mendis,3,16,26,0,0,18.75,20,6.85,137,6,team1,616be3ab65ff323064b6be48
2,marlon samuels,c bmaj mendis b dananjaya,78,56,70,3,6,139.28,20,6.85,137,6,team1,616be3ab65ff323064b6be48
3,dwayne bravo,lbw b baw mendis,19,19,29,0,1,100.00,20,6.85,137,6,team1,616be3ab65ff323064b6be48
4,kieron pollard,c dananjaya b baw mendis,2,4,6,0,0,50.00,20,6.85,137,6,team1,616be3ab65ff323064b6be48
5,andre russell,lbw b baw mendis,0,1,2,0,0,0.00,20,6.85,137,6,team1,616be3ab65ff323064b6be48
6,daren sammy (c),not out,26,15,23,3,0,173.33,20,6.85,137,6,team1,616be3ab65ff323064b6be48
7,denesh ramdin †,not out,4,4,13,0,0,100.00,20,6.85,137,6,team1,616be3ab65ff323064b6be48
8,mahela jayawardene (c),c sammy b narine,33,36,52,2,0,91.66,18.4,5.41,101,10,team2,616be3ab65ff323064b6be48
9,tillakaratne dilshan,b rampaul,0,3,3,0,0,0.00,18.4,5.41,101,10,team2,616be3ab65ff323064b6be48
10,kumar sangakkara †,c pollard b badree,22,26,33,2,0,84.61,18.4,5.41,101,10,team2,616be3ab65ff323064b6be48
11,angelo mathews,b sammy,1,5,5,0,0,20.00,18.4,5.41,101,10,team2,616be3ab65ff323064b6be48
12,jeevan mendis,run out (bravo/narine),3,3,10,0,0,100.00,18.4,5.41,101,10,team2,616be3ab65ff323064b6be48
13,thisara perera,run out (†ramdin),3,5,6,0,0,60.00,18.4,5.41,101,10,team2,616be3ab65ff323064b6be48
14,lahiru thirimanne,c charles b sammy,4,7,9,0,0,57.14,18.4,5.41,101,10,team2,616be3ab65ff323064b6be48
15,nuwan kulasekara,c badree b narine,26,13,16,3,1,200.00,18.4,5.41,101,10,team2,616be3ab65ff323064b6be48
16,lasith malinga,c bravo b narine,5,13,22,0,0,38.46,18.4,5.41,101,10,team2,616be3ab65ff323064b6be48
17,ajantha mendis,c bravo b samuels,1,2,5,0,0,50.00,18.4,5.41,101,10,team2,616be3ab65ff323064b6be48
18,akila dananjaya,not out,0,0,3,0,0,-,18.4,5.41,101,10,team2,616be3ab65ff323064b6be48
