,player,batting,r,b,m,4s,6s,sr,overs,run_rate,total_run,wickets,team,id
0,jason roy,lbw b aamer yamin,0,1,1,0,0,0.00,20,7.70,154,8,team1,616be67b65ff323064b6bf0b
1,james vince,c umar akmal b sohail tanvir,46,45,91,3,1,102.22,20,7.70,154,8,team1,616be67b65ff323064b6bf0b
2,joe root,b shahid afridi,32,22,23,4,1,145.45,20,7.70,154,8,team1,616be67b65ff323064b6bf0b
3,moeen ali,c & b shahid afridi,0,1,1,0,0,0.00,20,7.70,154,8,team1,616be67b65ff323064b6bf0b
4,eoin morgan (c),b shoaib malik,15,14,14,0,1,107.14,20,7.70,154,8,team1,616be67b65ff323064b6bf0b
5,jos buttler †,run out (†mohammad rizwan),2,3,5,0,0,66.66,20,7.70,154,8,team1,616be67b65ff323064b6bf0b
6,sam billings,c umar akmal b anwar ali,7,8,8,1,0,87.50,20,7.70,154,8,team1,616be67b65ff323064b6bf0b
7,chris woakes,c umar akmal b sohail tanvir,37,24,31,1,3,154.16,20,7.70,154,8,team1,616be67b65ff323064b6bf0b
8,david willey,not out,3,2,4,0,0,150.00,20,7.70,154,8,team1,616be67b65ff323064b6bf0b
9,chris jordan,not out,0,0,1,0,0,-,20,7.70,154,8,team1,616be67b65ff323064b6bf0b
10,ahmed shehzad,b willey,4,5,3,1,0,80.00,20,7.70,154,7,team2,616be67b65ff323064b6bf0b
11,rafatullah mohmand,lbw b willey,0,1,17,0,0,0.00,20,7.70,154,7,team2,616be67b65ff323064b6bf0b
12,mohammad hafeez,run out (vince/morgan),1,1,6,0,0,100.00,20,7.70,154,7,team2,616be67b65ff323064b6bf0b
13,shoaib malik,c billings b woakes,75,54,89,8,2,138.88,20,7.70,154,7,team2,616be67b65ff323064b6bf0b
14,mohammad rizwan †,c & b rashid,24,23,27,4,0,104.34,20,7.70,154,7,team2,616be67b65ff323064b6bf0b
15,umar akmal,c jordan b ali,4,9,10,0,0,44.44,20,7.70,154,7,team2,616be67b65ff323064b6bf0b
16,shahid afridi (c),b willey,29,20,28,0,3,145.00,20,7.70,154,7,team2,616be67b65ff323064b6bf0b
17,sohail tanvir,not out,10,7,20,0,1,142.85,20,7.70,154,7,team2,616be67b65ff323064b6bf0b
18,anwar ali,not out,0,0,3,0,0,-,20,7.70,154,7,team2,616be67b65ff323064b6bf0b
