,player,batting,r,b,m,4s,6s,sr,overs,run_rate,total_run,wickets,team,id
0,lou vincent,c silva b fernando,14,16,21,1,0,87.50,20,8.19,164,7,team1,616be07165ff323064b6bd42
1,brendon mccullum †,c malinga b fernando,10,12,16,0,0,83.33,20,8.19,164,7,team1,616be07165ff323064b6bd42
2,peter fulton,c malinga b wijekoon,25,19,27,1,2,131.57,20,8.19,164,7,team1,616be07165ff323064b6bd42
3,ross taylor,c †sangakkara b malinga,62,43,59,3,3,144.18,20,8.19,164,7,team1,616be07165ff323064b6bd42
4,scott styris,lbw b jayasuriya,2,3,3,0,0,66.66,20,8.19,164,7,team1,616be07165ff323064b6bd42
5,craig mcmillan,run out (silva/malinga),2,5,6,0,0,40.00,20,8.19,164,7,team1,616be07165ff323064b6bd42
6,jacob oram,not out,33,19,30,2,2,173.68,20,8.19,164,7,team1,616be07165ff323064b6bd42
7,daniel vettori (c),run out (fernando/wijekoon),3,3,4,0,0,100.00,20,8.19,164,7,team1,616be07165ff323064b6bd42
8,upul tharanga,c martin b vettori,37,25,31,2,2,148.00,18.5,8.92,168,3,team2,616be07165ff323064b6bd42
9,sanath jayasuriya,c fulton b vettori,61,44,-,6,3,138.63,18.5,8.92,168,3,team2,616be07165ff323064b6bd42
10,kumar sangakkara †,c taylor b styris,14,19,15,1,0,73.68,18.5,8.92,168,3,team2,616be07165ff323064b6bd42
11,mahela jayawardene (c),not out,35,18,-,4,1,194.44,18.5,8.92,168,3,team2,616be07165ff323064b6bd42
12,chamara silva,not out,9,7,-,1,0,128.57,18.5,8.92,168,3,team2,616be07165ff323064b6bd42
