,player,batting,r,b,m,4s,6s,sr,overs,run_rate,total_run,wickets,team,id
0,michael lumb,lbw b ashwin,1,10,15,0,0,10.00,20,7.85,157,6,team1,616be3ab65ff323064b6be4b
1,alex hales,b yuvraj singh,56,35,52,7,2,160.00,20,7.85,157,6,team1,616be3ab65ff323064b6be4b
2,luke wright,c rahane b yuvraj singh,34,21,29,3,1,161.90,20,7.85,157,6,team1,616be3ab65ff323064b6be4b
3,eoin morgan (c),c rahane b yuvraj singh,5,9,9,0,0,55.55,20,7.85,157,6,team1,616be3ab65ff323064b6be4b
4,samit patel,c rahane b dinda,24,22,21,1,1,109.09,20,7.85,157,6,team1,616be3ab65ff323064b6be4b
5,jos buttler †,not out,33,21,28,0,3,157.14,20,7.85,157,6,team1,616be3ab65ff323064b6be4b
6,tim bresnan,c kohli b dinda,0,1,3,0,0,0.00,20,7.85,157,6,team1,616be3ab65ff323064b6be4b
7,james tredwell,not out,1,1,6,0,0,100.00,20,7.85,157,6,team1,616be3ab65ff323064b6be4b
8,gautam gambhir,c hales b bresnan,16,16,23,3,0,100.00,17.5,8.85,158,5,team2,616be3ab65ff323064b6be4b
9,ajinkya rahane,c patel b bresnan,19,13,25,0,2,146.15,17.5,8.85,158,5,team2,616be3ab65ff323064b6be4b
10,virat kohli,b meaker,21,17,35,2,0,123.52,17.5,8.85,158,5,team2,616be3ab65ff323064b6be4b
11,yuvraj singh,c meaker b wright,38,21,21,2,3,180.95,17.5,8.85,158,5,team2,616be3ab65ff323064b6be4b
12,suresh raina,run out (morgan),26,19,36,1,1,136.84,17.5,8.85,158,5,team2,616be3ab65ff323064b6be4b
13,ms dhoni (c)†,not out,24,21,29,2,0,114.28,17.5,8.85,158,5,team2,616be3ab65ff323064b6be4b
14,ravindra jadeja,not out,0,0,3,0,0,-,17.5,8.85,158,5,team2,616be3ab65ff323064b6be4b
