,player,batting,r,b,m,4s,6s,sr,overs,run_rate,total_run,wickets,team,id
0,dwayne smith,c †kieswetter b finn,70,54,62,5,5,129.62,20,8.60,172,4,team1,616be30465ff323064b6be1c
1,chris gayle,c bairstow b finn,2,8,13,0,0,25.00,20,8.60,172,4,team1,616be30465ff323064b6be1c
2,lendl simmons,c bairstow b broad,6,5,12,1,0,120.00,20,8.60,172,4,team1,616be30465ff323064b6be1c
3,marlon samuels,c †kieswetter b swann,4,4,6,1,0,100.00,20,8.60,172,4,team1,616be30465ff323064b6be1c
4,dwayne bravo,not out,54,36,56,1,3,150.00,20,8.60,172,4,team1,616be30465ff323064b6be1c
5,kieron pollard,not out,23,13,25,1,2,176.92,20,8.60,172,4,team1,616be30465ff323064b6be1c
6,craig kieswetter †,c smith b rampaul,3,7,12,0,0,42.85,19.4,8.79,173,3,team2,616be30465ff323064b6be1c
7,alex hales,b rampaul,99,68,84,6,4,145.58,19.4,8.79,173,3,team2,616be30465ff323064b6be1c
8,ravi bopara,c edwards b samuels,59,44,75,4,1,134.09,19.4,8.79,173,3,team2,616be30465ff323064b6be1c
9,eoin morgan,not out,2,1,5,0,0,200.00,19.4,8.79,173,3,team2,616be30465ff323064b6be1c
10,jos buttler,not out,0,0,2,0,0,-,19.4,8.79,173,3,team2,616be30465ff323064b6be1c
