,player,batting,r,b,m,4s,6s,sr,overs,run_rate,total_run,wickets,team,id
0,mohammad shahzad †,b cremer,33,17,-,2,3,194.11,20,9.35,187,7,team1,616be67b65ff323064b6bf0d
1,usman ghani,c moor b sikandar raza,42,38,-,5,1,110.52,20,9.35,187,7,team1,616be67b65ff323064b6bf0d
2,asghar afghan (c),c sikandar raza b cremer,8,8,-,0,1,100.00,20,9.35,187,7,team1,616be67b65ff323064b6bf0d
3,karim sadiq,c chibhabha b cremer,16,17,-,2,0,94.11,20,9.35,187,7,team1,616be67b65ff323064b6bf0d
4,mohammad nabi,c sikandar raza b chisoro,26,11,-,1,3,236.36,20,9.35,187,7,team1,616be67b65ff323064b6bf0d
5,gulbadin naib,run out (†mutumbami),37,20,-,2,3,185.00,20,9.35,187,7,team1,616be67b65ff323064b6bf0d
6,najibullah zadran,b jongwe,1,2,-,0,0,50.00,20,9.35,187,7,team1,616be67b65ff323064b6bf0d
7,mirwais ashraf,not out,1,2,-,0,0,50.00,20,9.35,187,7,team1,616be67b65ff323064b6bf0d
8,rashid khan,not out,14,5,-,1,1,280.00,20,9.35,187,7,team1,616be67b65ff323064b6bf0d
9,peter moor,c najibullah zadran b dawlat zadran,2,3,-,0,0,66.66,20,9.10,182,7,team2,616be67b65ff323064b6bf0d
10,hamilton masakadza,b mohammad nabi,33,24,-,3,2,137.50,20,9.10,182,7,team2,616be67b65ff323064b6bf0d
11,chamu chibhabha,c rashid khan b dawlat zadran,18,10,-,3,0,180.00,20,9.10,182,7,team2,616be67b65ff323064b6bf0d
12,richmond mutumbami †,c mohammad nabi b gulbadin naib,19,17,-,1,2,111.76,20,9.10,182,7,team2,616be67b65ff323064b6bf0d
13,malcolm waller,not out,49,37,-,2,2,132.43,20,9.10,182,7,team2,616be67b65ff323064b6bf0d
14,sikandar raza,st †mohammad shahzad b amir hamza,19,19,-,1,1,100.00,20,9.10,182,7,team2,616be67b65ff323064b6bf0d
15,elton chigumbura (c),run out (gulbadin naib/†mohammad shahzad),8,7,-,0,1,114.28,20,9.10,182,7,team2,616be67b65ff323064b6bf0d
16,luke jongwe,c gulbadin naib b dawlat zadran,11,5,-,1,1,220.00,20,9.10,182,7,team2,616be67b65ff323064b6bf0d
