,player,batting,r,b,m,4s,6s,sr,overs,run_rate,total_run,wickets,team,id
0,ravi bopara,lbw b gayle,55,47,61,5,0,117.02,20,8.04,161,6,team1,616be1b665ff323064b6bd94
1,luke wright,c †ramdin b pollard,6,6,5,1,0,100.00,20,8.04,161,6,team1,616be1b665ff323064b6bd94
2,kevin pietersen,c fletcher b simmons,31,19,23,5,0,163.15,20,8.04,161,6,team1,616be1b665ff323064b6bd94
3,owais shah,c fletcher b bravo,18,15,14,1,1,120.00,20,8.04,161,6,team1,616be1b665ff323064b6bd94
4,paul collingwood (c),lbw b bravo,11,10,18,0,0,110.00,20,8.04,161,6,team1,616be1b665ff323064b6bd94
5,james foster †,c pollard b benn,13,12,14,0,0,108.33,20,8.04,161,6,team1,616be1b665ff323064b6bd94
6,graeme swann,not out,10,9,12,0,0,111.11,20,8.04,161,6,team1,616be1b665ff323064b6bd94
7,stuart broad,not out,10,2,2,1,1,500.00,20,8.04,161,6,team1,616be1b665ff323064b6bd94
8,chris gayle (c),b sidebottom,15,8,9,3,0,187.50,8.2,9.84,82,5,team2,616be1b665ff323064b6bd94
9,andre fletcher,c †foster b anderson,0,3,4,0,0,0.00,8.2,9.84,82,5,team2,616be1b665ff323064b6bd94
10,lendl simmons,c sidebottom b broad,0,1,6,0,0,0.00,8.2,9.84,82,5,team2,616be1b665ff323064b6bd94
11,dwayne bravo,st †foster b swann,18,13,16,1,1,138.46,8.2,9.84,82,5,team2,616be1b665ff323064b6bd94
12,kieron pollard,b rashid,9,6,10,0,1,150.00,8.2,9.84,82,5,team2,616be1b665ff323064b6bd94
13,shivnarine chanderpaul,not out,17,10,23,1,0,170.00,8.2,9.84,82,5,team2,616be1b665ff323064b6bd94
14,ramnaresh sarwan,not out,19,9,15,3,0,211.11,8.2,9.84,82,5,team2,616be1b665ff323064b6bd94
