,player,batting,r,b,m,4s,6s,sr,overs,run_rate,total_run,wickets,team,id
0,gautam gambhir,c †bb mccullum b butler,10,13,29,0,1,76.92,20,7.45,149,6,team1,616be0ff65ff323064b6bd7a
1,virender sehwag,c vettori b o'brien,24,11,15,5,0,218.18,20,7.45,149,6,team1,616be0ff65ff323064b6bd7a
2,suresh raina,c southee b butler,0,4,4,0,0,0.00,20,7.45,149,6,team1,616be0ff65ff323064b6bd7a
3,yuvraj singh,c oram b o'brien,50,34,33,3,4,147.05,20,7.45,149,6,team1,616be0ff65ff323064b6bd7a
4,ms dhoni (c)†,not out,28,30,57,2,0,93.33,20,7.45,149,6,team1,616be0ff65ff323064b6bd7a
5,yusuf pathan,b vettori,0,2,3,0,0,0.00,20,7.45,149,6,team1,616be0ff65ff323064b6bd7a
6,ravindra jadeja,c guptill b southee,19,16,14,1,1,118.75,20,7.45,149,6,team1,616be0ff65ff323064b6bd7a
7,irfan pathan,not out,15,10,13,0,1,150.00,20,7.45,149,6,team1,616be0ff65ff323064b6bd7a
8,jesse ryder,b khan,26,15,22,3,2,173.33,20,7.50,150,5,team2,616be0ff65ff323064b6bd7a
9,brendon mccullum †,not out,69,55,94,8,1,125.45,20,7.50,150,5,team2,616be0ff65ff323064b6bd7a
10,martin guptill,lbw b harbhajan singh,10,19,15,1,0,52.63,20,7.50,150,5,team2,616be0ff65ff323064b6bd7a
11,ross taylor,b ik pathan,27,25,35,2,0,108.00,20,7.50,150,5,team2,616be0ff65ff323064b6bd7a
12,jacob oram,c †dhoni b ik pathan,0,1,1,0,0,0.00,20,7.50,150,5,team2,616be0ff65ff323064b6bd7a
13,neil broom,c ik pathan b yuvraj singh,5,3,5,1,0,166.66,20,7.50,150,5,team2,616be0ff65ff323064b6bd7a
14,nathan mccullum,not out,1,2,11,0,0,50.00,20,7.50,150,5,team2,616be0ff65ff323064b6bd7a
