,player,batting,r,b,m,4s,6s,sr,overs,run_rate,total_run,wickets,team,id
0,sagar pun,c thompson b mooney,20,18,20,3,0,111.11,14.3,3.65,53,10,team1,616be5d165ff323064b6bee3
1,anil mandal,c kj o'brien b cusack,2,9,6,0,0,22.22,14.3,3.65,53,10,team1,616be5d165ff323064b6bee3
2,pradeep airee,lbw b mooney,0,1,4,0,0,0.00,14.3,3.65,53,10,team1,616be5d165ff323064b6bee3
3,paras khadka (c),b young,10,16,22,1,0,62.50,14.3,3.65,53,10,team1,616be5d165ff323064b6bee3
4,gyanendra malla,c thompson b kj o'brien,2,7,9,0,0,28.57,14.3,3.65,53,10,team1,616be5d165ff323064b6bee3
5,sharad vesawkar,c †wilson b kj o'brien,6,10,13,0,0,60.00,14.3,3.65,53,10,team1,616be5d165ff323064b6bee3
6,rajesh pulami,lbw b thompson,6,15,20,0,0,40.00,14.3,3.65,53,10,team1,616be5d165ff323064b6bee3
7,binod bhandari †,b kj o'brien,0,1,1,0,0,0.00,14.3,3.65,53,10,team1,616be5d165ff323064b6bee3
8,basant regmi,c †wilson b thompson,2,4,10,0,0,50.00,14.3,3.65,53,10,team1,616be5d165ff323064b6bee3
9,sompal kami,not out,0,5,6,0,0,0.00,14.3,3.65,53,10,team1,616be5d165ff323064b6bee3
10,shakti gauchan,c †wilson b thompson,0,2,2,0,0,0.00,14.3,3.65,53,10,team1,616be5d165ff323064b6bee3
11,niall o'brien,b sompal kami,3,6,5,0,0,50.00,8,6.75,54,2,team2,616be5d165ff323064b6bee3
12,paul stirling,b sompal kami,29,21,30,4,1,138.09,8,6.75,54,2,team2,616be5d165ff323064b6bee3
13,william porterfield (c),not out,18,20,26,3,0,90.00,8,6.75,54,2,team2,616be5d165ff323064b6bee3
14,kevin o'brien,not out,1,1,-,0,0,100.00,8,6.75,54,2,team2,616be5d165ff323064b6bee3
