,player,batting,r,b,m,4s,6s,sr,overs,run_rate,total_run,wickets,team,id
0,steve tikolo,c carter b goudie,20,11,17,2,2,181.81,20,9.14,183,7,team1,616be46a65ff323064b6be7b
1,alex obanda,c taylor b sharif,25,17,24,5,0,147.05,20,9.14,183,7,team1,616be46a65ff323064b6be7b
2,nehemiah odhiambo,lbw b haq,26,14,16,3,1,185.71,20,9.14,183,7,team1,616be46a65ff323064b6be7b
3,collins obuya (c),run out (macleod),36,33,60,2,0,109.09,20,9.14,183,7,team1,616be46a65ff323064b6be7b
4,morris ouma †,c coetzer b wardlaw,5,4,4,1,0,125.00,20,9.14,183,7,team1,616be46a65ff323064b6be7b
5,thomas odoyo,lbw b wardlaw,0,1,1,0,0,0.00,20,9.14,183,7,team1,616be46a65ff323064b6be7b
6,rakep patel,c taylor b haq,12,15,20,1,0,80.00,20,9.14,183,7,team1,616be46a65ff323064b6be7b
7,ragheb aga,not out,52,25,25,7,1,208.00,20,9.14,183,7,team1,616be46a65ff323064b6be7b
8,shem ngoche,not out,0,0,2,0,0,-,20,9.14,183,7,team1,616be46a65ff323064b6be7b
9,richie berrington,c ngoche b odhiambo,19,12,13,2,1,158.33,13.2,6.82,91,10,team2,616be46a65ff323064b6be7b
10,calum macleod,run out (patel/varaiya),1,9,29,0,0,11.11,13.2,6.82,91,10,team2,616be46a65ff323064b6be7b
11,matt machan,c & b ngoche,13,6,9,3,0,216.66,13.2,6.82,91,10,team2,616be46a65ff323064b6be7b
12,kyle coetzer (c),b varaiya,15,5,8,2,1,300.00,13.2,6.82,91,10,team2,616be46a65ff323064b6be7b
13,rob taylor,c patel b odoyo,17,13,21,0,2,130.76,13.2,6.82,91,10,team2,616be46a65ff323064b6be7b
14,david murphy †,c patel b tikolo,20,21,26,0,0,95.23,13.2,6.82,91,10,team2,616be46a65ff323064b6be7b
15,gordon goudie,c odoyo b tikolo,1,3,5,0,0,33.33,13.2,6.82,91,10,team2,616be46a65ff323064b6be7b
16,safyaan sharif,c aga b tikolo,0,2,3,0,0,0.00,13.2,6.82,91,10,team2,616be46a65ff323064b6be7b
17,majid haq,not out,0,0,8,0,0,-,13.2,6.82,91,10,team2,616be46a65ff323064b6be7b
18,neil carter,c varaiya b ngoche,1,6,4,0,0,16.66,13.2,6.82,91,10,team2,616be46a65ff323064b6be7b
19,iain wardlaw,c aga b tikolo,1,3,3,0,0,33.33,13.2,6.82,91,10,team2,616be46a65ff323064b6be7b
