,player,batting,r,b,m,4s,6s,sr,overs,run_rate,total_run,wickets,team,id
0,rob nicol,b khan,0,4,4,0,0,0.00,20,8.35,167,5,team1,616be3ab65ff323064b6be2c
1,martin guptill,b pathan,1,5,7,0,0,20.00,20,8.35,167,5,team1,616be3ab65ff323064b6be2c
2,brendon mccullum †,b pathan,91,55,67,11,3,165.45,20,8.35,167,5,team1,616be3ab65ff323064b6be2c
3,kane williamson,c ashwin b pathan,28,26,47,3,0,107.69,20,8.35,167,5,team1,616be3ab65ff323064b6be2c
4,ross taylor (c),not out,25,19,35,0,1,131.57,20,8.35,167,5,team1,616be3ab65ff323064b6be2c
5,james franklin,c yuvraj singh b balaji,1,2,3,0,0,50.00,20,8.35,167,5,team1,616be3ab65ff323064b6be2c
6,jacob oram,not out,18,9,11,3,0,200.00,20,8.35,167,5,team1,616be3ab65ff323064b6be2c
7,gautam gambhir,c & b mills,3,6,12,0,0,50.00,20,8.30,166,4,team2,616be3ab65ff323064b6be2c
8,virat kohli,c sub (tg southee) b franklin,70,41,67,10,1,170.73,20,8.30,166,4,team2,616be3ab65ff323064b6be2c
9,suresh raina,c taylor b mills,27,22,31,2,1,122.72,20,8.30,166,4,team2,616be3ab65ff323064b6be2c
10,yuvraj singh,b franklin,34,26,49,1,2,130.76,20,8.30,166,4,team2,616be3ab65ff323064b6be2c
11,ms dhoni (c)†,not out,22,23,31,2,0,95.65,20,8.30,166,4,team2,616be3ab65ff323064b6be2c
12,rohit sharma,not out,4,2,2,0,0,200.00,20,8.30,166,4,team2,616be3ab65ff323064b6be2c
