,player,batting,r,b,m,4s,6s,sr,overs,run_rate,total_run,wickets,team,id
0,richard levi,b saeed ajmal,8,9,20,1,0,88.88,20,6.65,133,6,team1,616be3ab65ff323064b6be3c
1,hashim amla,c shoaib malik b yasir arafat,6,6,6,1,0,100.00,20,6.65,133,6,team1,616be3ab65ff323064b6be3c
2,jacques kallis,c shahid afridi b mohammad hafeez,12,18,18,0,1,66.66,20,6.65,133,6,team1,616be3ab65ff323064b6be3c
3,jean-paul duminy,c †kamran akmal b yasir arafat,48,38,55,2,2,126.31,20,6.65,133,6,team1,616be3ab65ff323064b6be3c
4,farhaan behardien,st †kamran akmal b mohammad hafeez,18,21,22,2,0,85.71,20,6.65,133,6,team1,616be3ab65ff323064b6be3c
5,ab de villiers (c)†,c imran nazir b umar gul,25,18,20,2,1,138.88,20,6.65,133,6,team1,616be3ab65ff323064b6be3c
6,albie morkel,not out,9,6,14,1,0,150.00,20,6.65,133,6,team1,616be3ab65ff323064b6be3c
7,robin peterson,not out,3,4,7,0,0,75.00,20,6.65,133,6,team1,616be3ab65ff323064b6be3c
8,mohammad hafeez (c),st †de villiers b peterson,15,9,16,2,1,166.66,19.4,6.91,136,8,team2,616be3ab65ff323064b6be3c
9,imran nazir,c †de villiers b steyn,14,11,14,3,0,127.27,19.4,6.91,136,8,team2,616be3ab65ff323064b6be3c
10,nasir jamshed,st †de villiers b peterson,0,2,3,0,0,0.00,19.4,6.91,136,8,team2,616be3ab65ff323064b6be3c
11,kamran akmal †,b botha,1,6,10,0,0,16.66,19.4,6.91,136,8,team2,616be3ab65ff323064b6be3c
12,shoaib malik,c steyn b kallis,12,26,29,1,0,46.15,19.4,6.91,136,8,team2,616be3ab65ff323064b6be3c
13,umar akmal,not out,43,41,66,4,1,104.87,19.4,6.91,136,8,team2,616be3ab65ff323064b6be3c
14,shahid afridi,c ja morkel b duminy,0,1,2,0,0,0.00,19.4,6.91,136,8,team2,616be3ab65ff323064b6be3c
15,yasir arafat,c duminy b steyn,3,5,9,0,0,60.00,19.4,6.91,136,8,team2,616be3ab65ff323064b6be3c
16,umar gul,c peterson b steyn,32,17,29,2,3,188.23,19.4,6.91,136,8,team2,616be3ab65ff323064b6be3c
17,saeed ajmal,not out,4,1,4,1,0,400.00,19.4,6.91,136,8,team2,616be3ab65ff323064b6be3c
