,player,batting,r,b,m,4s,6s,sr,overs,run_rate,total_run,wickets,team,id
0,hamilton masakadza,c nl mccullum b mills,9,7,10,0,1,128.57,20,6.15,123,8,team1,616be30465ff323064b6bdf9
1,chamu chibhabha,c †bb mccullum b mills,9,12,19,2,0,75.00,20,6.15,123,8,team1,616be30465ff323064b6bdf9
2,brendan taylor (c),not out,50,46,73,5,0,108.69,20,6.15,123,8,team1,616be30465ff323064b6bdf9
3,forster mutizwa,lbw b woodcock,16,16,16,1,0,100.00,20,6.15,123,8,team1,616be30465ff323064b6bdf9
4,malcolm waller,c woodcock b nl mccullum,10,10,9,0,1,100.00,20,6.15,123,8,team1,616be30465ff323064b6bdf9
5,charles coventry,c taylor b nl mccullum,10,13,15,1,0,76.92,20,6.15,123,8,team1,616be30465ff323064b6bdf9
6,elton chigumbura,c taylor b bracewell,14,15,16,1,0,93.33,20,6.15,123,8,team1,616be30465ff323064b6bdf9
7,regis chakabva †,c †bb mccullum b oram,0,3,1,0,0,0.00,20,6.15,123,8,team1,616be30465ff323064b6bdf9
8,prosper utseya,run out (oram),1,1,2,0,0,100.00,20,6.15,123,8,team1,616be30465ff323064b6bdf9
9,martin guptill,not out,40,36,54,2,2,111.11,13.3,9.40,127,10,team2,616be30465ff323064b6bdf9
10,brendon mccullum †,not out,81,46,54,5,6,176.08,13.3,9.40,127,10,team2,616be30465ff323064b6bdf9
