,player,batting,r,b,m,4s,6s,sr,overs,run_rate,total_run,wickets,team,id
0,hashim amla,c †barresi b ahsan malik,43,22,20,7,1,195.45,20,7.25,145,9,team1,616be51c65ff323064b6beac
1,quinton de kock †,c myburgh b swart,0,2,4,0,0,0.00,20,7.25,145,9,team1,616be51c65ff323064b6beac
2,faf du plessis (c),c van beek b tlw cooper,24,14,36,3,1,171.42,20,7.25,145,9,team1,616be51c65ff323064b6beac
3,ab de villiers,c bn cooper b van beek,21,21,27,1,0,100.00,20,7.25,145,9,team1,616be51c65ff323064b6beac
4,albie morkel,c bn cooper b ahsan malik,5,11,18,0,0,45.45,20,7.25,145,9,team1,616be51c65ff323064b6beac
5,jean-paul duminy,c †barresi b van der gugten,12,15,21,0,0,80.00,20,7.25,145,9,team1,616be51c65ff323064b6beac
6,david miller,b ahsan malik,17,18,26,0,0,94.44,20,7.25,145,9,team1,616be51c65ff323064b6beac
7,dale steyn,c †barresi b ahsan malik,5,4,6,1,0,125.00,20,7.25,145,9,team1,616be51c65ff323064b6beac
8,beuran hendricks,c borren b ahsan malik,3,4,5,0,0,75.00,20,7.25,145,9,team1,616be51c65ff323064b6beac
9,imran tahir,not out,9,7,9,1,0,128.57,20,7.25,145,9,team1,616be51c65ff323064b6beac
10,lonwabo tsotsobe,not out,1,2,6,0,0,50.00,20,7.25,145,9,team1,616be51c65ff323064b6beac
11,stephan myburgh,b duminy,51,28,34,8,2,182.14,18.4,7.44,139,10,team2,616be51c65ff323064b6beac
12,michael swart,c du plessis b steyn,8,12,25,1,0,66.66,18.4,7.44,139,10,team2,616be51c65ff323064b6beac
13,wesley barresi †,lbw b imran tahir,14,9,13,1,1,155.55,18.4,7.44,139,10,team2,616be51c65ff323064b6beac
14,peter borren (c),lbw b imran tahir,13,10,11,1,1,130.00,18.4,7.44,139,10,team2,616be51c65ff323064b6beac
15,tom cooper,b imran tahir,16,13,23,2,0,123.07,18.4,7.44,139,10,team2,616be51c65ff323064b6beac
16,ben cooper,c †de kock b steyn,5,6,12,0,0,83.33,18.4,7.44,139,10,team2,616be51c65ff323064b6beac
17,mudassar bukhari,c miller b tsotsobe,11,12,23,1,0,91.66,18.4,7.44,139,10,team2,616be51c65ff323064b6beac
18,pieter seelaar,c duminy b imran tahir,2,4,1,0,0,50.00,18.4,7.44,139,10,team2,616be51c65ff323064b6beac
19,logan van beek,run out (miller/†de kock),1,5,12,0,0,20.00,18.4,7.44,139,10,team2,616be51c65ff323064b6beac
20,timm van der gugten,c †de kock b hendricks,8,12,13,0,0,66.66,18.4,7.44,139,10,team2,616be51c65ff323064b6beac
21,ahsan malik,not out,1,1,6,0,0,100.00,18.4,7.44,139,10,team2,616be51c65ff323064b6beac
