,player,batting,r,b,m,4s,6s,sr,overs,run_rate,total_run,wickets,team,id
0,cameron white,c behardien b parnell,24,21,25,3,0,114.28,20,7.19,144,6,team1,616be5d165ff323064b6bec1
1,aaron finch (c),c rossouw b mclaren,14,11,16,2,0,127.27,20,7.19,144,6,team1,616be5d165ff323064b6bec1
2,shane watson,c duminy b abbott,47,36,54,0,3,130.55,20,7.19,144,6,team1,616be5d165ff323064b6bec1
3,ben dunk †,c duminy b imran tahir,2,6,6,0,0,33.33,20,7.19,144,6,team1,616be5d165ff323064b6bec1
4,nathan reardon,c †de kock b abbott,4,8,9,0,0,50.00,20,7.19,144,6,team1,616be5d165ff323064b6bec1
5,james faulkner,not out,41,33,44,1,1,124.24,20,7.19,144,6,team1,616be5d165ff323064b6bec1
6,ben cutting,c miller b abbott,6,6,13,0,0,100.00,20,7.19,144,6,team1,616be5d165ff323064b6bec1
7,pat cummins,not out,0,0,1,0,0,-,20,7.19,144,6,team1,616be5d165ff323064b6bec1
8,reeza hendricks,c †dunk b bollinger,0,3,2,0,0,0.00,19,7.63,145,3,team2,616be5d165ff323064b6bec1
9,quinton de kock †,c white b boyce,46,39,66,4,1,117.94,19,7.63,145,3,team2,616be5d165ff323064b6bec1
10,rilee rossouw,c cutting b cummins,78,50,60,7,3,156.00,19,7.63,145,3,team2,616be5d165ff323064b6bec1
11,jean-paul duminy (c),not out,6,12,17,0,0,50.00,19,7.63,145,3,team2,616be5d165ff323064b6bec1
12,david miller,not out,9,10,16,1,0,90.00,19,7.63,145,3,team2,616be5d165ff323064b6bec1
