,player,batting,r,b,m,4s,6s,sr,overs,run_rate,total_run,wickets,team,id
0,chris gayle (c),b nannes,4,2,1,1,0,200.00,19,5.52,105,10,team1,616be25c65ff323064b6bdd4
1,shivnarine chanderpaul,c dj hussey b johnson,24,18,24,4,0,133.33,19,5.52,105,10,team1,616be25c65ff323064b6bdd4
2,ramnaresh sarwan,c warner b dj hussey,26,31,58,2,0,83.87,19,5.52,105,10,team1,616be25c65ff323064b6bdd4
3,dwayne bravo,run out (johnson),6,9,10,0,0,66.66,19,5.52,105,10,team1,616be25c65ff323064b6bdd4
4,narsingh deonarine,c mek hussey b smith,0,2,2,0,0,0.00,19,5.52,105,10,team1,616be25c65ff323064b6bdd4
5,denesh ramdin †,c †haddin b johnson,1,2,1,0,0,50.00,19,5.52,105,10,team1,616be25c65ff323064b6bdd4
6,kieron pollard,st †haddin b smith,13,14,7,1,1,92.85,19,5.52,105,10,team1,616be25c65ff323064b6bdd4
7,daren sammy,c & b smith,0,1,1,0,0,0.00,19,5.52,105,10,team1,616be25c65ff323064b6bdd4
8,jerome taylor,c johnson b dj hussey,3,7,6,0,0,42.85,19,5.52,105,10,team1,616be25c65ff323064b6bdd4
9,nikita miller,not out,10,13,19,0,0,76.92,19,5.52,105,10,team1,616be25c65ff323064b6bdd4
10,sulieman benn,b watson,9,16,17,0,1,56.25,19,5.52,105,10,team1,616be25c65ff323064b6bdd4
11,david warner,c gayle b taylor,25,12,14,4,1,208.33,16.2,6.67,109,4,team2,616be25c65ff323064b6bdd4
12,shane watson,b benn,5,7,15,0,0,71.42,16.2,6.67,109,4,team2,616be25c65ff323064b6bdd4
13,michael clarke (c),run out (bravo),16,24,31,0,0,66.66,16.2,6.67,109,4,team2,616be25c65ff323064b6bdd4
14,brad haddin †,c sammy b gayle,42,46,46,5,0,91.30,16.2,6.67,109,4,team2,616be25c65ff323064b6bdd4
15,david hussey,not out,10,9,18,1,0,111.11,16.2,6.67,109,4,team2,616be25c65ff323064b6bdd4
16,cameron white,not out,0,0,1,0,0,-,16.2,6.67,109,4,team2,616be25c65ff323064b6bdd4
