,player,batting,r,b,m,4s,6s,sr,overs,run_rate,total_run,wickets,team,id
0,johnson charles,c bairstow b dernbach,84,56,77,10,3,150.00,20,8.94,179,5,team1,616be3ab65ff323064b6be3b
1,chris gayle,c finn b swann,58,35,46,6,4,165.71,20,8.94,179,5,team1,616be3ab65ff323064b6be3b
2,marlon samuels,c morgan b broad,2,8,13,0,0,25.00,20,8.94,179,5,team1,616be3ab65ff323064b6be3b
3,kieron pollard,c wright b finn,1,5,9,0,0,20.00,20,8.94,179,5,team1,616be3ab65ff323064b6be3b
4,dwayne bravo,not out,11,8,17,2,0,137.50,20,8.94,179,5,team1,616be3ab65ff323064b6be3b
5,daren sammy (c),b broad,4,3,4,0,0,133.33,20,8.94,179,5,team1,616be3ab65ff323064b6be3b
6,andre russell,not out,10,5,7,2,0,200.00,20,8.94,179,5,team1,616be3ab65ff323064b6be3b
7,craig kieswetter †,c pollard b rampaul,0,2,2,0,0,0.00,20,8.19,164,4,team2,616be3ab65ff323064b6be3b
8,alex hales,st †ramdin b samuels,68,51,80,5,2,133.33,20,8.19,164,4,team2,616be3ab65ff323064b6be3b
9,luke wright,c gayle b rampaul,0,1,2,0,0,0.00,20,8.19,164,4,team2,616be3ab65ff323064b6be3b
10,jonny bairstow,c pollard b gayle,18,29,32,2,0,62.06,20,8.19,164,4,team2,616be3ab65ff323064b6be3b
11,eoin morgan,not out,71,36,46,4,5,197.22,20,8.19,164,4,team2,616be3ab65ff323064b6be3b
12,jos buttler,not out,1,1,2,0,0,100.00,20,8.19,164,4,team2,616be3ab65ff323064b6be3b
