,player,batting,r,b,m,4s,6s,sr,overs,run_rate,total_run,wickets,team,id
0,stephan myburgh,c porterfield b johnston,2,12,-,0,0,16.66,20,5.69,114,7,team1,616be30465ff323064b6be14
1,michael swart,b rankin,3,6,-,0,0,50.00,20,5.69,114,7,team1,616be30465ff323064b6be14
2,alexei kervezee,c & b dockrell,56,48,-,3,1,116.66,20,5.69,114,7,team1,616be30465ff323064b6be14
3,tom cooper,lbw b o'brien,26,24,-,2,1,108.33,20,5.69,114,7,team1,616be30465ff323064b6be14
4,wesley barresi †,run out (stirling/dockrell),6,16,-,0,0,37.50,20,5.69,114,7,team1,616be30465ff323064b6be14
5,mudassar bukhari,c †wilson b o'brien,5,3,-,1,0,166.66,20,5.69,114,7,team1,616be30465ff323064b6be14
6,peter borren (c),c rankin b stirling,7,9,-,0,0,77.77,20,5.69,114,7,team1,616be30465ff323064b6be14
7,tom de grooth,not out,2,3,-,0,0,66.66,20,5.69,114,7,team1,616be30465ff323064b6be14
8,william porterfield (c),c cooper b seelaar,17,18,-,2,0,94.44,16.4,6.90,115,3,team2,616be30465ff323064b6be14
9,paul stirling,lbw b swart,33,26,-,4,0,126.92,16.4,6.90,115,3,team2,616be30465ff323064b6be14
10,ed joyce,not out,25,33,-,1,0,75.75,16.4,6.90,115,3,team2,616be30465ff323064b6be14
11,gary wilson †,c borren b swart,0,1,-,0,0,0.00,16.4,6.90,115,3,team2,616be30465ff323064b6be14
12,kevin o'brien,not out,30,22,-,1,3,136.36,16.4,6.90,115,3,team2,616be30465ff323064b6be14
