,player,batting,r,b,m,4s,6s,sr,overs,run_rate,total_run,wickets,team,id
0,tamim iqbal,c mendis b kulasekara,2,4,4,0,0,50.00,19.5,6.05,120,10,team1,616be51c65ff323064b6be8f
1,shamsur rahman,c chandimal b dilshan,1,3,2,0,0,33.33,19.5,6.05,120,10,team1,616be51c65ff323064b6be8f
2,anamul haque †,c mdkj perera b senanayake,24,17,21,2,2,141.17,19.5,6.05,120,10,team1,616be51c65ff323064b6be8f
3,shakib al hasan,c kulasekara b senanayake,12,6,7,3,0,200.00,19.5,6.05,120,10,team1,616be51c65ff323064b6be8f
4,nasir hossain,c chandimal b mendis,8,13,18,0,0,61.53,19.5,6.05,120,10,team1,616be51c65ff323064b6be8f
5,sabbir rahman,c kulasekara b malinga,26,36,61,2,0,72.22,19.5,6.05,120,10,team1,616be51c65ff323064b6be8f
6,mahmudullah,run out (dilshan),9,10,11,1,0,90.00,19.5,6.05,120,10,team1,616be51c65ff323064b6be8f
7,farhad reza,c chandimal b kulasekara,9,14,15,0,0,64.28,19.5,6.05,120,10,team1,616be51c65ff323064b6be8f
8,mashrafe mortaza (c),b malinga,17,10,10,4,0,170.00,19.5,6.05,120,10,team1,616be51c65ff323064b6be8f
9,arafat sunny,c chandimal b malinga,5,6,11,1,0,83.33,19.5,6.05,120,10,team1,616be51c65ff323064b6be8f
10,rubel hossain,not out,0,0,1,0,0,-,19.5,6.05,120,10,team1,616be51c65ff323064b6be8f
11,kusal perera,lbw b shakib al hasan,21,18,13,3,1,116.66,20,6.15,123,7,team2,616be51c65ff323064b6be8f
12,tillakaratne dilshan,b arafat sunny,3,6,16,0,0,50.00,20,6.15,123,7,team2,616be51c65ff323064b6be8f
13,dinesh chandimal (c),lbw b mahmudullah,3,8,11,0,0,37.50,20,6.15,123,7,team2,616be51c65ff323064b6be8f
14,kumar sangakkara †,c tamim iqbal b rubel hossain,37,38,59,1,1,97.36,20,6.15,123,7,team2,616be51c65ff323064b6be8f
15,angelo perera,b mashrafe mortaza,4,8,8,0,0,50.00,20,6.15,123,7,team2,616be51c65ff323064b6be8f
16,angelo mathews,c †anamul haque b mashrafe mortaza,2,3,4,0,0,66.66,20,6.15,123,7,team2,616be51c65ff323064b6be8f
17,nuwan kulasekara,run out (mahmudullah/†anamul haque),2,3,6,0,0,66.66,20,6.15,123,7,team2,616be51c65ff323064b6be8f
18,thisara perera,not out,35,28,52,3,0,125.00,20,6.15,123,7,team2,616be51c65ff323064b6be8f
19,sachithra senanayake,not out,12,9,22,1,0,133.33,20,6.15,123,7,team2,616be51c65ff323064b6be8f
