,player,batting,r,b,m,4s,6s,sr,overs,run_rate,total_run,wickets,team,id
0,kusal perera,c †ronchi b boult,16,8,8,2,1,200.00,19.2,6.15,119,10,team1,616be5d165ff323064b6beb5
1,tillakaratne dilshan,c †ronchi b boult,8,11,17,1,0,72.72,19.2,6.15,119,10,team1,616be5d165ff323064b6beb5
2,mahela jayawardene,b nl mccullum,25,32,56,2,0,78.12,19.2,6.15,119,10,team1,616be5d165ff323064b6beb5
3,kumar sangakkara †,c anderson b boult,4,11,9,1,0,36.36,19.2,6.15,119,10,team1,616be5d165ff323064b6beb5
4,lahiru thirimanne,c guptill b neesham,20,18,21,3,0,111.11,19.2,6.15,119,10,team1,616be5d165ff323064b6beb5
5,angelo mathews,c †ronchi b mcclenaghan,6,10,10,0,0,60.00,19.2,6.15,119,10,team1,616be5d165ff323064b6beb5
6,thisara perera,c williamson b mills,16,13,20,3,0,123.07,19.2,6.15,119,10,team1,616be5d165ff323064b6beb5
7,nuwan kulasekara,c nl mccullum b mcclenaghan,0,1,3,0,0,0.00,19.2,6.15,119,10,team1,616be5d165ff323064b6beb5
8,sachithra senanayake,c williamson b neesham,17,11,17,1,1,154.54,19.2,6.15,119,10,team1,616be5d165ff323064b6beb5
9,rangana herath,not out,1,1,6,0,0,100.00,19.2,6.15,119,10,team1,616be5d165ff323064b6beb5
10,lasith malinga (c),b neesham,0,1,1,0,0,0.00,19.2,6.15,119,10,team1,616be5d165ff323064b6beb5
11,martin guptill,run out (herath/†sangakkara),5,9,13,0,0,55.55,15.3,3.87,60,10,team2,616be5d165ff323064b6beb5
12,kane williamson,run out (mathews/herath),42,43,69,6,0,97.67,15.3,3.87,60,10,team2,616be5d165ff323064b6beb5
13,brendon mccullum (c),st †sangakkara b herath,0,5,4,0,0,0.00,15.3,3.87,60,10,team2,616be5d165ff323064b6beb5
14,ross taylor,lbw b herath,0,5,8,0,0,0.00,15.3,3.87,60,10,team2,616be5d165ff323064b6beb5
15,james neesham,b herath,0,1,1,0,0,0.00,15.3,3.87,60,10,team2,616be5d165ff323064b6beb5
16,luke ronchi †,lbw b herath,2,4,5,0,0,50.00,15.3,3.87,60,10,team2,616be5d165ff323064b6beb5
17,nathan mccullum,c mathews b senanayake,2,9,7,0,0,22.22,15.3,3.87,60,10,team2,616be5d165ff323064b6beb5
18,kyle mills,lbw b senanayake,4,9,14,1,0,44.44,15.3,3.87,60,10,team2,616be5d165ff323064b6beb5
19,trent boult,c jayawardene b herath,3,8,10,0,0,37.50,15.3,3.87,60,10,team2,616be5d165ff323064b6beb5
20,mitchell mcclenaghan,not out,0,0,1,0,0,-,15.3,3.87,60,10,team2,616be5d165ff323064b6beb5
21,corey anderson,absent hurt,-,-,-,-,-,-,15.3,3.87,60,10,team2,616be5d165ff323064b6beb5
