,player,batting,r,b,m,4s,6s,sr,overs,run_rate,total_run,wickets,team,id
0,ruvindu gunasekera,c stirling b dockrell,26,33,-,2,0,78.78,20,5.30,106,8,team1,616be30465ff323064b6be12
1,hiral patel,c stirling b johnston,0,3,-,0,0,0.00,20,5.30,106,8,team1,616be30465ff323064b6be12
2,nitish kumar,c †wilson b johnston,17,15,-,3,0,113.33,20,5.30,106,8,team1,616be30465ff323064b6be12
3,jimmy hansra,b dockrell,1,4,-,0,0,25.00,20,5.30,106,8,team1,616be30465ff323064b6be12
4,rizwan cheema (c),c dockrell b sorensen,5,11,-,0,0,45.45,20,5.30,106,8,team1,616be30465ff323064b6be12
5,tyson gordon,c o'brien b dockrell,23,26,-,3,0,88.46,20,5.30,106,8,team1,616be30465ff323064b6be12
6,harvir baidwan,b sorensen,6,9,-,0,0,66.66,20,5.30,106,8,team1,616be30465ff323064b6be12
7,rustam bhatti †,c †wilson b sorensen,8,7,-,1,0,114.28,20,5.30,106,8,team1,616be30465ff323064b6be12
8,junaid siddiqui,not out,7,8,-,0,0,87.50,20,5.30,106,8,team1,616be30465ff323064b6be12
9,henry osinde,not out,5,4,-,1,0,125.00,20,5.30,106,8,team1,616be30465ff323064b6be12
10,william porterfield (c),not out,42,25,-,8,0,168.00,9.3,11.47,109,10,team2,616be30465ff323064b6be12
11,paul stirling,not out,61,32,-,9,3,190.62,9.3,11.47,109,10,team2,616be30465ff323064b6be12
