,player,batting,r,b,m,4s,6s,sr,overs,run_rate,total_run,wickets,team,id
0,rahil ahmed,c & b karan kc,13,16,-,0,0,81.25,20,7.45,149,6,team1,616be5d165ff323064b6bed8
1,stephan myburgh,not out,71,56,-,5,2,126.78,20,7.45,149,6,team1,616be5d165ff323064b6bed8
2,ben cooper,c khadka b sagar pun,8,7,-,0,1,114.28,20,7.45,149,6,team1,616be5d165ff323064b6bed8
3,wesley barresi †,st †khakurel b gauchan,14,13,-,1,0,107.69,20,7.45,149,6,team1,616be5d165ff323064b6bed8
4,peter borren (c),c vesawkar b regmi,19,9,-,2,1,211.11,20,7.45,149,6,team1,616be5d165ff323064b6bed8
5,pieter seelaar,run out (khadka/†khakurel),6,8,-,0,0,75.00,20,7.45,149,6,team1,616be5d165ff323064b6bed8
6,max o'dowd,c malla b karan kc,3,6,-,0,0,50.00,20,7.45,149,6,team1,616be5d165ff323064b6bed8
7,timm van der gugten,not out,12,5,-,1,1,240.00,20,7.45,149,6,team1,616be5d165ff323064b6bed8
8,sagar pun,run out (o'dowd),5,9,-,0,0,55.55,20,6.54,131,9,team2,616be5d165ff323064b6bed8
9,subash khakurel †,c o'dowd b seelaar,14,27,-,0,0,51.85,20,6.54,131,9,team2,616be5d165ff323064b6bed8
10,gyanendra malla,c borren b van schelven,17,19,-,3,0,89.47,20,6.54,131,9,team2,616be5d165ff323064b6bed8
11,paras khadka (c),run out (ahsan malik/van der gugten),36,28,-,2,0,128.57,20,6.54,131,9,team2,616be5d165ff323064b6bed8
12,binod bhandari,c ahsan malik b borren,1,7,-,0,0,14.28,20,6.54,131,9,team2,616be5d165ff323064b6bed8
13,sharad vesawkar,c van schelven b ahsan malik,24,16,-,1,1,150.00,20,6.54,131,9,team2,616be5d165ff323064b6bed8
14,pradeep airee,c borren b ahsan malik,18,9,-,3,0,200.00,20,6.54,131,9,team2,616be5d165ff323064b6bed8
15,basant regmi,c †barresi b ahsan malik,0,1,-,0,0,0.00,20,6.54,131,9,team2,616be5d165ff323064b6bed8
16,karan kc,not out,1,1,-,0,0,100.00,20,6.54,131,9,team2,616be5d165ff323064b6bed8
17,sompal kami,b ahsan malik,3,3,-,0,0,100.00,20,6.54,131,9,team2,616be5d165ff323064b6bed8
