,player,batting,r,b,m,4s,6s,sr,overs,run_rate,total_run,wickets,team,id
0,nasir jamshed,c ontong b tsotsobe,13,13,14,2,0,100.00,20,9.75,195,7,team1,616be46a65ff323064b6be5a
1,ahmed shehzad,run out (morris/ontong),46,25,51,6,2,184.00,20,9.75,195,7,team1,616be46a65ff323064b6be5a
2,mohammad hafeez (c),hit wicket b kleinveldt,86,51,65,9,4,168.62,20,9.75,195,7,team1,616be46a65ff323064b6be5a
3,umar akmal,c du plessis b morris,11,6,17,1,0,183.33,20,9.75,195,7,team1,616be46a65ff323064b6be5a
4,shoaib malik,c miller b kleinveldt,7,5,15,1,0,140.00,20,9.75,195,7,team1,616be46a65ff323064b6be5a
5,shahid afridi,not out,19,13,16,3,0,146.15,20,9.75,195,7,team1,616be46a65ff323064b6be5a
6,kamran akmal †,c peterson b morris,1,3,4,0,0,33.33,20,9.75,195,7,team1,616be46a65ff323064b6be5a
7,umar gul,c behardien b abbott,1,4,7,0,0,25.00,20,9.75,195,7,team1,616be46a65ff323064b6be5a
8,saeed ajmal,not out,0,0,2,0,0,-,20,9.75,195,7,team1,616be46a65ff323064b6be5a
9,ab de villiers †,b mohammad irfan,36,22,30,4,2,163.63,12.2,8.10,100,10,team2,616be46a65ff323064b6be5a
10,henry davids,c saeed ajmal b junaid khan,7,6,10,1,0,116.66,12.2,8.10,100,10,team2,616be46a65ff323064b6be5a
11,faf du plessis (c),c †kamran akmal b umar gul,6,4,12,0,0,150.00,12.2,8.10,100,10,team2,616be46a65ff323064b6be5a
12,chris morris,c saeed ajmal b umar gul,0,1,1,0,0,0.00,12.2,8.10,100,10,team2,616be46a65ff323064b6be5a
13,justin ontong,lbw b umar gul,0,1,2,0,0,0.00,12.2,8.10,100,10,team2,616be46a65ff323064b6be5a
14,farhaan behardien,c ahmed shehzad b umar gul,0,1,6,0,0,0.00,12.2,8.10,100,10,team2,616be46a65ff323064b6be5a
15,david miller,c ahmed shehzad b mohammad hafeez,9,15,17,0,0,60.00,12.2,8.10,100,10,team2,616be46a65ff323064b6be5a
16,robin peterson,c shahid afridi b mohammad hafeez,13,14,23,1,0,92.85,12.2,8.10,100,10,team2,616be46a65ff323064b6be5a
17,rory kleinveldt,c umar akmal b mohammad hafeez,22,7,8,1,3,314.28,12.2,8.10,100,10,team2,616be46a65ff323064b6be5a
18,kyle abbott,c †kamran akmal b umar gul,2,2,5,0,0,100.00,12.2,8.10,100,10,team2,616be46a65ff323064b6be5a
19,lonwabo tsotsobe,not out,0,1,4,0,0,0.00,12.2,8.10,100,10,team2,616be46a65ff323064b6be5a
