,player,batting,r,b,m,4s,6s,sr,overs,run_rate,total_run,wickets,team,id
0,anton devcich,c shamsur rahman b abdur razzak,59,31,39,10,1,190.32,20,10.19,204,5,team1,616be46a65ff323064b6be75
1,hamish rutherford,c nasir hossain b sohag gazi,17,17,29,1,1,100.00,20,10.19,204,5,team1,616be46a65ff323064b6be75
2,ross taylor,c naeem islam b ziaur rahman,28,25,49,3,0,112.00,20,10.19,204,5,team1,616be46a65ff323064b6be75
3,colin munro,not out,73,39,50,3,5,187.17,20,10.19,204,5,team1,616be46a65ff323064b6be75
4,corey anderson,b al-amin hossain,18,6,8,1,2,300.00,20,10.19,204,5,team1,616be46a65ff323064b6be75
5,luke ronchi †,c & b al-amin hossain,0,2,1,0,0,0.00,20,10.19,204,5,team1,616be46a65ff323064b6be75
6,nathan mccullum,not out,0,0,3,0,0,-,20,10.19,204,5,team1,616be46a65ff323064b6be75
7,shamsur rahman,c mcclenaghan b southee,4,2,1,1,0,200.00,20,9.44,189,9,team2,616be46a65ff323064b6be75
8,ziaur rahman,b southee,6,2,5,0,1,300.00,20,9.44,189,9,team2,616be46a65ff323064b6be75
9,mominul haque,c mills b mcclenaghan,9,6,6,0,1,150.00,20,9.44,189,9,team2,616be46a65ff323064b6be75
10,mushfiqur rahim (c)†,c taylor b anderson,50,29,46,7,1,172.41,20,9.44,189,9,team2,616be46a65ff323064b6be75
11,naeem islam,c southee b mills,18,10,17,3,1,180.00,20,9.44,189,9,team2,616be46a65ff323064b6be75
12,nasir hossain,c & b mccullum,28,20,28,4,0,140.00,20,9.44,189,9,team2,616be46a65ff323064b6be75
13,mahmudullah,c taylor b anderson,34,25,30,0,3,136.00,20,9.44,189,9,team2,616be46a65ff323064b6be75
14,sohag gazi,run out (mccullum/†ronchi),24,15,22,1,1,160.00,20,9.44,189,9,team2,616be46a65ff323064b6be75
15,mashrafe mortaza,not out,7,7,12,1,0,100.00,20,9.44,189,9,team2,616be46a65ff323064b6be75
16,abdur razzak,b southee,0,1,4,0,0,0.00,20,9.44,189,9,team2,616be46a65ff323064b6be75
17,al-amin hossain,not out,5,3,3,1,0,166.66,20,9.44,189,9,team2,616be46a65ff323064b6be75
