,player,batting,r,b,m,4s,6s,sr,overs,run_rate,total_run,wickets,team,id
0,mohammad shahzad †,c taylor b wardlaw,42,22,29,6,2,190.90,20,8.55,171,6,team1,616be46a65ff323064b6be79
1,nawroz mangal,c coetzer b goudie,20,10,22,0,3,200.00,20,8.55,171,6,team1,616be46a65ff323064b6be79
2,noor ali zadran,b haq,9,12,23,0,0,75.00,20,8.55,171,6,team1,616be46a65ff323064b6be79
3,mohammad nabi (c),c machan b goudie,46,29,40,3,4,158.62,20,8.55,171,6,team1,616be46a65ff323064b6be79
4,samiullah shinwari,not out,31,29,42,2,0,106.89,20,8.55,171,6,team1,616be46a65ff323064b6be79
5,gulbadin naib,c macleod b wardlaw,14,15,17,0,1,93.33,20,8.55,171,6,team1,616be46a65ff323064b6be79
6,karim sadiq,b wardlaw,1,3,2,0,0,33.33,20,8.55,171,6,team1,616be46a65ff323064b6be79
7,richie berrington,c noor ali zadran b samiullah shinwari,19,14,7,3,0,135.71,20,7.70,154,6,team2,616be46a65ff323064b6be79
8,calum macleod,c †mohammad shahzad b dawlat zadran,56,47,41,3,2,119.14,20,7.70,154,6,team2,616be46a65ff323064b6be79
9,matt machan,lbw b shapoor zadran,54,39,66,4,2,138.46,20,7.70,154,6,team2,616be46a65ff323064b6be79
10,kyle coetzer (c),c dawlat zadran b shapoor zadran,5,9,17,0,0,55.55,20,7.70,154,6,team2,616be46a65ff323064b6be79
11,rob taylor,run out (sub [shafiqullah]),6,6,12,1,0,100.00,20,7.70,154,6,team2,616be46a65ff323064b6be79
12,safyaan sharif,not out,0,0,5,0,0,-,20,7.70,154,6,team2,616be46a65ff323064b6be79
13,gordon goudie,run out (samiullah shinwari),1,1,1,0,0,100.00,20,7.70,154,6,team2,616be46a65ff323064b6be79
14,david murphy †,not out,5,4,2,1,0,125.00,20,7.70,154,6,team2,616be46a65ff323064b6be79
