,player,batting,r,b,m,4s,6s,sr,overs,run_rate,total_run,wickets,team,id
0,kamran akmal †,c swann b bresnan,11,10,6,2,0,110.00,18.4,4.76,89,10,team1,616be25c65ff323064b6bde1
1,shahzaib hasan,c †davies b broad,3,8,19,0,0,37.50,18.4,4.76,89,10,team1,616be25c65ff323064b6bde1
2,mohammad yousuf,c bopara b bresnan,4,6,4,0,0,66.66,18.4,4.76,89,10,team1,616be25c65ff323064b6bde1
3,umar akmal,b swann,17,13,25,0,2,130.76,18.4,4.76,89,10,team1,616be25c65ff323064b6bde1
4,shahid afridi (c),c morgan b broad,2,4,1,0,0,50.00,18.4,4.76,89,10,team1,616be25c65ff323064b6bde1
5,mohammad hafeez,run out (sidebottom/swann),14,32,30,1,0,43.75,18.4,4.76,89,10,team1,616be25c65ff323064b6bde1
6,abdul razzaq,c yardy b sidebottom,11,20,31,1,0,55.00,18.4,4.76,89,10,team1,616be25c65ff323064b6bde1
7,fawad alam,c †davies b swann,0,1,1,0,0,0.00,18.4,4.76,89,10,team1,616be25c65ff323064b6bde1
8,umar gul,c bopara b sidebottom,16,13,18,1,1,123.07,18.4,4.76,89,10,team1,616be25c65ff323064b6bde1
9,shoaib akhtar,b bresnan,4,4,2,1,0,100.00,18.4,4.76,89,10,team1,616be25c65ff323064b6bde1
10,saeed ajmal,not out,0,1,2,0,0,0.00,18.4,4.76,89,10,team1,616be25c65ff323064b6bde1
11,craig kieswetter,run out (umar akmal),16,10,14,2,1,160.00,14,6.42,90,4,team2,616be25c65ff323064b6bde1
12,steven davies †,c umar akmal b shoaib akhtar,9,6,12,1,0,150.00,14,6.42,90,4,team2,616be25c65ff323064b6bde1
13,ravi bopara,lbw b shahid afridi,12,24,33,1,0,50.00,14,6.42,90,4,team2,616be25c65ff323064b6bde1
14,paul collingwood (c),c mohammad hafeez b saeed ajmal,21,25,24,0,1,84.00,14,6.42,90,4,team2,616be25c65ff323064b6bde1
15,eoin morgan,not out,18,14,14,3,0,128.57,14,6.42,90,4,team2,616be25c65ff323064b6bde1
16,michael yardy,not out,6,6,8,0,0,100.00,14,6.42,90,4,team2,616be25c65ff323064b6bde1
