,player,batting,r,b,m,4s,6s,sr,overs,run_rate,total_run,wickets,team,id
0,michael lumb,c †wade b fawad ahmed,43,27,47,6,1,159.25,20,9.75,195,5,team1,616be46a65ff323064b6be71
1,alex hales,c warner b faulkner,94,61,80,11,2,154.09,20,9.75,195,5,team1,616be46a65ff323064b6be71
2,luke wright,c johnson b faulkner,30,18,20,3,1,166.66,20,9.75,195,5,team1,616be46a65ff323064b6be71
3,eoin morgan,c coulter-nile b fawad ahmed,20,11,15,0,2,181.81,20,9.75,195,5,team1,616be46a65ff323064b6be71
4,jos buttler †,b fawad ahmed,0,1,2,0,0,0.00,20,9.75,195,5,team1,616be46a65ff323064b6be71
5,ravi bopara,not out,1,2,3,0,0,50.00,20,9.75,195,5,team1,616be46a65ff323064b6be71
6,joe root,not out,1,1,1,0,0,100.00,20,9.75,195,5,team1,616be46a65ff323064b6be71
7,david warner,c hales b dernbach,53,42,56,5,3,126.19,20,8.39,168,9,team2,616be46a65ff323064b6be71
8,aaron finch,c wright b broad,5,5,6,1,0,100.00,20,8.39,168,9,team2,616be46a65ff323064b6be71
9,shane watson,run out (morgan),7,6,6,1,0,116.66,20,8.39,168,9,team2,616be46a65ff323064b6be71
10,shaun marsh,b root,13,14,30,0,1,92.85,20,8.39,168,9,team2,616be46a65ff323064b6be71
11,george bailey (c),lbw b briggs,23,13,16,1,1,176.92,20,8.39,168,9,team2,616be46a65ff323064b6be71
12,glenn maxwell,c lumb b dernbach,27,16,17,2,1,168.75,20,8.39,168,9,team2,616be46a65ff323064b6be71
13,matthew wade †,b briggs,4,4,7,0,0,100.00,20,8.39,168,9,team2,616be46a65ff323064b6be71
14,james faulkner,c morgan b dernbach,5,5,9,1,0,100.00,20,8.39,168,9,team2,616be46a65ff323064b6be71
15,mitchell johnson,not out,3,5,14,0,0,60.00,20,8.39,168,9,team2,616be46a65ff323064b6be71
16,nathan coulter-nile,c briggs b finn,13,6,6,0,2,216.66,20,8.39,168,9,team2,616be46a65ff323064b6be71
17,fawad ahmed,not out,3,5,5,0,0,60.00,20,8.39,168,9,team2,616be46a65ff323064b6be71
