,player,batting,r,b,m,4s,6s,sr,overs,run_rate,total_run,wickets,team,id
0,kusal perera,c †mushfiqur rahim b mahmudullah,64,44,53,5,4,145.45,20,9.89,198,5,team1,616be46a65ff323064b6be60
1,dilshan munaweera,b sohag gazi,5,5,13,1,0,100.00,20,9.89,198,5,team1,616be46a65ff323064b6be60
2,dinesh chandimal (c)†,c jahurul islam b abdur razzak,9,13,26,0,0,69.23,20,9.89,198,5,team1,616be46a65ff323064b6be60
3,lahiru thirimanne,run out (jahurul islam/†mushfiqur rahim),5,7,6,0,0,71.42,20,9.89,198,5,team1,616be46a65ff323064b6be60
4,angelo mathews,not out,30,27,45,1,0,111.11,20,9.89,198,5,team1,616be46a65ff323064b6be60
5,jeevan mendis,b rubel hossain,37,17,27,2,3,217.64,20,9.89,198,5,team1,616be46a65ff323064b6be60
6,thisara perera,not out,22,7,10,2,2,314.28,20,9.89,198,5,team1,616be46a65ff323064b6be60
7,mohammad ashraful,lbw b nltc perera,43,27,40,4,2,159.25,20,9.05,181,7,team2,616be46a65ff323064b6be60
8,shamsur rahman,lbw b mathews,0,1,3,0,0,0.00,20,9.05,181,7,team2,616be46a65ff323064b6be60
9,jahurul islam,b mathews,11,9,10,2,0,122.22,20,9.05,181,7,team2,616be46a65ff323064b6be60
10,mushfiqur rahim (c)†,c eranga b senanayake,39,29,62,3,1,134.48,20,9.05,181,7,team2,616be46a65ff323064b6be60
11,nasir hossain,c ak perera b nltc perera,8,5,8,1,0,160.00,20,9.05,181,7,team2,616be46a65ff323064b6be60
12,mahmudullah,run out (malinga/†chandimal),31,18,27,3,1,172.22,20,9.05,181,7,team2,616be46a65ff323064b6be60
13,mominul haque,not out,26,16,27,2,1,162.50,20,9.05,181,7,team2,616be46a65ff323064b6be60
14,sohag gazi,c mathews b malinga,9,7,12,1,0,128.57,20,9.05,181,7,team2,616be46a65ff323064b6be60
15,abdur razzak,not out,6,8,12,0,0,75.00,20,9.05,181,7,team2,616be46a65ff323064b6be60
