,player,batting,r,b,m,4s,6s,sr,overs,run_rate,total_run,wickets,team,id
0,robin uthappa,c †kieswetter b bresnan,1,3,6,0,0,33.33,20,6.00,120,9,team1,616be30465ff323064b6bdfc
1,ajinkya rahane,c †kieswetter b finn,0,3,2,0,0,0.00,20,6.00,120,9,team1,616be30465ff323064b6bdfc
2,virat kohli,c hales b bresnan,15,16,21,3,0,93.75,20,6.00,120,9,team1,616be30465ff323064b6bdfc
3,suresh raina,c bairstow b finn,39,29,47,4,2,134.48,20,6.00,120,9,team1,616be30465ff323064b6bdfc
4,manoj tiwary,b patel,15,17,22,0,0,88.23,20,6.00,120,9,team1,616be30465ff323064b6bdfc
5,ms dhoni (c)†,run out (dernbach),21,26,44,0,1,80.76,20,6.00,120,9,team1,616be30465ff323064b6bdfc
6,ravindra jadeja,b finn,0,1,1,0,0,0.00,20,6.00,120,9,team1,616be30465ff323064b6bdfc
7,yusuf pathan,b bopara,10,12,17,1,0,83.33,20,6.00,120,9,team1,616be30465ff323064b6bdfc
8,praveen kumar,b bopara,0,2,2,0,0,0.00,20,6.00,120,9,team1,616be30465ff323064b6bdfc
9,ravichandran ashwin,not out,17,11,14,3,0,154.54,20,6.00,120,9,team1,616be30465ff323064b6bdfc
10,alex hales,c rahane b pathan,11,19,24,0,0,57.89,18.4,6.48,121,4,team2,616be30465ff323064b6bdfc
11,craig kieswetter †,c tiwary b jadeja,12,10,12,2,0,120.00,18.4,6.48,121,4,team2,616be30465ff323064b6bdfc
12,kevin pietersen,lbw b raina,53,39,42,5,3,135.89,18.4,6.48,121,4,team2,616be30465ff323064b6bdfc
13,samit patel,c tiwary b kohli,21,25,25,1,1,84.00,18.4,6.48,121,4,team2,616be30465ff323064b6bdfc
14,ravi bopara,not out,14,16,14,1,0,87.50,18.4,6.48,121,4,team2,616be30465ff323064b6bdfc
15,jonny bairstow,not out,2,3,9,0,0,66.66,18.4,6.48,121,4,team2,616be30465ff323064b6bdfc
