,player,batting,r,b,m,4s,6s,sr,overs,run_rate,total_run,wickets,team,id
0,tillakaratne dilshan,c bb mccullum b vettori,48,37,49,5,0,129.72,20,7.90,158,5,team1,616be1b665ff323064b6bd95
1,sanath jayasuriya,c taylor b nl mccullum,0,1,2,0,0,0.00,20,7.90,158,5,team1,616be1b665ff323064b6bd95
2,chamara silva,c oram b mills,13,10,14,2,0,130.00,20,7.90,158,5,team1,616be1b665ff323064b6bd95
3,kumar sangakkara (c)†,c styris b vettori,35,35,55,3,0,100.00,20,7.90,158,5,team1,616be1b665ff323064b6bd95
4,mahela jayawardene,not out,41,29,35,6,1,141.37,20,7.90,158,5,team1,616be1b665ff323064b6bd95
5,jehan mubarak,lbw b butler,8,5,3,1,0,160.00,20,7.90,158,5,team1,616be1b665ff323064b6bd95
6,angelo mathews,not out,6,4,6,0,0,150.00,20,7.90,158,5,team1,616be1b665ff323064b6bd95
7,brendon mccullum,c mubarak b udana,10,12,11,2,0,83.33,17,6.47,110,10,team2,616be1b665ff323064b6bd95
8,aaron redmond,c silva b malinga,23,13,27,3,1,176.92,17,6.47,110,10,team2,616be1b665ff323064b6bd95
9,martin guptill,c mathews b jayasuriya,43,34,45,4,1,126.47,17,6.47,110,10,team2,616be1b665ff323064b6bd95
10,ross taylor,st †sangakkara b mendis,8,8,8,1,0,100.00,17,6.47,110,10,team2,616be1b665ff323064b6bd95
11,scott styris,b mendis,2,3,1,0,0,66.66,17,6.47,110,10,team2,616be1b665ff323064b6bd95
12,jacob oram,b udana,7,12,16,0,0,58.33,17,6.47,110,10,team2,616be1b665ff323064b6bd95
13,peter mcglashan †,c mubarak b mendis,2,3,5,0,0,66.66,17,6.47,110,10,team2,616be1b665ff323064b6bd95
14,nathan mccullum,run out (jayasuriya/muralitharan),2,4,5,0,0,50.00,17,6.47,110,10,team2,616be1b665ff323064b6bd95
15,daniel vettori (c),c malinga b muralitharan,3,5,6,0,0,60.00,17,6.47,110,10,team2,616be1b665ff323064b6bd95
16,kyle mills,run out (dilshan),4,6,8,1,0,66.66,17,6.47,110,10,team2,616be1b665ff323064b6bd95
17,ian butler,not out,2,2,5,0,0,100.00,17,6.47,110,10,team2,616be1b665ff323064b6bd95
