,player,batting,r,b,m,4s,6s,sr,overs,run_rate,total_run,wickets,team,id
0,noor ali zadran,c †dhoni b nehra,50,48,56,4,0,104.16,20,5.75,115,8,team1,616be25c65ff323064b6bdbf
1,karim sadiq,c †dhoni b nehra,0,4,4,0,0,0.00,20,5.75,115,8,team1,616be25c65ff323064b6bdbf
2,mohammad shahzad †,c †dhoni b nehra,6,5,6,1,0,120.00,20,5.75,115,8,team1,616be25c65ff323064b6bdbf
3,nawroz mangal (c),c gambhir b jadeja,5,11,9,1,0,45.45,20,5.75,115,8,team1,616be25c65ff323064b6bdbf
4,asghar afghan,c khan b kumar,30,33,35,0,3,90.90,20,5.75,115,8,team1,616be25c65ff323064b6bdbf
5,mohammad nabi,c †dhoni b kumar,0,3,2,0,0,0.00,20,5.75,115,8,team1,616be25c65ff323064b6bdbf
6,raees ahmadzai,not out,5,5,10,0,0,100.00,20,5.75,115,8,team1,616be25c65ff323064b6bdbf
7,samiullah shinwari,run out (jadeja/†dhoni),7,6,6,1,0,116.66,20,5.75,115,8,team1,616be25c65ff323064b6bdbf
8,hamid hassan,c nehra b khan,6,5,2,1,0,120.00,20,5.75,115,8,team1,616be25c65ff323064b6bdbf
9,shapoor zadran,not out,0,0,1,0,0,-,20,5.75,115,8,team1,616be25c65ff323064b6bdbf
10,gautam gambhir,c mohammad nabi b dawlat ahmadzai,4,6,11,0,0,66.66,14.5,7.82,116,3,team2,616be25c65ff323064b6bdbf
11,murali vijay,c shapoor zadran b hamid hassan,48,46,59,2,3,104.34,14.5,7.82,116,3,team2,616be25c65ff323064b6bdbf
12,suresh raina,lbw b samiullah shinwari,18,13,14,1,1,138.46,14.5,7.82,116,3,team2,616be25c65ff323064b6bdbf
13,yuvraj singh,not out,23,22,34,0,1,104.54,14.5,7.82,116,3,team2,616be25c65ff323064b6bdbf
14,ms dhoni (c)†,not out,15,6,2,0,2,250.00,14.5,7.82,116,3,team2,616be25c65ff323064b6bdbf
