,player,batting,r,b,m,4s,6s,sr,overs,run_rate,total_run,wickets,team,id
0,kusal perera,c de villiers b imran tahir,61,40,63,6,3,152.50,20,8.25,165,7,team1,616be51c65ff323064b6bea5
1,tillakaratne dilshan,b steyn,0,1,4,0,0,0.00,20,8.25,165,7,team1,616be51c65ff323064b6bea5
2,mahela jayawardene,c steyn b m morkel,9,9,16,1,0,100.00,20,8.25,165,7,team1,616be51c65ff323064b6bea5
3,kumar sangakkara †,c tsotsobe b imran tahir,14,18,23,1,0,77.77,20,8.25,165,7,team1,616be51c65ff323064b6bea5
4,angelo mathews,b steyn,43,32,50,3,1,134.37,20,8.25,165,7,team1,616be51c65ff323064b6bea5
5,dinesh chandimal (c),st †de kock b imran tahir,12,9,15,1,0,133.33,20,8.25,165,7,team1,616be51c65ff323064b6bea5
6,thisara perera,b m morkel,8,6,8,1,0,133.33,20,8.25,165,7,team1,616be51c65ff323064b6bea5
7,nuwan kulasekara,not out,7,4,8,1,0,175.00,20,8.25,165,7,team1,616be51c65ff323064b6bea5
8,sachithra senanayake,not out,1,1,1,0,0,100.00,20,8.25,165,7,team1,616be51c65ff323064b6bea5
9,quinton de kock †,b malinga,25,18,18,4,1,138.88,20,8.00,160,8,team2,616be51c65ff323064b6bea5
10,hashim amla,c dilshan b senanayake,23,26,41,2,0,88.46,20,8.00,160,8,team2,616be51c65ff323064b6bea5
11,jean-paul duminy,c dilshan b senanayake,39,30,45,3,2,130.00,20,8.00,160,8,team2,616be51c65ff323064b6bea5
12,ab de villiers (c),c †sangakkara b mathews,24,16,14,3,0,150.00,20,8.00,160,8,team2,616be51c65ff323064b6bea5
13,david miller,run out (nltc perera/†sangakkara),19,16,33,1,0,118.75,20,8.00,160,8,team2,616be51c65ff323064b6bea5
14,albie morkel,c chandimal b mendis,12,4,5,0,2,300.00,20,8.00,160,8,team2,616be51c65ff323064b6bea5
15,farhaan behardien,c jayawardene b kulasekara,5,4,10,0,0,125.00,20,8.00,160,8,team2,616be51c65ff323064b6bea5
16,dale steyn,run out (mathews/malinga),0,2,6,0,0,0.00,20,8.00,160,8,team2,616be51c65ff323064b6bea5
17,morne morkel,not out,0,0,4,0,0,-,20,8.00,160,8,team2,616be51c65ff323064b6bea5
18,imran tahir,not out,8,4,2,0,1,200.00,20,8.00,160,8,team2,616be51c65ff323064b6bea5
