,player,batting,r,b,m,4s,6s,sr,overs,run_rate,total_run,wickets,team,id
0,richard levi,c bracewell b southee,13,12,25,1,1,108.33,20,7.35,147,6,team1,616be30465ff323064b6be03
1,hashim amla,run out (guptill),19,15,12,2,1,126.66,20,7.35,147,6,team1,616be30465ff323064b6be03
2,colin ingram,st †bb mccullum b nl mccullum,0,2,4,0,0,0.00,20,7.35,147,6,team1,616be30465ff323064b6be03
3,ab de villiers (c)†,c guptill b hira,8,17,19,0,0,47.05,20,7.35,147,6,team1,616be30465ff323064b6be03
4,jean-paul duminy,c mills b southee,41,37,50,3,0,110.81,20,7.35,147,6,team1,616be30465ff323064b6be03
5,justin ontong,c & b southee,32,17,25,0,4,188.23,20,7.35,147,6,team1,616be30465ff323064b6be03
6,albie morkel,not out,13,12,24,1,0,108.33,20,7.35,147,6,team1,616be30465ff323064b6be03
7,johan botha,not out,14,8,11,1,1,175.00,20,7.35,147,6,team1,616be30465ff323064b6be03
8,rob nicol,c amla b theron,13,18,30,1,0,72.22,19.2,7.65,148,4,team2,616be30465ff323064b6be03
9,martin guptill,not out,78,55,93,5,4,141.81,19.2,7.65,148,4,team2,616be30465ff323064b6be03
10,brendon mccullum (c)†,b duminy,16,17,26,0,0,94.11,19.2,7.65,148,4,team2,616be30465ff323064b6be03
11,kane williamson,run out (ja morkel),24,21,22,3,0,114.28,19.2,7.65,148,4,team2,616be30465ff323064b6be03
12,colin de grandhomme,c levi b m morkel,2,3,8,0,0,66.66,19.2,7.65,148,4,team2,616be30465ff323064b6be03
13,james franklin,not out,8,4,7,1,0,200.00,19.2,7.65,148,4,team2,616be30465ff323064b6be03
