,player,batting,r,b,m,4s,6s,sr,overs,run_rate,total_run,wickets,team,id
0,quinton de kock †,c †ronchi b mills,4,8,12,0,0,50.00,20,8.50,170,6,team1,616be51c65ff323064b6bea9
1,hashim amla,c & b anderson,41,40,56,2,0,102.50,20,8.50,170,6,team1,616be51c65ff323064b6bea9
2,faf du plessis (c),c nl mccullum b southee,13,8,9,2,0,162.50,20,8.50,170,6,team1,616be51c65ff323064b6bea9
3,ab de villiers,b nl mccullum,5,6,7,1,0,83.33,20,8.50,170,6,team1,616be51c65ff323064b6bea9
4,jean-paul duminy,not out,86,43,57,10,3,200.00,20,8.50,170,6,team1,616be51c65ff323064b6bea9
5,david miller,c & b anderson,6,6,16,1,0,100.00,20,8.50,170,6,team1,616be51c65ff323064b6bea9
6,albie morkel,b southee,13,8,11,0,1,162.50,20,8.50,170,6,team1,616be51c65ff323064b6bea9
7,dale steyn,not out,1,1,4,0,0,100.00,20,8.50,170,6,team1,616be51c65ff323064b6bea9
8,martin guptill,c †de kock b ja morkel,22,25,31,3,0,88.00,20,8.39,168,8,team2,616be51c65ff323064b6bea9
9,kane williamson,c de villiers b steyn,51,35,63,5,2,145.71,20,8.39,168,8,team2,616be51c65ff323064b6bea9
10,brendon mccullum (c),st †de kock b imran tahir,4,4,4,0,0,100.00,20,8.39,168,8,team2,616be51c65ff323064b6bea9
11,ross taylor,run out (steyn),62,37,68,4,3,167.56,20,8.39,168,8,team2,616be51c65ff323064b6bea9
12,colin munro,c amla b imran tahir,7,8,8,1,0,87.50,20,8.39,168,8,team2,616be51c65ff323064b6bea9
13,corey anderson,c miller b steyn,7,4,4,1,0,175.00,20,8.39,168,8,team2,616be51c65ff323064b6bea9
14,luke ronchi †,c †de kock b steyn,5,3,12,1,0,166.66,20,8.39,168,8,team2,616be51c65ff323064b6bea9
15,nathan mccullum,c du plessis b steyn,4,4,3,1,0,100.00,20,8.39,168,8,team2,616be51c65ff323064b6bea9
16,tim southee,not out,0,0,1,0,0,-,20,8.39,168,8,team2,616be51c65ff323064b6bea9
