,player,batting,r,b,m,4s,6s,sr,overs,run_rate,total_run,wickets,team,id
0,kusal perera,b santokie,26,12,17,2,2,216.66,20,8.00,160,6,team1,616be5d165ff323064b6beb8
1,tillakaratne dilshan,run out (simmons),39,39,54,2,1,100.00,20,8.00,160,6,team1,616be5d165ff323064b6beb8
2,mahela jayawardene,run out (sammy/†ramdin),0,0,3,0,0,-,20,8.00,160,6,team1,616be5d165ff323064b6beb8
3,kumar sangakkara †,c & b badree,1,6,7,0,0,16.66,20,8.00,160,6,team1,616be5d165ff323064b6beb8
4,lahiru thirimanne,c simmons b santokie,44,35,42,3,2,125.71,20,8.00,160,6,team1,616be5d165ff323064b6beb8
5,angelo mathews,c bravo b russell,40,23,31,3,2,173.91,20,8.00,160,6,team1,616be5d165ff323064b6beb8
6,seekkuge prasanna,not out,6,5,14,0,0,120.00,20,8.00,160,6,team1,616be5d165ff323064b6beb8
7,dwayne smith,b malinga,17,14,22,1,1,121.42,13.5,5.78,80,4,team2,616be5d165ff323064b6beb8
8,chris gayle,b malinga,3,13,19,0,0,23.07,13.5,5.78,80,4,team2,616be5d165ff323064b6beb8
9,lendl simmons,lbw b prasanna,4,8,15,0,0,50.00,13.5,5.78,80,4,team2,616be5d165ff323064b6beb8
10,marlon samuels,not out,18,29,37,1,0,62.06,13.5,5.78,80,4,team2,616be5d165ff323064b6beb8
11,dwayne bravo,c jayawardene b kulasekara,30,19,24,3,1,157.89,13.5,5.78,80,4,team2,616be5d165ff323064b6beb8
12,daren sammy (c),not out,0,0,2,0,0,-,13.5,5.78,80,4,team2,616be5d165ff323064b6beb8
