,player,batting,r,b,m,4s,6s,sr,overs,run_rate,total_run,wickets,team,id
0,hamilton masakadza,run out (fawad alam),53,38,48,5,3,139.47,20,5.35,107,8,team1,616be0ff65ff323064b6bd6e
1,cephas zhuwao,c shoaib khan jnr b shoaib malik,12,22,37,2,0,54.54,20,5.35,107,8,team1,616be0ff65ff323064b6bd6e
2,chamu chibhabha,c misbah-ul-haq b fawad alam,8,26,35,0,0,30.76,20,5.35,107,8,team1,616be0ff65ff323064b6bd6e
3,tatenda taibu †,c shoaib malik b shahid afridi,4,6,4,1,0,66.66,20,5.35,107,8,team1,616be0ff65ff323064b6bd6e
4,elton chigumbura,c †kamran akmal b fawad alam,4,8,13,0,0,50.00,20,5.35,107,8,team1,616be0ff65ff323064b6bd6e
5,stuart matsikenyeri,c †kamran akmal b umar gul,0,1,1,0,0,0.00,20,5.35,107,8,team1,616be0ff65ff323064b6bd6e
6,timycen maruma,st †kamran akmal b fawad alam,7,9,14,1,0,77.77,20,5.35,107,8,team1,616be0ff65ff323064b6bd6e
7,regis chakabva,run out (shoaib khan jnr),1,6,6,0,0,16.66,20,5.35,107,8,team1,616be0ff65ff323064b6bd6e
8,prosper utseya (c),not out,0,2,3,0,0,0.00,20,5.35,107,8,team1,616be0ff65ff323064b6bd6e
9,ray price,not out,0,2,1,0,0,0.00,20,5.35,107,8,team1,616be0ff65ff323064b6bd6e
10,shoaib khan,c †taibu b mpofu,50,54,60,6,0,92.59,19,5.78,110,3,team2,616be0ff65ff323064b6bd6e
11,shahid afridi,c zhuwao b mpofu,5,6,6,1,0,83.33,19,5.78,110,3,team2,616be0ff65ff323064b6bd6e
12,salman butt,not out,33,48,63,2,1,68.75,19,5.78,110,3,team2,616be0ff65ff323064b6bd6e
13,khalid latif,c matsikenyeri b mpofu,0,4,4,0,0,0.00,19,5.78,110,3,team2,616be0ff65ff323064b6bd6e
14,fawad alam,not out,5,3,5,1,0,166.66,19,5.78,110,3,team2,616be0ff65ff323064b6bd6e
