,player,batting,r,b,m,4s,6s,sr,overs,run_rate,total_run,wickets,team,id
0,shaun marsh,c morkel b tsotsobe,9,9,14,1,0,100.00,20,9.10,182,9,team1,616be0ff65ff323064b6bd75
1,david warner,c de villiers b ntini,89,43,64,7,6,206.97,20,9.10,182,9,team1,616be0ff65ff323064b6bd75
2,ricky ponting (c),c steyn b morkel,21,19,26,1,0,110.52,20,9.10,182,9,team1,616be0ff65ff323064b6bd75
3,david hussey,c de villiers b ntini,19,12,20,1,1,158.33,20,9.10,182,9,team1,616be0ff65ff323064b6bd75
4,cameron white,c kallis b morkel,7,5,8,0,1,140.00,20,9.10,182,9,team1,616be0ff65ff323064b6bd75
5,michael hussey,run out (gibbs),7,8,8,0,0,87.50,20,9.10,182,9,team1,616be0ff65ff323064b6bd75
6,luke ronchi †,c ntini b steyn,11,5,8,2,0,220.00,20,9.10,182,9,team1,616be0ff65ff323064b6bd75
7,james hopes,c botha b steyn,13,14,15,0,0,92.85,20,9.10,182,9,team1,616be0ff65ff323064b6bd75
8,nathan bracken,b steyn,1,3,10,0,0,33.33,20,9.10,182,9,team1,616be0ff65ff323064b6bd75
9,ben hilfenhaus,not out,0,1,3,0,0,0.00,20,9.10,182,9,team1,616be0ff65ff323064b6bd75
10,shaun tait,not out,1,1,1,0,0,100.00,20,9.10,182,9,team1,616be0ff65ff323064b6bd75
11,herschelle gibbs,lbw b bracken,0,3,2,0,0,0.00,18,7.22,130,10,team2,616be0ff65ff323064b6bd75
12,jacques kallis,b hilfenhaus,4,6,13,1,0,66.66,18,7.22,130,10,team2,616be0ff65ff323064b6bd75
13,ab de villiers,hit wicket b tait,0,4,4,0,0,0.00,18,7.22,130,10,team2,616be0ff65ff323064b6bd75
14,jean-paul duminy,lbw b dj hussey,78,48,56,9,1,162.50,18,7.22,130,10,team2,616be0ff65ff323064b6bd75
15,vaughn van jaarsveld,c white b hopes,12,15,22,0,0,80.00,18,7.22,130,10,team2,616be0ff65ff323064b6bd75
16,mark boucher †,c mek hussey b dj hussey,5,7,8,0,0,71.42,18,7.22,130,10,team2,616be0ff65ff323064b6bd75
17,albie morkel,c white b bracken,12,8,15,1,0,150.00,18,7.22,130,10,team2,616be0ff65ff323064b6bd75
18,johan botha (c),not out,5,7,13,0,0,71.42,18,7.22,130,10,team2,616be0ff65ff323064b6bd75
19,dale steyn,c bracken b dj hussey,1,2,1,0,0,50.00,18,7.22,130,10,team2,616be0ff65ff323064b6bd75
20,makhaya ntini,b hilfenhaus,0,1,1,0,0,0.00,18,7.22,130,10,team2,616be0ff65ff323064b6bd75
21,lonwabo tsotsobe,b tait,1,7,6,0,0,14.28,18,7.22,130,10,team2,616be0ff65ff323064b6bd75
