,player,batting,r,b,m,4s,6s,sr,overs,run_rate,total_run,wickets,team,id
0,jason roy,c imran khan b sohail tanvir,9,6,10,1,0,150.00,20,8.00,160,5,team1,616be67b65ff323064b6bf06
1,alex hales,c shahid afridi b anwar ali,8,9,13,1,0,88.88,20,8.00,160,5,team1,616be67b65ff323064b6bf06
2,james vince,b wahab riaz,41,36,47,6,1,113.88,20,8.00,160,5,team1,616be67b65ff323064b6bf06
3,moeen ali,c umar akmal b sohail tanvir,0,6,6,0,0,0.00,20,8.00,160,5,team1,616be67b65ff323064b6bf06
4,eoin morgan (c),not out,45,38,64,3,1,118.42,20,8.00,160,5,team1,616be67b65ff323064b6bf06
5,sam billings †,run out (†sarfaraz ahmed),53,25,27,5,2,212.00,20,8.00,160,5,team1,616be67b65ff323064b6bf06
6,rafatullah mohmand,c †billings b plunkett,16,20,23,1,0,80.00,20,7.29,146,10,team2,616be67b65ff323064b6bf06
7,sarfaraz ahmed †,c plunkett b topley,1,2,5,0,0,50.00,20,7.29,146,10,team2,616be67b65ff323064b6bf06
8,mohammad hafeez,c topley b plunkett,7,7,11,1,0,100.00,20,7.29,146,10,team2,616be67b65ff323064b6bf06
9,mohammad rizwan,b parry,6,9,15,1,0,66.66,20,7.29,146,10,team2,616be67b65ff323064b6bf06
10,sohaib maqsood,st †billings b ali,24,16,27,1,1,150.00,20,7.29,146,10,team2,616be67b65ff323064b6bf06
11,umar akmal,run out (rashid/†billings),19,14,13,1,1,135.71,20,7.29,146,10,team2,616be67b65ff323064b6bf06
12,shahid afridi (c),c roy b parry,0,2,2,0,0,0.00,20,7.29,146,10,team2,616be67b65ff323064b6bf06
13,anwar ali,c morgan b plunkett,20,14,13,0,2,142.85,20,7.29,146,10,team2,616be67b65ff323064b6bf06
14,sohail tanvir,not out,25,22,36,2,1,113.63,20,7.29,146,10,team2,616be67b65ff323064b6bf06
15,wahab riaz,c ali b topley,21,13,23,4,0,161.53,20,7.29,146,10,team2,616be67b65ff323064b6bf06
16,imran khan,c †billings b topley,0,1,2,0,0,0.00,20,7.29,146,10,team2,616be67b65ff323064b6bf06
