,player,batting,r,b,m,4s,6s,sr,overs,run_rate,total_run,wickets,team,id
0,dwayne smith,c watling b southee,8,13,11,1,0,61.53,18,7.33,132,8,team1,616be5d165ff323064b6bebc
1,lendl simmons,lbw b boult,1,3,7,0,0,33.33,18,7.33,132,8,team1,616be5d165ff323064b6bebc
2,andre fletcher,c boult b sodhi,52,39,55,1,4,133.33,18,7.33,132,8,team1,616be5d165ff323064b6bebc
3,darren bravo,c †ronchi b anderson,30,28,44,0,2,107.14,18,7.33,132,8,team1,616be5d165ff323064b6bebc
4,kieron pollard,c anderson b southee,16,16,27,0,1,100.00,18,7.33,132,8,team1,616be5d165ff323064b6bebc
5,daren sammy (c),c southee b boult,10,4,7,1,1,250.00,18,7.33,132,8,team1,616be5d165ff323064b6bebc
6,andre russell,c taylor b anderson,1,5,8,0,0,20.00,18,7.33,132,8,team1,616be5d165ff323064b6bebc
7,denesh ramdin †,run out (neesham/†ronchi),1,1,7,0,0,100.00,18,7.33,132,8,team1,616be5d165ff323064b6bebc
8,sunil narine,not out,0,0,2,0,0,-,18,7.33,132,8,team1,616be5d165ff323064b6bebc
9,kane williamson,c & b sammy,19,18,37,2,0,105.55,15,7.80,117,4,team2,616be5d165ff323064b6bebc
10,james neesham,b santokie,11,8,6,1,1,137.50,15,7.80,117,4,team2,616be5d165ff323064b6bebc
11,brendon mccullum (c),c smith b sammy,40,35,52,3,1,114.28,15,7.80,117,4,team2,616be5d165ff323064b6bebc
12,ross taylor,not out,28,20,40,1,2,140.00,15,7.80,117,4,team2,616be5d165ff323064b6bebc
13,corey anderson,c narine b sammy,15,9,18,1,1,166.66,15,7.80,117,4,team2,616be5d165ff323064b6bebc
14,luke ronchi †,not out,0,0,2,0,0,-,15,7.80,117,4,team2,616be5d165ff323064b6bebc
