,player,batting,r,b,m,4s,6s,sr,overs,run_rate,total_run,wickets,team,id
0,kamran akmal †,c morkel b steyn,23,12,12,4,1,191.66,20,7.45,149,4,team1,616be1b665ff323064b6bd97
1,shahzaib hasan,c van der merwe b parnell,0,2,5,0,0,0.00,20,7.45,149,4,team1,616be1b665ff323064b6bd97
2,shahid afridi,c de villiers b duminy,51,34,46,8,0,150.00,20,7.45,149,4,team1,616be1b665ff323064b6bd97
3,shoaib malik,c botha b van der merwe,34,39,55,2,0,87.17,20,7.45,149,4,team1,616be1b665ff323064b6bd97
4,younis khan (c),not out,24,18,29,1,0,133.33,20,7.45,149,4,team1,616be1b665ff323064b6bd97
5,abdul razzaq,not out,12,15,16,0,0,80.00,20,7.45,149,4,team1,616be1b665ff323064b6bd97
6,jacques kallis,c shoaib malik b saeed ajmal,64,54,75,7,1,118.51,20,7.10,142,5,team2,616be1b665ff323064b6bd97
7,graeme smith (c),c & b mohammad amir,10,14,26,1,0,71.42,20,7.10,142,5,team2,616be1b665ff323064b6bd97
8,herschelle gibbs,b shahid afridi,5,4,3,1,0,125.00,20,7.10,142,5,team2,616be1b665ff323064b6bd97
9,ab de villiers,b shahid afridi,1,5,4,0,0,20.00,20,7.10,142,5,team2,616be1b665ff323064b6bd97
10,jean-paul duminy,not out,44,39,53,3,1,112.82,20,7.10,142,5,team2,616be1b665ff323064b6bd97
11,albie morkel,run out (fawad alam),2,4,13,0,0,50.00,20,7.10,142,5,team2,616be1b665ff323064b6bd97
12,mark boucher †,not out,0,0,2,0,0,-,20,7.10,142,5,team2,616be1b665ff323064b6bd97
