,player,batting,r,b,m,4s,6s,sr,overs,run_rate,total_run,wickets,team,id
0,kamran akmal †,b johnston,57,51,66,5,1,111.76,20,7.94,159,5,team1,616be1b665ff323064b6bd93
1,shahzaib hasan,c mccallan b cusack,23,19,25,3,1,121.05,20,7.94,159,5,team1,616be1b665ff323064b6bd93
2,shahid afridi,c mooney b mccallan,24,13,12,3,0,184.61,20,7.94,159,5,team1,616be1b665ff323064b6bd93
3,younis khan (c),b west,10,8,10,1,0,125.00,20,7.94,159,5,team1,616be1b665ff323064b6bd93
4,misbah-ul-haq,c †nj o'brien b mccallan,20,14,17,1,1,142.85,20,7.94,159,5,team1,616be1b665ff323064b6bd93
5,abdul razzaq,not out,15,9,13,0,1,166.66,20,7.94,159,5,team1,616be1b665ff323064b6bd93
6,shoaib malik,not out,4,7,9,0,0,57.14,20,7.94,159,5,team1,616be1b665ff323064b6bd93
7,william porterfield (c),c younis khan b saeed ajmal,40,36,52,2,0,111.11,20,6.00,120,9,team2,616be1b665ff323064b6bd93
8,niall o'brien †,c & b mohammad amir,7,10,8,1,0,70.00,20,6.00,120,9,team2,616be1b665ff323064b6bd93
9,paul stirling,b shahid afridi,17,16,17,2,0,106.25,20,6.00,120,9,team2,616be1b665ff323064b6bd93
10,kevin o'brien,st †kamran akmal b saeed ajmal,26,30,42,1,0,86.66,20,6.00,120,9,team2,616be1b665ff323064b6bd93
11,john mooney,c abdul razzaq b saeed ajmal,2,8,8,0,0,25.00,20,6.00,120,9,team2,616be1b665ff323064b6bd93
12,trent johnston,b umar gul,0,1,1,0,0,0.00,20,6.00,120,9,team2,616be1b665ff323064b6bd93
13,andrew white,b umar gul,5,7,4,0,0,71.42,20,6.00,120,9,team2,616be1b665ff323064b6bd93
14,alex cusack,st †kamran akmal b saeed ajmal,2,2,1,0,0,100.00,20,6.00,120,9,team2,616be1b665ff323064b6bd93
15,kyle mccallan,not out,2,6,11,0,0,33.33,20,6.00,120,9,team2,616be1b665ff323064b6bd93
16,regan west,run out (umar gul),1,1,1,0,0,100.00,20,6.00,120,9,team2,616be1b665ff323064b6bd93
17,boyd rankin,not out,5,5,6,0,0,100.00,20,6.00,120,9,team2,616be1b665ff323064b6bd93
