,player,batting,r,b,m,4s,6s,sr,overs,run_rate,total_run,wickets,team,id
0,rob nicol,run out (†de villiers),23,17,18,3,1,135.29,20,8.65,173,4,team1,616be30465ff323064b6be04
1,martin guptill,c ja morkel b de lange,47,35,48,7,1,134.28,20,8.65,173,4,team1,616be30465ff323064b6be04
2,brendon mccullum (c)†,c ontong b botha,35,31,39,4,1,112.90,20,8.65,173,4,team1,616be30465ff323064b6be04
3,kane williamson,not out,28,20,30,1,2,140.00,20,8.65,173,4,team1,616be30465ff323064b6be04
4,james franklin,c †de villiers b m morkel,28,10,14,0,4,280.00,20,8.65,173,4,team1,616be30465ff323064b6be04
5,colin de grandhomme,not out,3,7,4,0,0,42.85,20,8.65,173,4,team1,616be30465ff323064b6be04
6,richard levi,not out,117,51,67,5,13,229.41,16,10.87,174,2,team2,616be30465ff323064b6be04
7,hashim amla,c franklin b nl mccullum,2,3,8,0,0,66.66,16,10.87,174,2,team2,616be30465ff323064b6be04
8,wayne parnell,st †bb mccullum b nicol,4,6,10,1,0,66.66,16,10.87,174,2,team2,616be30465ff323064b6be04
9,ab de villiers (c)†,not out,39,36,47,4,0,108.33,16,10.87,174,2,team2,616be30465ff323064b6be04
