,player,batting,r,b,m,4s,6s,sr,overs,run_rate,total_run,wickets,team,id
0,quinton de kock †,c sabbir rahman b arafat sunny,44,31,44,4,2,141.93,20,8.45,169,4,team1,616be5d165ff323064b6bedb
1,ab de villiers,c †mushfiqur rahim b nasir hossain,40,34,52,6,0,117.64,20,8.45,169,4,team1,616be5d165ff323064b6bedb
2,jean-paul duminy,c shakib al hasan b nasir hossain,6,4,5,1,0,150.00,20,8.45,169,4,team1,616be5d165ff323064b6bedb
3,faf du plessis (c),c †mushfiqur rahim b mustafizur rahman,16,17,26,1,0,94.11,20,8.45,169,4,team1,616be5d165ff323064b6bedb
4,david miller,not out,30,28,35,2,1,107.14,20,8.45,169,4,team1,616be5d165ff323064b6bedb
5,rilee rossouw,not out,19,6,10,1,2,316.66,20,8.45,169,4,team1,616be5d165ff323064b6bedb
6,tamim iqbal,c wiese b parnell,13,18,25,1,0,72.22,19.2,7.13,138,10,team2,616be5d165ff323064b6bedb
7,soumya sarkar,st †de kock b leie,37,21,31,6,1,176.19,19.2,7.13,138,10,team2,616be5d165ff323064b6bedb
8,shakib al hasan,c rossouw b phangiso,8,14,18,0,0,57.14,19.2,7.13,138,10,team2,616be5d165ff323064b6bedb
9,mushfiqur rahim †,c rossouw b leie,19,16,22,1,1,118.75,19.2,7.13,138,10,team2,616be5d165ff323064b6bedb
10,sabbir rahman,c miller b leie,1,3,6,0,0,33.33,19.2,7.13,138,10,team2,616be5d165ff323064b6bedb
11,nasir hossain,c rossouw b phangiso,0,2,6,0,0,0.00,19.2,7.13,138,10,team2,616be5d165ff323064b6bedb
12,rony talukdar,b abbott,21,22,34,0,1,95.45,19.2,7.13,138,10,team2,616be5d165ff323064b6bedb
13,liton das,c wiese b phangiso,10,7,11,1,0,142.85,19.2,7.13,138,10,team2,616be5d165ff323064b6bedb
14,mashrafe mortaza (c),b abbott,17,8,12,0,2,212.50,19.2,7.13,138,10,team2,616be5d165ff323064b6bedb
15,arafat sunny,not out,5,5,11,0,0,100.00,19.2,7.13,138,10,team2,616be5d165ff323064b6bedb
16,mustafizur rahman,b abbott,0,1,1,0,0,0.00,19.2,7.13,138,10,team2,616be5d165ff323064b6bedb
