,player,batting,r,b,m,4s,6s,sr,overs,run_rate,total_run,wickets,team,id
0,fraser watts,b kamande,16,17,-,0,2,94.11,20,5.45,109,9,team1,616be1b665ff323064b6bda7
1,ryan watson,lbw b suji,13,10,-,3,0,130.00,20,5.45,109,9,team1,616be1b665ff323064b6bda7
2,kyle coetzer,run out (suji),6,6,-,1,0,100.00,20,5.45,109,9,team1,616be1b665ff323064b6bda7
3,jan stander,b kamande,0,1,-,0,0,0.00,20,5.45,109,9,team1,616be1b665ff323064b6bda7
4,gavin hamilton (c),run out (suji),8,13,-,0,0,61.53,20,5.45,109,9,team1,616be1b665ff323064b6bda7
5,richie berrington,c †ouma b tikolo,6,10,-,0,0,60.00,20,5.45,109,9,team1,616be1b665ff323064b6bda7
6,simon smith †,c obanda b ngoche,9,20,-,0,0,45.00,20,5.45,109,9,team1,616be1b665ff323064b6bda7
7,ross lyons,b ngoche,4,15,-,0,0,26.66,20,5.45,109,9,team1,616be1b665ff323064b6bda7
8,majid haq,not out,21,20,-,1,1,105.00,20,5.45,109,9,team1,616be1b665ff323064b6bda7
9,gordon goudie,c suji b kamande,4,3,-,1,0,133.33,20,5.45,109,9,team1,616be1b665ff323064b6bda7
10,dewald nel,not out,7,5,-,1,0,140.00,20,5.45,109,9,team1,616be1b665ff323064b6bda7
11,david obuya,not out,60,48,-,7,2,125.00,12.3,8.79,110,10,team2,616be1b665ff323064b6bda7
12,steve tikolo,not out,46,28,-,7,1,164.28,12.3,8.79,110,10,team2,616be1b665ff323064b6bda7
