,player,batting,r,b,m,4s,6s,sr,overs,run_rate,total_run,wickets,team,id
0,rahil ahmed,b regmi,25,34,-,2,0,73.52,20,6.95,139,7,team1,616be5d165ff323064b6bed9
1,tobias visee,b sompal kami,5,4,-,1,0,125.00,20,6.95,139,7,team1,616be5d165ff323064b6bed9
2,ben cooper,b sagar pun,8,5,-,2,0,160.00,20,6.95,139,7,team1,616be5d165ff323064b6bed9
3,wesley barresi †,run out (karan kc/†bhandari),6,7,-,1,0,85.71,20,6.95,139,7,team1,616be5d165ff323064b6bed9
4,peter borren (c),c mandal b regmi,27,25,-,1,0,108.00,20,6.95,139,7,team1,616be5d165ff323064b6bed9
5,roelof van der merwe,not out,40,27,-,3,1,148.14,20,6.95,139,7,team1,616be5d165ff323064b6bed9
6,pieter seelaar,lbw b sagar pun,1,2,-,0,0,50.00,20,6.95,139,7,team1,616be5d165ff323064b6bed9
7,mudassar bukhari,st †bhandari b sagar pun,1,2,-,0,0,50.00,20,6.95,139,7,team1,616be5d165ff323064b6bed9
8,michael rippon,not out,22,14,-,2,0,157.14,20,6.95,139,7,team1,616be5d165ff323064b6bed9
9,sagar pun,c van meekeren b van der merwe,4,2,-,1,0,200.00,19.4,7.16,141,7,team2,616be5d165ff323064b6bed9
10,anil mandal,run out (ahmed/†barresi),9,16,-,0,0,56.25,19.4,7.16,141,7,team2,616be5d165ff323064b6bed9
11,gyanendra malla,lbw b ahsan malik,18,22,-,3,0,81.81,19.4,7.16,141,7,team2,616be5d165ff323064b6bed9
12,paras khadka (c),c borren b mudassar bukhari,54,41,-,6,0,131.70,19.4,7.16,141,7,team2,616be5d165ff323064b6bed9
13,binod bhandari †,lbw b van der merwe,13,14,-,0,0,92.85,19.4,7.16,141,7,team2,616be5d165ff323064b6bed9
14,sharad vesawkar,b ahsan malik,12,15,-,0,0,80.00,19.4,7.16,141,7,team2,616be5d165ff323064b6bed9
15,pradeep airee,b ahsan malik,6,4,-,1,0,150.00,19.4,7.16,141,7,team2,616be5d165ff323064b6bed9
16,sompal kami,not out,8,2,-,2,0,400.00,19.4,7.16,141,7,team2,616be5d165ff323064b6bed9
17,basant regmi,not out,2,2,-,0,0,100.00,19.4,7.16,141,7,team2,616be5d165ff323064b6bed9
