,player,batting,r,b,m,4s,6s,sr,overs,run_rate,total_run,wickets,team,id
0,salman butt,c jethi b baidwan,74,56,-,6,3,132.14,20,6.85,137,7,team1,616be0ff65ff323064b6bd6b
1,shoaib khan,c dhaniram b bhatti,9,8,-,1,0,112.50,20,6.85,137,7,team1,616be0ff65ff323064b6bd6b
2,younis khan,c samad b baidwan,13,19,-,0,0,68.42,20,6.85,137,7,team1,616be0ff65ff323064b6bd6b
3,shoaib malik (c),b rizwan cheema,9,11,-,1,0,81.81,20,6.85,137,7,team1,616be0ff65ff323064b6bd6b
4,misbah-ul-haq,c rizwan cheema b baidwan,17,17,-,0,1,100.00,20,6.85,137,7,team1,616be0ff65ff323064b6bd6b
5,shahid afridi,c dhaniram b bhatti,7,3,-,0,1,233.33,20,6.85,137,7,team1,616be0ff65ff323064b6bd6b
6,kamran akmal †,b bhatti,2,3,-,0,0,66.66,20,6.85,137,7,team1,616be0ff65ff323064b6bd6b
7,sohail tanvir,not out,0,3,-,0,0,0.00,20,6.85,137,7,team1,616be0ff65ff323064b6bd6b
8,umar gul,not out,0,0,-,0,0,-,20,6.85,137,7,team1,616be0ff65ff323064b6bd6b
9,abdool samad,c younis khan b shoaib akhtar,0,2,-,0,0,0.00,20,5.09,102,9,team2,616be0ff65ff323064b6bd6b
10,rizwan cheema,c misbah-ul-haq b shoaib malik,34,42,-,4,2,80.95,20,5.09,102,9,team2,616be0ff65ff323064b6bd6b
11,mohammad iqbal,b shoaib akhtar,4,6,-,0,0,66.66,20,5.09,102,9,team2,616be0ff65ff323064b6bd6b
12,ramesh david,c shoaib malik b umar gul,17,25,-,0,1,68.00,20,5.09,102,9,team2,616be0ff65ff323064b6bd6b
13,ashif mulla †,c salman butt b shahid afridi,1,5,-,0,0,20.00,20,5.09,102,9,team2,616be0ff65ff323064b6bd6b
14,sunil dhaniram (c),st †kamran akmal b shoaib malik,17,16,-,0,2,106.25,20,5.09,102,9,team2,616be0ff65ff323064b6bd6b
15,karun jethi,b sohail tanvir,0,4,-,0,0,0.00,20,5.09,102,9,team2,616be0ff65ff323064b6bd6b
16,balaji rao,b sohail tanvir,7,8,-,1,0,87.50,20,5.09,102,9,team2,616be0ff65ff323064b6bd6b
17,umar bhatti,not out,5,10,-,0,0,50.00,20,5.09,102,9,team2,616be0ff65ff323064b6bd6b
18,harvir baidwan,run out (shahid afridi),1,1,-,0,0,100.00,20,5.09,102,9,team2,616be0ff65ff323064b6bd6b
19,henry osinde,not out,1,1,-,0,0,100.00,20,5.09,102,9,team2,616be0ff65ff323064b6bd6b
