,player,batting,r,b,m,4s,6s,sr,overs,run_rate,total_run,wickets,team,id
0,salman butt,c warner b dj hussey,13,21,32,1,0,61.90,20,8.35,167,8,team1,616be25c65ff323064b6bdde
1,shahzaib hasan,c dj hussey b nannes,0,1,2,0,0,0.00,20,8.35,167,8,team1,616be25c65ff323064b6bdde
2,kamran akmal †,run out (white/dj hussey),23,19,25,2,1,121.05,20,8.35,167,8,team1,616be25c65ff323064b6bdde
3,shoaib malik,c †paine b nannes,21,18,22,3,0,116.66,20,8.35,167,8,team1,616be25c65ff323064b6bdde
4,shahid afridi (c),lbw b smith,0,1,1,0,0,0.00,20,8.35,167,8,team1,616be25c65ff323064b6bdde
5,umar akmal,b tait,64,31,43,7,3,206.45,20,8.35,167,8,team1,616be25c65ff323064b6bdde
6,abdul razzaq,b tait,7,11,13,0,0,63.63,20,8.35,167,8,team1,616be25c65ff323064b6bdde
7,mohammad amir,not out,11,13,18,0,0,84.61,20,8.35,167,8,team1,616be25c65ff323064b6bdde
8,umar gul,run out (nannes/†paine),10,6,7,0,1,166.66,20,8.35,167,8,team1,616be25c65ff323064b6bdde
9,david warner,b saeed ajmal,41,31,50,6,0,132.25,18.4,7.71,144,10,team2,616be25c65ff323064b6bdde
10,shane watson,lbw b mohammad amir,0,2,4,0,0,0.00,18.4,7.71,144,10,team2,616be25c65ff323064b6bdde
11,michael clarke (c),c shahid afridi b abdul razzaq,5,6,10,0,0,83.33,18.4,7.71,144,10,team2,616be25c65ff323064b6bdde
12,david hussey,c shoaib malik b shahid afridi,34,28,29,4,1,121.42,18.4,7.71,144,10,team2,616be25c65ff323064b6bdde
13,cameron white,c shahid afridi b mohammad amir,17,13,12,1,1,130.76,18.4,7.71,144,10,team2,616be25c65ff323064b6bdde
14,michael hussey,b umar gul,18,15,21,3,0,120.00,18.4,7.71,144,10,team2,616be25c65ff323064b6bdde
15,steven smith,b mohammad amir,12,8,8,2,0,150.00,18.4,7.71,144,10,team2,616be25c65ff323064b6bdde
16,tim paine †,b umar gul,1,4,7,0,0,25.00,18.4,7.71,144,10,team2,616be25c65ff323064b6bdde
17,mitchell johnson,st †kamran akmal b saeed ajmal,3,3,2,0,0,100.00,18.4,7.71,144,10,team2,616be25c65ff323064b6bdde
18,dirk nannes,not out,0,0,3,0,0,-,18.4,7.71,144,10,team2,616be25c65ff323064b6bdde
19,shaun tait,st †kamran akmal b saeed ajmal,6,3,2,0,1,200.00,18.4,7.71,144,10,team2,616be25c65ff323064b6bdde
