,player,batting,r,b,m,4s,6s,sr,overs,run_rate,total_run,wickets,team,id
0,andre fletcher,lbw b siriwardana,23,21,29,4,0,109.52,20,8.10,162,6,team1,616be67b65ff323064b6beff
1,johnson charles,lbw b siriwardana,34,25,42,1,3,136.00,20,8.10,162,6,team1,616be67b65ff323064b6beff
2,marlon samuels,run out (jayasuriya),1,1,2,0,0,100.00,20,8.10,162,6,team1,616be67b65ff323064b6beff
3,dwayne bravo,c mathews b malinga,31,31,37,0,1,100.00,20,8.10,162,6,team1,616be67b65ff323064b6beff
4,andre russell,c chandimal b chameera,9,9,7,0,1,100.00,20,8.10,162,6,team1,616be67b65ff323064b6beff
5,denesh ramdin †,not out,34,22,36,1,2,154.54,20,8.10,162,6,team1,616be67b65ff323064b6beff
6,kieron pollard,b malinga,5,4,7,0,0,125.00,20,8.10,162,6,team1,616be67b65ff323064b6beff
7,daren sammy (c),not out,12,7,7,1,0,171.42,20,8.10,162,6,team1,616be67b65ff323064b6beff
8,kusal perera †,c bravo b taylor,12,11,14,2,0,109.09,20,6.95,139,10,team2,616be67b65ff323064b6beff
9,tillakaratne dilshan,c sub (jo holder) b rampaul,52,38,70,5,0,136.84,20,6.95,139,10,team2,616be67b65ff323064b6beff
10,shehan jayasuriya,c russell b bravo,30,32,45,3,1,93.75,20,6.95,139,10,team2,616be67b65ff323064b6beff
11,dinesh chandimal,c sub (jl carter) b rampaul,1,2,3,0,0,50.00,20,6.95,139,10,team2,616be67b65ff323064b6beff
12,angelo mathews,c sub (jl carter) b bravo,5,6,13,0,0,83.33,20,6.95,139,10,team2,616be67b65ff323064b6beff
13,milinda siriwardana,st †ramdin b narine,15,11,18,1,1,136.36,20,6.95,139,10,team2,616be67b65ff323064b6beff
14,chamara kapugedera,c charles b pollard,2,3,5,0,0,66.66,20,6.95,139,10,team2,616be67b65ff323064b6beff
15,sachithra senanayake,c pollard b bravo,3,4,7,0,0,75.00,20,6.95,139,10,team2,616be67b65ff323064b6beff
16,nuwan kulasekara,c narine b bravo,4,6,7,0,0,66.66,20,6.95,139,10,team2,616be67b65ff323064b6beff
17,lasith malinga (c),b rampaul,2,4,8,0,0,50.00,20,6.95,139,10,team2,616be67b65ff323064b6beff
18,dushmantha chameera,not out,3,4,6,0,0,75.00,20,6.95,139,10,team2,616be67b65ff323064b6beff
