,player,batting,r,b,m,4s,6s,sr,overs,run_rate,total_run,wickets,team,id
0,tillakaratne dilshan,b sharma,1,3,5,0,0,33.33,20,10.30,206,7,team1,616be1b665ff323064b6bda5
1,sanath jayasuriya,lbw b pathan,31,21,39,5,1,147.61,20,10.30,206,7,team1,616be1b665ff323064b6bda5
2,kumar sangakkara (c)†,c nehra b yuvraj singh,59,31,48,8,2,190.32,20,10.30,206,7,team1,616be1b665ff323064b6bda5
3,chinthaka jayasinghe,c jadeja b yuvraj singh,38,28,38,3,1,135.71,20,10.30,206,7,team1,616be1b665ff323064b6bda5
4,mahela jayawardene,c tyagi b sharma,12,6,8,1,1,200.00,20,10.30,206,7,team1,616be1b665ff323064b6bda5
5,chamara kapugedera,c karthik b yuvraj singh,2,4,4,0,0,50.00,20,10.30,206,7,team1,616be1b665ff323064b6bda5
6,kaushalya weeraratne,run out (sehwag/†dhoni),3,4,7,0,0,75.00,20,10.30,206,7,team1,616be1b665ff323064b6bda5
7,angelo mathews,not out,26,13,15,1,2,200.00,20,10.30,206,7,team1,616be1b665ff323064b6bda5
8,nuwan kulasekara,not out,10,10,14,0,0,100.00,20,10.30,206,7,team1,616be1b665ff323064b6bda5
9,gautam gambhir,run out (jayasinghe/kulasekara/†sangakkara),21,18,30,1,0,116.66,19.1,11.00,211,4,team2,616be1b665ff323064b6bda5
10,virender sehwag,c weeraratne b malinga,64,36,56,7,3,177.77,19.1,11.00,211,4,team2,616be1b665ff323064b6bda5
11,ms dhoni (c)†,b fernando,46,28,55,3,2,164.28,19.1,11.00,211,4,team2,616be1b665ff323064b6bda5
12,yuvraj singh,not out,60,25,45,3,5,240.00,19.1,11.00,211,4,team2,616be1b665ff323064b6bda5
13,suresh raina,run out (kulasekara),9,7,9,2,0,128.57,19.1,11.00,211,4,team2,616be1b665ff323064b6bda5
14,dinesh karthik,not out,4,1,2,1,0,400.00,19.1,11.00,211,4,team2,616be1b665ff323064b6bda5
