,player,batting,r,b,m,4s,6s,sr,overs,run_rate,total_run,wickets,team,id
0,mahela jayawardene (c),c raza hasan b shahid afridi,42,36,38,7,0,116.66,20,6.95,139,4,team1,616be3ab65ff323064b6be46
1,tillakaratne dilshan,lbw b umar gul,35,43,78,3,0,81.39,20,6.95,139,4,team1,616be3ab65ff323064b6be46
2,kumar sangakkara †,c shoaib malik b mohammad hafeez,18,11,10,3,0,163.63,20,6.95,139,4,team1,616be3ab65ff323064b6be46
3,jeevan mendis,st †kamran akmal b saeed ajmal,15,18,29,1,0,83.33,20,6.95,139,4,team1,616be3ab65ff323064b6be46
4,thisara perera,not out,11,7,12,2,0,157.14,20,6.95,139,4,team1,616be3ab65ff323064b6be46
5,angelo mathews,not out,10,6,9,1,0,166.66,20,6.95,139,4,team1,616be3ab65ff323064b6be46
6,mohammad hafeez (c),st †sangakkara b herath,42,40,63,4,1,105.00,20,6.15,123,7,team2,616be3ab65ff323064b6be46
7,imran nazir,b baw mendis,20,21,26,3,0,95.23,20,6.15,123,7,team2,616be3ab65ff323064b6be46
8,nasir jamshed,lbw b mathews,4,8,12,0,0,50.00,20,6.15,123,7,team2,616be3ab65ff323064b6be46
9,kamran akmal †,c jayawardene b mathews,1,2,2,0,0,50.00,20,6.15,123,7,team2,616be3ab65ff323064b6be46
10,shoaib malik,b herath,6,7,4,0,0,85.71,20,6.15,123,7,team2,616be3ab65ff323064b6be46
11,umar akmal,not out,29,22,44,3,0,131.81,20,6.15,123,7,team2,616be3ab65ff323064b6be46
12,shahid afridi,b herath,0,1,2,0,0,0.00,20,6.15,123,7,team2,616be3ab65ff323064b6be46
13,sohail tanvir,st †sangakkara b baw mendis,8,13,14,1,0,61.53,20,6.15,123,7,team2,616be3ab65ff323064b6be46
14,umar gul,not out,2,6,13,0,0,33.33,20,6.15,123,7,team2,616be3ab65ff323064b6be46
