,player,batting,r,b,m,4s,6s,sr,overs,run_rate,total_run,wickets,team,id
0,james hopes,c kallis b pollock,17,20,25,2,0,85.00,20,10.45,209,3,team1,616be07165ff323064b6bd28
1,damien martyn,c gibbs b zondeki,96,56,79,7,5,171.42,20,10.45,209,3,team1,616be07165ff323064b6bd28
2,ricky ponting (c),c pollock b botha,27,18,22,2,2,150.00,20,10.45,209,3,team1,616be07165ff323064b6bd28
3,andrew symonds,not out,54,26,32,6,2,207.69,20,10.45,209,3,team1,616be07165ff323064b6bd28
4,michael clarke,not out,0,0,3,0,0,-,20,10.45,209,3,team1,616be07165ff323064b6bd28
5,graeme smith (c),b hopes,22,26,32,3,0,84.61,18.3,6.16,114,10,team2,616be07165ff323064b6bd28
6,boeta dippenaar,c †haddin b bracken,1,5,7,0,0,20.00,18.3,6.16,114,10,team2,616be07165ff323064b6bd28
7,herschelle gibbs,c clark b bracken,0,2,1,0,0,0.00,18.3,6.16,114,10,team2,616be07165ff323064b6bd28
8,mark boucher †,c †haddin b clark,29,21,30,5,0,138.09,18.3,6.16,114,10,team2,616be07165ff323064b6bd28
9,shaun pollock,c lewis b symonds,24,17,21,2,1,141.17,18.3,6.16,114,10,team2,616be07165ff323064b6bd28
10,jacques kallis,run out (ponting),15,13,12,1,1,115.38,18.3,6.16,114,10,team2,616be07165ff323064b6bd28
11,jacques rudolph,not out,6,7,19,0,0,85.71,18.3,6.16,114,10,team2,616be07165ff323064b6bd28
12,andrew hall,c hussey b hopes,11,10,6,1,0,110.00,18.3,6.16,114,10,team2,616be07165ff323064b6bd28
13,johan botha,c katich b symonds,2,4,3,0,0,50.00,18.3,6.16,114,10,team2,616be07165ff323064b6bd28
14,garnett kruger,c martyn b lewis,3,5,3,0,0,60.00,18.3,6.16,114,10,team2,616be07165ff323064b6bd28
15,monde zondeki,b lewis,0,1,1,0,0,0.00,18.3,6.16,114,10,team2,616be07165ff323064b6bd28
