,player,batting,r,b,m,4s,6s,sr,overs,run_rate,total_run,wickets,team,id
0,mohammad hafeez (c),c warner b watson,45,42,73,6,0,107.14,20,7.55,151,4,team1,616be3ab65ff323064b6be27
1,imran nazir,b starc,0,2,9,0,0,0.00,20,7.55,151,4,team1,616be3ab65ff323064b6be27
2,nasir jamshed,c christian b cummins,45,36,52,4,1,125.00,20,7.55,151,4,team1,616be3ab65ff323064b6be27
3,kamran akmal †,not out,43,26,38,6,0,165.38,20,7.55,151,4,team1,616be3ab65ff323064b6be27
4,umar akmal,c white b christian,13,12,23,1,0,108.33,20,7.55,151,4,team1,616be3ab65ff323064b6be27
5,abdul razzaq,not out,2,2,5,0,0,100.00,20,7.55,151,4,team1,616be3ab65ff323064b6be27
6,david warner,b saeed ajmal,31,19,22,3,2,163.15,20,7.55,151,8,team2,616be3ab65ff323064b6be27
7,shane watson,lbw b saeed ajmal,33,28,48,2,2,117.85,20,7.55,151,8,team2,616be3ab65ff323064b6be27
8,michael hussey,c shoaib malik b umar gul,23,27,50,1,1,85.18,20,7.55,151,8,team2,616be3ab65ff323064b6be27
9,cameron white,run out (umar akmal),5,5,6,0,0,100.00,20,7.55,151,8,team2,616be3ab65ff323064b6be27
10,george bailey (c),c sub (yasir arafat) b abdul razzaq,42,27,46,4,2,155.55,20,7.55,151,8,team2,616be3ab65ff323064b6be27
11,david hussey,b sohail tanvir,1,2,8,0,0,50.00,20,7.55,151,8,team2,616be3ab65ff323064b6be27
12,matthew wade †,run out (sub [yasir arafat]),6,6,15,0,0,100.00,20,7.55,151,8,team2,616be3ab65ff323064b6be27
13,dan christian,not out,2,3,9,0,0,66.66,20,7.55,151,8,team2,616be3ab65ff323064b6be27
14,pat cummins,c imran nazir b abdul razzaq,7,3,4,0,1,233.33,20,7.55,151,8,team2,616be3ab65ff323064b6be27
