,player,batting,r,b,m,4s,6s,sr,overs,run_rate,total_run,wickets,team,id
0,richie berrington,b gruijters,0,2,1,0,0,0.00,20,7.35,147,6,team1,616be51c65ff323064b6be84
1,calum macleod,b mudassar bukhari,0,1,6,0,0,0.00,20,7.35,147,6,team1,616be51c65ff323064b6be84
2,matt machan,c gruijters b ahsan malik,61,53,70,7,0,115.09,20,7.35,147,6,team1,616be51c65ff323064b6be84
3,michael leask,c cooper b swart,58,46,55,2,5,126.08,20,7.35,147,6,team1,616be51c65ff323064b6be84
4,rob taylor,not out,7,8,20,0,0,87.50,20,7.35,147,6,team1,616be51c65ff323064b6be84
5,kyle coetzer (c),c gruijters b mudassar bukhari,7,6,6,1,0,116.66,20,7.35,147,6,team1,616be51c65ff323064b6be84
6,matthew cross †,b ahsan malik,1,2,1,0,0,50.00,20,7.35,147,6,team1,616be51c65ff323064b6be84
7,safyaan sharif,not out,3,3,2,0,0,100.00,20,7.35,147,6,team1,616be51c65ff323064b6be84
8,stephan myburgh,b carter,0,4,1,0,0,0.00,17.5,8.35,149,2,team2,616be51c65ff323064b6be84
9,ben cooper,st †cross b haq,40,28,37,5,0,142.85,17.5,8.35,149,2,team2,616be51c65ff323064b6be84
10,wesley barresi †,not out,75,47,73,8,1,159.57,17.5,8.35,149,2,team2,616be51c65ff323064b6be84
11,michael swart,not out,30,28,39,1,1,107.14,17.5,8.35,149,2,team2,616be51c65ff323064b6be84
