,player,batting,r,b,m,4s,6s,sr,overs,run_rate,total_run,wickets,team,id
0,david warner,c & b peterson,38,29,37,4,1,131.03,20,8.30,166,7,team1,616be0ff65ff323064b6bd7c
1,michael clarke,b parnell,2,6,7,0,0,33.33,20,8.30,166,7,team1,616be0ff65ff323064b6bd7c
2,ricky ponting (c),c botha b morkel,1,5,7,0,0,20.00,20,8.30,166,7,team1,616be0ff65ff323064b6bd7c
3,david hussey,not out,88,44,63,5,6,200.00,20,8.30,166,7,team1,616be0ff65ff323064b6bd7c
4,michael hussey,run out (botha),0,1,2,0,0,0.00,20,8.30,166,7,team1,616be0ff65ff323064b6bd7c
5,brad haddin †,c morkel b peterson,0,3,2,0,0,0.00,20,8.30,166,7,team1,616be0ff65ff323064b6bd7c
6,cameron white,c duminy b peterson,16,20,19,0,1,80.00,20,8.30,166,7,team1,616be0ff65ff323064b6bd7c
7,mitchell johnson,b parnell,10,10,13,1,0,100.00,20,8.30,166,7,team1,616be0ff65ff323064b6bd7c
8,james hopes,not out,5,2,4,1,0,250.00,20,8.30,166,7,team1,616be0ff65ff323064b6bd7c
9,hashim amla,b dj hussey,26,24,38,3,0,108.33,19.2,8.68,168,6,team2,616be0ff65ff323064b6bd7c
10,herschelle gibbs,c ponting b geeves,19,12,13,2,1,158.33,19.2,8.68,168,6,team2,616be0ff65ff323064b6bd7c
11,ab de villiers,b geeves,7,7,11,1,0,100.00,19.2,8.68,168,6,team2,616be0ff65ff323064b6bd7c
12,jean-paul duminy,b hopes,21,21,24,2,0,100.00,19.2,8.68,168,6,team2,616be0ff65ff323064b6bd7c
13,vaughn van jaarsveld,b dj hussey,3,7,14,0,0,42.85,19.2,8.68,168,6,team2,616be0ff65ff323064b6bd7c
14,mark boucher †,not out,36,22,43,5,0,163.63,19.2,8.68,168,6,team2,616be0ff65ff323064b6bd7c
15,albie morkel,c dj hussey b johnson,37,19,27,4,2,194.73,19.2,8.68,168,6,team2,616be0ff65ff323064b6bd7c
16,johan botha (c),not out,7,5,12,1,0,140.00,19.2,8.68,168,6,team2,616be0ff65ff323064b6bd7c
