,player,batting,r,b,m,4s,6s,sr,overs,run_rate,total_run,wickets,team,id
0,ahmed shehzad,c & b bollinger,5,5,8,1,0,100.00,20,9.54,191,5,team1,616be51c65ff323064b6bea7
1,kamran akmal †,c warner b coulter-nile,31,31,61,4,0,100.00,20,9.54,191,5,team1,616be51c65ff323064b6bea7
2,mohammad hafeez (c),b watson,13,10,13,2,0,130.00,20,9.54,191,5,team1,616be51c65ff323064b6bea7
3,umar akmal,c maxwell b starc,94,54,70,9,4,174.07,20,9.54,191,5,team1,616be51c65ff323064b6bea7
4,sohaib maqsood,b coulter-nile,5,7,13,0,0,71.42,20,9.54,191,5,team1,616be51c65ff323064b6bea7
5,shahid afridi,not out,20,11,20,2,1,181.81,20,9.54,191,5,team1,616be51c65ff323064b6bea7
6,shoaib malik,not out,6,3,3,1,0,200.00,20,9.54,191,5,team1,616be51c65ff323064b6bea7
7,david warner,b zulfiqar babar,4,2,1,1,0,200.00,20,8.75,175,10,team2,616be51c65ff323064b6bea7
8,aaron finch,b saeed ajmal,65,54,79,7,2,120.37,20,8.75,175,10,team2,616be51c65ff323064b6bea7
9,shane watson,c †kamran akmal b zulfiqar babar,4,4,3,1,0,100.00,20,8.75,175,10,team2,616be51c65ff323064b6bea7
10,glenn maxwell,c ahmed shehzad b shahid afridi,74,33,48,7,6,224.24,20,8.75,175,10,team2,616be51c65ff323064b6bea7
11,george bailey (c),b shahid afridi,4,9,13,0,0,44.44,20,8.75,175,10,team2,616be51c65ff323064b6bea7
12,brad hodge,c saeed ajmal b umar gul,2,3,6,0,0,66.66,20,8.75,175,10,team2,616be51c65ff323064b6bea7
13,brad haddin †,c shoaib malik b bilawal bhatti,8,8,20,0,0,100.00,20,8.75,175,10,team2,616be51c65ff323064b6bea7
14,nathan coulter-nile,b umar gul,0,3,3,0,0,0.00,20,8.75,175,10,team2,616be51c65ff323064b6bea7
15,mitchell starc,run out (†kamran akmal/shahid afridi),3,2,6,0,0,150.00,20,8.75,175,10,team2,616be51c65ff323064b6bea7
16,brad hogg,b bilawal bhatti,3,3,3,0,0,100.00,20,8.75,175,10,team2,616be51c65ff323064b6bea7
17,doug bollinger,not out,0,0,1,0,0,-,20,8.75,175,10,team2,616be51c65ff323064b6bea7
