,player,batting,r,b,m,4s,6s,sr,overs,run_rate,total_run,wickets,team,id
0,mohammad shahzad †,not out,118,67,-,10,8,176.11,20,10.75,215,6,team1,616be67b65ff323064b6bf0f
1,usman ghani,b cremer,5,13,-,0,0,38.46,20,10.75,215,6,team1,616be67b65ff323064b6bf0f
2,asghar afghan (c),b jongwe,18,12,-,2,1,150.00,20,10.75,215,6,team1,616be67b65ff323064b6bf0f
3,karim sadiq,c moor b chisoro,12,5,-,2,0,240.00,20,10.75,215,6,team1,616be67b65ff323064b6bf0f
4,shafiqullah,c moor b chibhabha,8,6,-,0,1,133.33,20,10.75,215,6,team1,616be67b65ff323064b6bf0f
5,mohammad nabi,b tiripano,22,12,-,1,2,183.33,20,10.75,215,6,team1,616be67b65ff323064b6bf0f
6,gulbadin naib,run out (tiripano/†mutumbami),13,6,-,0,1,216.66,20,10.75,215,6,team1,616be67b65ff323064b6bf0f
7,chamu chibhabha,c mohammad nabi b dawlat zadran,3,6,-,0,0,50.00,18.1,7.37,134,10,team2,616be67b65ff323064b6bf0f
8,hamilton masakadza,b rashid khan,63,44,-,2,5,143.18,18.1,7.37,134,10,team2,616be67b65ff323064b6bf0f
9,richmond mutumbami †,st †mohammad shahzad b amir hamza,1,3,-,0,0,33.33,18.1,7.37,134,10,team2,616be67b65ff323064b6bf0f
10,malcolm waller,lbw b amir hamza,0,1,-,0,0,0.00,18.1,7.37,134,10,team2,616be67b65ff323064b6bf0f
11,sikandar raza,st †mohammad shahzad b mohammad nabi,1,5,-,0,0,20.00,18.1,7.37,134,10,team2,616be67b65ff323064b6bf0f
12,elton chigumbura (c),run out (usman ghani/†mohammad shahzad),0,2,-,0,0,0.00,18.1,7.37,134,10,team2,616be67b65ff323064b6bf0f
13,peter moor,c usman ghani b dawlat zadran,35,32,-,2,2,109.37,18.1,7.37,134,10,team2,616be67b65ff323064b6bf0f
14,luke jongwe,c asghar afghan b sayed shirzad,5,3,-,1,0,166.66,18.1,7.37,134,10,team2,616be67b65ff323064b6bf0f
15,graeme cremer,c usman ghani b sayed shirzad,3,4,-,0,0,75.00,18.1,7.37,134,10,team2,616be67b65ff323064b6bf0f
16,tendai chisoro,run out (gulbadin naib),10,7,-,1,0,142.85,18.1,7.37,134,10,team2,616be67b65ff323064b6bf0f
17,donald tiripano,not out,2,2,-,0,0,100.00,18.1,7.37,134,10,team2,616be67b65ff323064b6bf0f
