,player,batting,r,b,m,4s,6s,sr,overs,run_rate,total_run,wickets,team,id
0,william porterfield (c),c elias sunny b mashrafe mortaza,28,22,33,2,1,127.27,20,7.00,140,8,team1,616be3ab65ff323064b6be21
1,paul stirling,c elias sunny b abdur razzak,17,13,10,2,1,130.76,20,7.00,140,8,team1,616be3ab65ff323064b6be21
2,niall o'brien,c abdur razzak b mashrafe mortaza,22,24,29,2,0,91.66,20,7.00,140,8,team1,616be3ab65ff323064b6be21
3,gary wilson †,c & b abdur razzak,22,25,37,0,1,88.00,20,7.00,140,8,team1,616be3ab65ff323064b6be21
4,kevin o'brien,c elias sunny b mashrafe mortaza,0,1,3,0,0,0.00,20,7.00,140,8,team1,616be3ab65ff323064b6be21
5,andrew poynter,lbw b mashrafe mortaza,1,3,5,0,0,33.33,20,7.00,140,8,team1,616be3ab65ff323064b6be21
6,john mooney,b elias sunny,12,14,12,2,0,85.71,20,7.00,140,8,team1,616be3ab65ff323064b6be21
7,trent johnston,not out,24,14,19,1,1,171.42,20,7.00,140,8,team1,616be3ab65ff323064b6be21
8,tim murtagh,c mahmudullah b shakib al hasan,3,5,10,0,0,60.00,20,7.00,140,8,team1,616be3ab65ff323064b6be21
9,max sorensen,not out,0,0,1,0,0,-,20,7.00,140,8,team1,616be3ab65ff323064b6be21
10,tamim iqbal,c sorensen b stirling,39,37,39,6,0,105.40,20,7.05,141,8,team2,616be3ab65ff323064b6be21
11,mohammad ashraful,c mooney b dockrell,24,25,34,4,0,96.00,20,7.05,141,8,team2,616be3ab65ff323064b6be21
12,shakib al hasan,c nj o'brien b dockrell,3,5,6,0,0,60.00,20,7.05,141,8,team2,616be3ab65ff323064b6be21
13,mushfiqur rahim (c)†,lbw b johnston,18,20,41,0,1,90.00,20,7.05,141,8,team2,616be3ab65ff323064b6be21
14,mahmudullah,c murtagh b stirling,9,8,9,0,1,112.50,20,7.05,141,8,team2,616be3ab65ff323064b6be21
15,ziaur rahman,run out (poynter),0,1,1,0,0,0.00,20,7.05,141,8,team2,616be3ab65ff323064b6be21
16,nasir hossain,c johnston b stirling,5,5,4,1,0,100.00,20,7.05,141,8,team2,616be3ab65ff323064b6be21
17,mashrafe mortaza,b kj o'brien,30,13,16,0,4,230.76,20,7.05,141,8,team2,616be3ab65ff323064b6be21
18,abdur razzak,not out,3,4,9,0,0,75.00,20,7.05,141,8,team2,616be3ab65ff323064b6be21
19,elias sunny,not out,2,2,4,0,0,100.00,20,7.05,141,8,team2,616be3ab65ff323064b6be21
