,player,batting,r,b,m,4s,6s,sr,overs,run_rate,total_run,wickets,team,id
0,vusi sibanda,c shakib al hasan b mashrafe mortaza,4,5,4,1,0,80.00,20,9.00,180,4,team1,616be67b65ff323064b6bf16
1,hamilton masakadza,not out,93,58,93,8,5,160.34,20,9.00,180,4,team1,616be67b65ff323064b6bf16
2,richmond mutumbami †,b abu hider,32,25,40,3,1,128.00,20,9.00,180,4,team1,616be67b65ff323064b6bf16
3,malcolm waller,b taskin ahmed,36,18,24,1,3,200.00,20,9.00,180,4,team1,616be67b65ff323064b6bf16
4,sikandar raza,st †nurul hasan b shakib al hasan,2,5,5,0,0,40.00,20,9.00,180,4,team1,616be67b65ff323064b6bf16
5,elton chigumbura (c),not out,5,9,16,0,0,55.55,20,9.00,180,4,team1,616be67b65ff323064b6bf16
6,tamim iqbal,b madziva,1,2,12,0,0,50.00,19,8.52,162,10,team2,616be67b65ff323064b6bf16
7,soumya sarkar,c †mutumbami b madziva,11,7,6,1,1,157.14,19,8.52,162,10,team2,616be67b65ff323064b6bf16
8,sabbir rahman,c sub (wp masakadza) b chisoro,1,4,7,0,0,25.00,19,8.52,162,10,team2,616be67b65ff323064b6bf16
9,imrul kayes,c jongwe b sikandar raza,18,14,23,2,1,128.57,19,8.52,162,10,team2,616be67b65ff323064b6bf16
10,shakib al hasan,b chisoro,4,3,2,1,0,133.33,19,8.52,162,10,team2,616be67b65ff323064b6bf16
11,mahmudullah,b chisoro,54,41,61,5,2,131.70,19,8.52,162,10,team2,616be67b65ff323064b6bf16
12,nurul hasan †,c chigumbura b sikandar raza,15,15,30,1,0,100.00,19,8.52,162,10,team2,616be67b65ff323064b6bf16
13,mashrafe mortaza (c),c sibanda b jongwe,22,12,18,1,2,183.33,19,8.52,162,10,team2,616be67b65ff323064b6bf16
14,abu hider,c jongwe b madziva,14,10,20,1,1,140.00,19,8.52,162,10,team2,616be67b65ff323064b6bf16
15,arafat sunny,b madziva,10,5,8,2,0,200.00,19,8.52,162,10,team2,616be67b65ff323064b6bf16
16,taskin ahmed,not out,1,1,2,0,0,100.00,19,8.52,162,10,team2,616be67b65ff323064b6bf16
