,player,batting,r,b,m,4s,6s,sr,overs,run_rate,total_run,wickets,team,id
0,rob nicol,lbw b eranga,1,12,27,0,0,8.33,14,5.28,74,7,team1,616be3ab65ff323064b6be49
1,tom latham,b kulasekara,4,5,6,1,0,80.00,14,5.28,74,7,team1,616be3ab65ff323064b6be49
2,brendon mccullum †,c perera b kulasekara,1,10,11,0,0,10.00,14,5.28,74,7,team1,616be3ab65ff323064b6be49
3,ross taylor (c),c †sangakkara b perera,4,10,24,0,0,40.00,14,5.28,74,7,team1,616be3ab65ff323064b6be49
4,james franklin,c †sangakkara b perera,2,7,7,0,0,28.57,14,5.28,74,7,team1,616be3ab65ff323064b6be49
5,bj watling,c chandimal b dananjaya,8,11,11,1,0,72.72,14,5.28,74,7,team1,616be3ab65ff323064b6be49
6,andrew ellis,c thirimanne b dananjaya,16,10,12,1,1,160.00,14,5.28,74,7,team1,616be3ab65ff323064b6be49
7,jacob oram,not out,10,9,19,1,0,111.11,14,5.28,74,7,team1,616be3ab65ff323064b6be49
8,tim southee,not out,21,10,10,4,0,210.00,14,5.28,74,7,team1,616be3ab65ff323064b6be49
9,dilshan munaweera,not out,4,4,7,0,0,100.00,2,3.00,6,10,team2,616be3ab65ff323064b6be49
10,tillakaratne dilshan,not out,2,8,7,0,0,25.00,2,3.00,6,10,team2,616be3ab65ff323064b6be49
