,player,batting,r,b,m,4s,6s,sr,overs,run_rate,total_run,wickets,team,id
0,kamran akmal †,run out (kumar),8,10,8,2,0,80.00,20,6.50,130,7,team1,616be51c65ff323064b6bea4
1,ahmed shehzad,st †dhoni b mishra,22,17,31,2,0,129.41,20,6.50,130,7,team1,616be51c65ff323064b6bea4
2,mohammad hafeez (c),c kumar b jadeja,15,22,22,1,0,68.18,20,6.50,130,7,team1,616be51c65ff323064b6bea4
3,umar akmal,c raina b mohammed shami,33,30,34,2,0,110.00,20,6.50,130,7,team1,616be51c65ff323064b6bea4
4,shoaib malik,c raina b mishra,18,20,23,1,1,90.00,20,6.50,130,7,team1,616be51c65ff323064b6bea4
5,shahid afridi,c raina b kumar,8,10,14,1,0,80.00,20,6.50,130,7,team1,616be51c65ff323064b6bea4
6,sohaib maqsood,run out (jadeja/†dhoni),21,11,12,2,1,190.90,20,6.50,130,7,team1,616be51c65ff323064b6bea4
7,bilawal bhatti,not out,0,0,4,0,0,-,20,6.50,130,7,team1,616be51c65ff323064b6bea4
8,rohit sharma,b saeed ajmal,24,21,41,1,2,114.28,18.3,7.08,131,3,team2,616be51c65ff323064b6bea4
9,shikhar dhawan,c saeed ajmal b umar gul,30,28,35,5,0,107.14,18.3,7.08,131,3,team2,616be51c65ff323064b6bea4
10,virat kohli,not out,36,32,45,4,1,112.50,18.3,7.08,131,3,team2,616be51c65ff323064b6bea4
11,yuvraj singh,b bilawal bhatti,1,2,3,0,0,50.00,18.3,7.08,131,3,team2,616be51c65ff323064b6bea4
12,suresh raina,not out,35,28,34,4,1,125.00,18.3,7.08,131,3,team2,616be51c65ff323064b6bea4
