,player,batting,r,b,m,4s,6s,sr,overs,run_rate,total_run,wickets,team,id
0,hashim amla,c white b hilfenhaus,26,26,28,1,1,100.00,20,7.85,157,5,team1,616be0ff65ff323064b6bd76
1,herschelle gibbs,c mek hussey b hopes,6,12,22,0,0,50.00,20,7.85,157,5,team1,616be0ff65ff323064b6bd76
2,jean-paul duminy,not out,69,41,55,7,2,168.29,20,7.85,157,5,team1,616be0ff65ff323064b6bd76
3,vaughn van jaarsveld,lbw b dj hussey,0,1,2,0,0,0.00,20,7.85,157,5,team1,616be0ff65ff323064b6bd76
4,mark boucher †,c tait b hopes,19,19,19,1,0,100.00,20,7.85,157,5,team1,616be0ff65ff323064b6bd76
5,albie morkel,c dj hussey b bracken,19,13,15,1,1,146.15,20,7.85,157,5,team1,616be0ff65ff323064b6bd76
6,neil mckenzie,not out,7,8,10,0,0,87.50,20,7.85,157,5,team1,616be0ff65ff323064b6bd76
7,shaun marsh,c botha b m morkel,15,17,27,1,1,88.23,18.5,8.54,161,4,team2,616be0ff65ff323064b6bd76
8,david warner,b steyn,7,12,16,0,0,58.33,18.5,8.54,161,4,team2,616be0ff65ff323064b6bd76
9,ricky ponting (c),run out (m morkel),38,31,39,3,1,122.58,18.5,8.54,161,4,team2,616be0ff65ff323064b6bd76
10,michael hussey,not out,53,33,62,5,1,160.60,18.5,8.54,161,4,team2,616be0ff65ff323064b6bd76
11,david hussey,c duminy b m morkel,2,2,2,0,0,100.00,18.5,8.54,161,4,team2,616be0ff65ff323064b6bd76
12,cameron white,not out,40,18,30,5,1,222.22,18.5,8.54,161,4,team2,616be0ff65ff323064b6bd76
