,player,batting,r,b,m,4s,6s,sr,overs,run_rate,total_run,wickets,team,id
0,mohammad hafeez,c astle b milne,61,47,-,8,2,129.78,20,8.55,171,8,team1,616be67b65ff323064b6bf10
1,ahmed shehzad,c elliott b milne,16,14,-,2,1,114.28,20,8.55,171,8,team1,616be67b65ff323064b6bf10
2,sohaib maqsood,c †ronchi b santner,0,2,-,0,0,0.00,20,8.55,171,8,team1,616be67b65ff323064b6bf10
3,shoaib malik,c elliott b santner,20,18,-,1,1,111.11,20,8.55,171,8,team1,616be67b65ff323064b6bf10
4,umar akmal,c munro b milne,24,14,-,1,1,171.42,20,8.55,171,8,team1,616be67b65ff323064b6bf10
5,shahid afridi (c),c williamson b boult,23,8,-,2,2,287.50,20,8.55,171,8,team1,616be67b65ff323064b6bf10
6,imad wasim,c boult b henry,18,9,-,1,1,200.00,20,8.55,171,8,team1,616be67b65ff323064b6bf10
7,sarfaraz ahmed †,c williamson b milne,2,3,-,0,0,66.66,20,8.55,171,8,team1,616be67b65ff323064b6bf10
8,wahab riaz,not out,2,4,-,0,0,50.00,20,8.55,171,8,team1,616be67b65ff323064b6bf10
9,umar gul,not out,1,1,-,0,0,100.00,20,8.55,171,8,team1,616be67b65ff323064b6bf10
10,martin guptill,run out (shahid afridi/imad wasim),2,3,-,0,0,66.66,20,7.75,155,10,team2,616be67b65ff323064b6bf10
11,kane williamson (c),c mohammad hafeez b wahab riaz,70,60,-,6,1,116.66,20,7.75,155,10,team2,616be67b65ff323064b6bf10
12,colin munro,b wahab riaz,56,27,-,2,6,207.40,20,7.75,155,10,team2,616be67b65ff323064b6bf10
13,corey anderson,c & b imad wasim,0,2,-,0,0,0.00,20,7.75,155,10,team2,616be67b65ff323064b6bf10
14,grant elliott,b shahid afridi,3,5,-,0,0,60.00,20,7.75,155,10,team2,616be67b65ff323064b6bf10
15,luke ronchi †,c ahmed shehzad b shahid afridi,0,4,-,0,0,0.00,20,7.75,155,10,team2,616be67b65ff323064b6bf10
16,mitchell santner,c shahid afridi b umar gul,0,4,-,0,0,0.00,20,7.75,155,10,team2,616be67b65ff323064b6bf10
17,todd astle,b umar gul,1,5,-,0,0,20.00,20,7.75,155,10,team2,616be67b65ff323064b6bf10
18,matt henry,c shahid afridi b mohammad amir,10,5,-,2,0,200.00,20,7.75,155,10,team2,616be67b65ff323064b6bf10
19,adam milne,not out,2,2,-,0,0,100.00,20,7.75,155,10,team2,616be67b65ff323064b6bf10
20,trent boult,c shahid afridi b wahab riaz,0,3,-,0,0,0.00,20,7.75,155,10,team2,616be67b65ff323064b6bf10
