,player,batting,r,b,m,4s,6s,sr,overs,run_rate,total_run,wickets,team,id
0,jesse ryder,c †umar akmal b abdul razzaq,0,1,1,0,0,0.00,20,9.25,185,7,team1,616be25c65ff323064b6bde8
1,martin guptill,c shahid afridi b saeed ajmal,44,28,50,3,3,157.14,20,9.25,185,7,team1,616be25c65ff323064b6bde8
2,james franklin,c †umar akmal b shahid afridi,40,43,52,2,1,93.02,20,9.25,185,7,team1,616be25c65ff323064b6bde8
3,ross taylor (c),not out,30,21,40,1,2,142.85,20,9.25,185,7,team1,616be25c65ff323064b6bde8
4,scott styris,c ahmed shehzad b shoaib akhtar,34,14,14,3,3,242.85,20,9.25,185,7,team1,616be25c65ff323064b6bde8
5,peter mcglashan †,lbw b wahab riaz,26,10,13,3,2,260.00,20,9.25,185,7,team1,616be25c65ff323064b6bde8
6,nathan mccullum,c asad shafiq b saeed ajmal,1,3,5,0,0,33.33,20,9.25,185,7,team1,616be25c65ff323064b6bde8
7,kyle mills,st †umar akmal b saeed ajmal,0,1,1,0,0,0.00,20,9.25,185,7,team1,616be25c65ff323064b6bde8
8,mohammad hafeez,run out (guptill/†mcglashan),46,30,36,5,2,153.33,20,7.29,146,9,team2,616be25c65ff323064b6bde8
9,shahid afridi (c),b mills,7,4,7,0,1,175.00,20,7.29,146,9,team2,616be25c65ff323064b6bde8
10,ahmed shehzad,c styris b butler,15,14,26,2,0,107.14,20,7.29,146,9,team2,616be25c65ff323064b6bde8
11,umar akmal †,c mccullum b southee,26,32,44,0,1,81.25,20,7.29,146,9,team2,616be25c65ff323064b6bde8
12,younis khan,c †mcglashan b mccullum,3,4,5,0,0,75.00,20,7.29,146,9,team2,616be25c65ff323064b6bde8
13,asad shafiq,b mccullum,6,11,8,0,0,54.54,20,7.29,146,9,team2,616be25c65ff323064b6bde8
14,abdul razzaq,c †mcglashan b mccullum,14,8,9,0,2,175.00,20,7.29,146,9,team2,616be25c65ff323064b6bde8
15,umar gul,c guptill b mccullum,0,1,1,0,0,0.00,20,7.29,146,9,team2,616be25c65ff323064b6bde8
16,wahab riaz,c mccullum b southee,18,13,17,1,1,138.46,20,7.29,146,9,team2,616be25c65ff323064b6bde8
17,shoaib akhtar,not out,5,3,4,1,0,166.66,20,7.29,146,9,team2,616be25c65ff323064b6bde8
18,saeed ajmal,not out,0,0,2,0,0,-,20,7.29,146,9,team2,616be25c65ff323064b6bde8
