,player,batting,r,b,m,4s,6s,sr,overs,run_rate,total_run,wickets,team,id
0,alex hales,c starc b hazlewood,16,13,24,3,0,123.07,20,6.50,130,9,team1,616be51c65ff323064b6be8c
1,michael lumb,c coulter-nile b hazlewood,18,15,14,4,0,120.00,20,6.50,130,9,team1,616be51c65ff323064b6be8c
2,luke wright,c hodge b starc,0,2,4,0,0,0.00,20,6.50,130,9,team1,616be51c65ff323064b6be8c
3,joe root,run out (maxwell/white),18,14,19,3,0,128.57,20,6.50,130,9,team1,616be51c65ff323064b6be8c
4,eoin morgan,run out (hodge),6,3,5,1,0,200.00,20,6.50,130,9,team1,616be51c65ff323064b6be8c
5,jos buttler †,lbw b coulter-nile,22,27,33,2,0,81.48,20,6.50,130,9,team1,616be51c65ff323064b6be8c
6,ravi bopara,c maxwell b muirhead,6,11,15,0,0,54.54,20,6.50,130,9,team1,616be51c65ff323064b6be8c
7,tim bresnan,b hazlewood,18,19,34,1,0,94.73,20,6.50,130,9,team1,616be51c65ff323064b6be8c
8,stuart broad (c),not out,18,15,24,1,0,120.00,20,6.50,130,9,team1,616be51c65ff323064b6be8c
9,james tredwell,b hazlewood,0,1,1,0,0,0.00,20,6.50,130,9,team1,616be51c65ff323064b6be8c
10,cameron white,not out,58,45,63,9,0,128.88,14.5,8.83,131,2,team2,616be51c65ff323064b6be8c
11,aaron finch,lbw b bresnan,10,11,21,2,0,90.90,14.5,8.83,131,2,team2,616be51c65ff323064b6be8c
12,glenn maxwell,c bresnan b tredwell,2,5,7,0,0,40.00,14.5,8.83,131,2,team2,616be51c65ff323064b6be8c
13,george bailey (c),not out,60,28,33,7,3,214.28,14.5,8.83,131,2,team2,616be51c65ff323064b6be8c
