,player,batting,r,b,m,4s,6s,sr,overs,run_rate,total_run,wickets,team,id
0,martin guptill,run out (behardien/†van wyk),42,37,54,5,0,113.51,20,7.55,151,8,team1,616be67b65ff323064b6bef4
1,kane williamson (c),st †van wyk b phangiso,42,21,34,8,0,200.00,20,7.55,151,8,team1,616be67b65ff323064b6bef4
2,george worker,lbw b phangiso,28,26,38,3,1,107.69,20,7.55,151,8,team1,616be67b65ff323064b6bef4
3,colin munro,c de villiers b wiese,0,1,5,0,0,0.00,20,7.55,151,8,team1,616be67b65ff323064b6bef4
4,grant elliott,c rossouw b wiese,5,4,7,1,0,125.00,20,7.55,151,8,team1,616be67b65ff323064b6bef4
5,luke ronchi †,run out (wiese),5,9,14,0,0,55.55,20,7.55,151,8,team1,616be67b65ff323064b6bef4
6,tom latham,c morkel b rabada,12,10,18,1,0,120.00,20,7.55,151,8,team1,616be67b65ff323064b6bef4
7,nathan mccullum,c de villiers b rabada,2,8,11,0,0,25.00,20,7.55,151,8,team1,616be67b65ff323064b6bef4
8,doug bracewell,not out,7,2,5,0,1,350.00,20,7.55,151,8,team1,616be67b65ff323064b6bef4
9,adam milne,not out,2,2,3,0,0,100.00,20,7.55,151,8,team1,616be67b65ff323064b6bef4
10,morne van wyk †,c worker b bracewell,19,21,21,2,1,90.47,17.5,8.52,152,4,team2,616be67b65ff323064b6bef4
11,hashim amla,c latham b milne,48,41,72,4,1,117.07,17.5,8.52,152,4,team2,616be67b65ff323064b6bef4
12,ab de villiers (c),c mccullum b worker,33,21,22,5,0,157.14,17.5,8.52,152,4,team2,616be67b65ff323064b6bef4
13,rilee rossouw,c †ronchi b mcclenaghan,38,20,24,4,2,190.00,17.5,8.52,152,4,team2,616be67b65ff323064b6bef4
14,david miller,not out,2,3,7,0,0,66.66,17.5,8.52,152,4,team2,616be67b65ff323064b6bef4
15,farhaan behardien,not out,4,2,2,1,0,200.00,17.5,8.52,152,4,team2,616be67b65ff323064b6bef4
