,player,batting,r,b,m,4s,6s,sr,overs,run_rate,total_run,wickets,team,id
0,gautam gambhir,c hopes b bracken,9,6,9,1,0,150.00,17.3,4.22,74,10,team1,616be0ff65ff323064b6bd58
1,virender sehwag,run out (clarke),0,3,5,0,0,0.00,17.3,4.22,74,10,team1,616be0ff65ff323064b6bd58
2,dinesh karthik,b lee,8,8,9,1,0,100.00,17.3,4.22,74,10,team1,616be0ff65ff323064b6bd58
3,robin uthappa,c dj hussey b bracken,1,3,7,0,0,33.33,17.3,4.22,74,10,team1,616be0ff65ff323064b6bd58
4,rohit sharma,b hopes,8,8,15,1,0,100.00,17.3,4.22,74,10,team1,616be0ff65ff323064b6bd58
5,ms dhoni (c)†,c lee b dj hussey,9,27,30,0,0,33.33,17.3,4.22,74,10,team1,616be0ff65ff323064b6bd58
6,irfan pathan,c †gilchrist b bracken,26,30,41,0,0,86.66,17.3,4.22,74,10,team1,616be0ff65ff323064b6bd58
7,praveen kumar,c voges b noffke,6,10,8,0,0,60.00,17.3,4.22,74,10,team1,616be0ff65ff323064b6bd58
8,harbhajan singh,c clarke b voges,1,3,5,0,0,33.33,17.3,4.22,74,10,team1,616be0ff65ff323064b6bd58
9,sreesanth,c hodge b voges,0,1,1,0,0,0.00,17.3,4.22,74,10,team1,616be0ff65ff323064b6bd58
10,ishant sharma,not out,3,6,8,0,0,50.00,17.3,4.22,74,10,team1,616be0ff65ff323064b6bd58
11,adam gilchrist †,c gambhir b kumar,25,22,34,2,1,113.63,11.2,6.61,75,1,team2,616be0ff65ff323064b6bd58
12,michael clarke (c),not out,37,36,50,1,1,102.77,11.2,6.61,75,1,team2,616be0ff65ff323064b6bd58
13,brad hodge,not out,10,10,15,0,0,100.00,11.2,6.61,75,1,team2,616be0ff65ff323064b6bd58
