,player,batting,r,b,m,4s,6s,sr,overs,run_rate,total_run,wickets,team,id
0,graeme smith (c),c †smith b haq,38,29,44,6,1,131.03,20,10.55,211,5,team1,616be0ff65ff323064b6bd83
1,jacques kallis,b haq,48,31,41,8,0,154.83,20,10.55,211,5,team1,616be0ff65ff323064b6bd83
2,herschelle gibbs,st †smith b watson,16,14,11,0,0,114.28,20,10.55,211,5,team1,616be0ff65ff323064b6bd83
3,ab de villiers,not out,79,34,35,5,6,232.35,20,10.55,211,5,team1,616be0ff65ff323064b6bd83
4,albie morkel,c coetzer b drummond,24,11,14,1,2,218.18,20,10.55,211,5,team1,616be0ff65ff323064b6bd83
5,mark boucher †,c coetzer b drummond,2,3,2,0,0,66.66,20,10.55,211,5,team1,616be0ff65ff323064b6bd83
6,jean-paul duminy,not out,0,0,1,0,0,-,20,10.55,211,5,team1,616be0ff65ff323064b6bd83
7,gavin hamilton (c),c duminy b parnell,5,6,10,1,0,83.33,15.4,5.17,81,10,team2,616be0ff65ff323064b6bd83
8,ryan watson,b steyn,4,4,4,1,0,100.00,15.4,5.17,81,10,team2,616be0ff65ff323064b6bd83
9,navdeep poonia,run out (parnell/†boucher),0,1,8,0,0,0.00,15.4,5.17,81,10,team2,616be0ff65ff323064b6bd83
10,kyle coetzer,c & b van der merwe,42,32,44,1,3,131.25,15.4,5.17,81,10,team2,616be0ff65ff323064b6bd83
11,colin smith †,b steyn,0,1,1,0,0,0.00,15.4,5.17,81,10,team2,616be0ff65ff323064b6bd83
12,neil mccallum,b botha,8,16,13,1,0,50.00,15.4,5.17,81,10,team2,616be0ff65ff323064b6bd83
13,jan stander,lbw b botha,2,6,4,0,0,33.33,15.4,5.17,81,10,team2,616be0ff65ff323064b6bd83
14,majid haq,b van der merwe,15,20,18,0,0,75.00,15.4,5.17,81,10,team2,616be0ff65ff323064b6bd83
15,gordon drummond,b morkel,1,2,6,0,0,50.00,15.4,5.17,81,10,team2,616be0ff65ff323064b6bd83
16,glenn rogers,not out,1,3,1,0,0,33.33,15.4,5.17,81,10,team2,616be0ff65ff323064b6bd83
17,calum macleod,b morkel,0,3,4,0,0,0.00,15.4,5.17,81,10,team2,616be0ff65ff323064b6bd83
