,player,batting,r,b,m,4s,6s,sr,overs,run_rate,total_run,wickets,team,id
0,subash khakurel †,c abdur razzak b farhad reza,8,13,20,0,0,61.53,20,6.30,126,5,team1,616be51c65ff323064b6be9d
1,sagar pun,c shakib al hasan b al-amin hossain,12,19,32,2,0,63.15,20,6.30,126,5,team1,616be51c65ff323064b6be9d
2,gyanendra malla,lbw b al-amin hossain,13,6,15,2,0,216.66,20,6.30,126,5,team1,616be51c65ff323064b6be9d
3,paras khadka (c),b mashrafe mortaza,41,35,59,5,0,117.14,20,6.30,126,5,team1,616be51c65ff323064b6be9d
4,sharad vesawkar,run out (†mushfiqur rahim),40,43,63,5,0,93.02,20,6.30,126,5,team1,616be51c65ff323064b6be9d
5,binod bhandari,not out,0,4,5,0,0,0.00,20,6.30,126,5,team1,616be51c65ff323064b6be9d
6,tamim iqbal,c sagar pun b regmi,30,22,32,2,1,136.36,15.3,8.51,132,2,team2,616be51c65ff323064b6be9d
7,anamul haque,run out (sagar pun/†khakurel),42,33,48,5,2,127.27,15.3,8.51,132,2,team2,616be51c65ff323064b6be9d
8,sabbir rahman,not out,21,20,39,1,1,105.00,15.3,8.51,132,2,team2,616be51c65ff323064b6be9d
9,shakib al hasan,not out,37,18,23,1,4,205.55,15.3,8.51,132,2,team2,616be51c65ff323064b6be9d
