,player,batting,r,b,m,4s,6s,sr,overs,run_rate,total_run,wickets,team,id
0,jason roy,c coulter-nile b cummins,11,16,19,1,0,68.75,20,9.10,182,5,team1,616be67b65ff323064b6bef6
1,alex hales,b cummins,3,7,16,0,0,42.85,20,9.10,182,5,team1,616be67b65ff323064b6bef6
2,moeen ali,not out,72,46,70,6,3,156.52,20,9.10,182,5,team1,616be67b65ff323064b6bef6
3,eoin morgan (c),c watson b coulter-nile,74,39,50,3,7,189.74,20,9.10,182,5,team1,616be67b65ff323064b6bef6
4,jos buttler †,c cummins b starc,11,4,5,1,1,275.00,20,9.10,182,5,team1,616be67b65ff323064b6bef6
5,sam billings,run out (smith/starc),2,7,11,0,0,28.57,20,9.10,182,5,team1,616be67b65ff323064b6bef6
6,ben stokes,not out,1,1,1,0,0,100.00,20,9.10,182,5,team1,616be67b65ff323064b6bef6
7,david warner,c finn b willey,4,6,5,0,0,66.66,20,8.85,177,8,team2,616be67b65ff323064b6bef6
8,shane watson,b finn,8,5,8,2,0,160.00,20,8.85,177,8,team2,616be67b65ff323064b6bef6
9,steven smith (c),c billings b willey,90,53,70,7,4,169.81,20,8.85,177,8,team2,616be67b65ff323064b6bef6
10,glenn maxwell,c stokes b ali,44,32,44,6,1,137.50,20,8.85,177,8,team2,616be67b65ff323064b6bef6
11,mitchell marsh,b topley,13,13,16,1,0,100.00,20,8.85,177,8,team2,616be67b65ff323064b6bef6
12,marcus stoinis,not out,10,8,15,1,0,125.00,20,8.85,177,8,team2,616be67b65ff323064b6bef6
13,matthew wade †,run out (morgan/stokes),2,2,5,0,0,100.00,20,8.85,177,8,team2,616be67b65ff323064b6bef6
14,nathan coulter-nile,c rashid b stokes,0,1,4,0,0,0.00,20,8.85,177,8,team2,616be67b65ff323064b6bef6
15,pat cummins,run out (roy/stokes),0,0,1,0,0,-,20,8.85,177,8,team2,616be67b65ff323064b6bef6
16,mitchell starc,not out,0,0,1,0,0,-,20,8.85,177,8,team2,616be67b65ff323064b6bef6
