,player,batting,r,b,m,4s,6s,sr,overs,run_rate,total_run,wickets,team,id
0,chris gayle,c †boucher b van der wath,117,57,75,7,10,205.26,20,10.25,205,6,team1,616be07165ff323064b6bd38
1,devon smith,c †boucher b philander,35,34,58,3,0,102.94,20,10.25,205,6,team1,616be07165ff323064b6bd38
2,marlon samuels,c de villiers b pollock,6,4,3,0,1,150.00,20,10.25,205,6,team1,616be07165ff323064b6bd38
3,shivnarine chanderpaul,c †boucher b van der wath,11,10,21,1,0,110.00,20,10.25,205,6,team1,616be07165ff323064b6bd38
4,dwayne smith,c gibbs b m morkel,1,4,4,0,0,25.00,20,10.25,205,6,team1,616be07165ff323064b6bd38
5,ramnaresh sarwan (c),c de villiers b philander,12,8,10,0,1,150.00,20,10.25,205,6,team1,616be07165ff323064b6bd38
6,denesh ramdin †,not out,6,4,7,1,0,150.00,20,10.25,205,6,team1,616be07165ff323064b6bd38
7,dwayne bravo,not out,0,0,1,0,0,-,20,10.25,205,6,team1,616be07165ff323064b6bd38
8,graeme smith (c),c gayle b rampaul,28,21,31,4,1,133.33,17.4,11.77,208,2,team2,616be07165ff323064b6bd38
9,herschelle gibbs,not out,90,55,101,14,2,163.63,17.4,11.77,208,2,team2,616be07165ff323064b6bd38
10,ab de villiers,c †ramdin b edwards,16,9,18,1,1,177.77,17.4,11.77,208,2,team2,616be07165ff323064b6bd38
11,justin kemp,not out,46,22,50,5,2,209.09,17.4,11.77,208,2,team2,616be07165ff323064b6bd38
