,player,batting,r,b,m,4s,6s,sr,overs,run_rate,total_run,wickets,team,id
0,mohammad hafeez,c †mcglashan b southee,24,21,35,4,0,114.28,20,7.15,143,9,team1,616be25c65ff323064b6bde7
1,shahid afridi (c),c southee b mills,20,12,17,1,2,166.66,20,7.15,143,9,team1,616be25c65ff323064b6bde7
2,ahmed shehzad,c †mcglashan b southee,14,7,9,2,1,200.00,20,7.15,143,9,team1,616be25c65ff323064b6bde7
3,younis khan,c brownlie b southee,2,5,5,0,0,40.00,20,7.15,143,9,team1,616be25c65ff323064b6bde7
4,fawad alam,c franklin b styris,9,11,23,1,0,81.81,20,7.15,143,9,team1,616be25c65ff323064b6bde7
5,umar akmal †,lbw b southee,0,1,1,0,0,0.00,20,7.15,143,9,team1,616be25c65ff323064b6bde7
6,abdul razzaq,c †mcglashan b southee,1,5,6,0,0,20.00,20,7.15,143,9,team1,616be25c65ff323064b6bde7
7,umar gul,lbw b mills,30,31,31,3,1,96.77,20,7.15,143,9,team1,616be25c65ff323064b6bde7
8,wahab riaz,not out,30,21,30,2,2,142.85,20,7.15,143,9,team1,616be25c65ff323064b6bde7
9,saeed ajmal,lbw b mills,1,2,3,0,0,50.00,20,7.15,143,9,team1,616be25c65ff323064b6bde7
10,shoaib akhtar,not out,8,4,7,0,1,200.00,20,7.15,143,9,team1,616be25c65ff323064b6bde7
11,jesse ryder,c younis khan b shoaib akhtar,6,5,9,1,0,120.00,17.1,8.50,146,5,team2,616be25c65ff323064b6bde7
12,martin guptill,run out (mohammad hafeez/†umar akmal),54,29,45,4,4,186.20,17.1,8.50,146,5,team2,616be25c65ff323064b6bde7
13,dean brownlie,c †umar akmal b shoaib akhtar,5,5,7,1,0,100.00,17.1,8.50,146,5,team2,616be25c65ff323064b6bde7
14,scott styris,b shoaib akhtar,7,8,8,0,1,87.50,17.1,8.50,146,5,team2,616be25c65ff323064b6bde7
15,ross taylor (c),not out,39,31,53,2,3,125.80,17.1,8.50,146,5,team2,616be25c65ff323064b6bde7
16,james franklin,lbw b mohammad hafeez,19,17,21,2,1,111.76,17.1,8.50,146,5,team2,616be25c65ff323064b6bde7
17,peter mcglashan †,not out,5,8,11,1,0,62.50,17.1,8.50,146,5,team2,616be25c65ff323064b6bde7
