,player,batting,r,b,m,4s,6s,sr,overs,run_rate,total_run,wickets,team,id
0,michael lumb,lbw b botha,3,4,2,0,0,75.00,20,8.39,168,7,team1,616be25c65ff323064b6bdce
1,craig kieswetter †,c steyn b duminy,41,42,54,3,2,97.61,20,8.39,168,7,team1,616be25c65ff323064b6bdce
2,kevin pietersen,c smith b botha,53,33,41,8,1,160.60,20,8.39,168,7,team1,616be25c65ff323064b6bdce
3,paul collingwood (c),c †boucher b m morkel,14,9,12,0,2,155.55,20,8.39,168,7,team1,616be25c65ff323064b6bdce
4,eoin morgan,c de villiers b langeveldt,21,14,20,3,0,150.00,20,8.39,168,7,team1,616be25c65ff323064b6bdce
5,luke wright,b langeveldt,0,2,6,0,0,0.00,20,8.39,168,7,team1,616be25c65ff323064b6bdce
6,tim bresnan,b m morkel,13,13,13,1,0,100.00,20,8.39,168,7,team1,616be25c65ff323064b6bdce
7,michael yardy,not out,8,5,7,1,0,160.00,20,8.39,168,7,team1,616be25c65ff323064b6bdce
8,graeme swann,not out,1,1,1,0,0,100.00,20,8.39,168,7,team1,616be25c65ff323064b6bdce
9,graeme smith (c),c lumb b swann,19,24,35,2,0,79.16,19,6.78,129,10,team2,616be25c65ff323064b6bdce
10,jacques kallis,c pietersen b broad,11,13,16,0,1,84.61,19,6.78,129,10,team2,616be25c65ff323064b6bdce
11,herschelle gibbs,c sidebottom b yardy,8,8,4,1,0,100.00,19,6.78,129,10,team2,616be25c65ff323064b6bdce
12,ab de villiers,c collingwood b swann,5,9,15,0,0,55.55,19,6.78,129,10,team2,616be25c65ff323064b6bdce
13,albie morkel,b yardy,0,2,1,0,0,0.00,19,6.78,129,10,team2,616be25c65ff323064b6bdce
14,jean-paul duminy,c yardy b sidebottom,39,25,29,2,2,156.00,19,6.78,129,10,team2,616be25c65ff323064b6bdce
15,mark boucher †,c morgan b swann,9,11,10,0,0,81.81,19,6.78,129,10,team2,616be25c65ff323064b6bdce
16,johan botha,c & b sidebottom,12,12,21,0,1,100.00,19,6.78,129,10,team2,616be25c65ff323064b6bdce
17,dale steyn,c morgan b broad,5,6,7,0,0,83.33,19,6.78,129,10,team2,616be25c65ff323064b6bdce
18,morne morkel,b sidebottom,1,2,4,0,0,50.00,19,6.78,129,10,team2,616be25c65ff323064b6bdce
19,charl langeveldt,not out,2,3,3,0,0,66.66,19,6.78,129,10,team2,616be25c65ff323064b6bdce
