,player,batting,r,b,m,4s,6s,sr,overs,run_rate,total_run,wickets,team,id
0,david warner,c mohammad hafeez b yasir arafat,59,34,53,1,6,173.52,20,8.39,168,7,team1,616be3ab65ff323064b6be2a
1,shane watson,c umar gul b yasir arafat,47,32,47,1,5,146.87,20,8.39,168,7,team1,616be3ab65ff323064b6be2a
2,glenn maxwell,c nasir jamshed b raza hasan,27,20,14,3,1,135.00,20,8.39,168,7,team1,616be3ab65ff323064b6be2a
3,michael hussey,b saeed ajmal,12,14,28,1,0,85.71,20,8.39,168,7,team1,616be3ab65ff323064b6be2a
4,george bailey (c),b saeed ajmal,3,6,5,0,0,50.00,20,8.39,168,7,team1,616be3ab65ff323064b6be2a
5,cameron white,c umar akmal b umar gul,0,4,5,0,0,0.00,20,8.39,168,7,team1,616be3ab65ff323064b6be2a
6,dan christian,c †kamran akmal b umar gul,3,3,11,0,0,100.00,20,8.39,168,7,team1,616be3ab65ff323064b6be2a
7,matthew wade †,not out,6,6,9,0,0,100.00,20,8.39,168,7,team1,616be3ab65ff323064b6be2a
8,pat cummins,not out,1,1,2,0,0,100.00,20,8.39,168,7,team1,616be3ab65ff323064b6be2a
9,mohammad hafeez (c),c christian b cummins,9,5,13,1,0,180.00,19.1,3.86,74,10,team2,616be3ab65ff323064b6be2a
10,imran nazir,lbw b starc,1,5,8,0,0,20.00,19.1,3.86,74,10,team2,616be3ab65ff323064b6be2a
11,nasir jamshed,c bailey b maxwell,17,23,38,2,0,73.91,19.1,3.86,74,10,team2,616be3ab65ff323064b6be2a
12,shoaib malik,b cummins,0,3,3,0,0,0.00,19.1,3.86,74,10,team2,616be3ab65ff323064b6be2a
13,kamran akmal †,c watson b starc,0,4,3,0,0,0.00,19.1,3.86,74,10,team2,616be3ab65ff323064b6be2a
14,umar akmal,c hussey b watson,2,6,8,0,0,33.33,19.1,3.86,74,10,team2,616be3ab65ff323064b6be2a
15,abdul razzaq,c sub (dj hussey) b cummins,13,27,47,1,0,48.14,19.1,3.86,74,10,team2,616be3ab65ff323064b6be2a
16,yasir arafat,c white b hogg,15,19,19,0,1,78.94,19.1,3.86,74,10,team2,616be3ab65ff323064b6be2a
17,umar gul,run out (hogg/†wade),3,6,5,0,0,50.00,19.1,3.86,74,10,team2,616be3ab65ff323064b6be2a
18,saeed ajmal,b starc,1,5,12,0,0,20.00,19.1,3.86,74,10,team2,616be3ab65ff323064b6be2a
19,raza hasan,not out,5,12,8,1,0,41.66,19.1,3.86,74,10,team2,616be3ab65ff323064b6be2a
