,player,batting,r,b,m,4s,6s,sr,overs,run_rate,total_run,wickets,team,id
0,loots bosman,c mohammad ashraful b abdur razzak,28,18,26,4,1,155.55,14,8.42,118,7,team1,616be0ff65ff323064b6bd72
1,herschelle gibbs,b syed rasel,18,10,20,4,0,180.00,14,8.42,118,7,team1,616be0ff65ff323064b6bd72
2,justin ontong,c shakib al hasan b abdur razzak,6,12,18,0,0,50.00,14,8.42,118,7,team1,616be0ff65ff323064b6bd72
3,ab de villiers †,b abdur razzak,36,26,32,2,1,138.46,14,8.42,118,7,team1,616be0ff65ff323064b6bd72
4,jean-paul duminy,c †mushfiqur rahim b shakib al hasan,6,6,10,0,0,100.00,14,8.42,118,7,team1,616be0ff65ff323064b6bd72
5,albie morkel,b shakib al hasan,6,6,9,0,0,100.00,14,8.42,118,7,team1,616be0ff65ff323064b6bd72
6,rory kleinveldt,not out,3,3,8,0,0,100.00,14,8.42,118,7,team1,616be0ff65ff323064b6bd72
7,johan botha (c),b abdur razzak,1,2,2,0,0,50.00,14,8.42,118,7,team1,616be0ff65ff323064b6bd72
8,johann louw,not out,1,1,3,0,0,100.00,14,8.42,118,7,team1,616be0ff65ff323064b6bd72
9,tamim iqbal,st †de villiers b botha,25,24,36,4,0,104.16,14,7.78,109,8,team2,616be0ff65ff323064b6bd72
10,junaid siddique,c †de villiers b kleinveldt,4,2,15,1,0,200.00,14,7.78,109,8,team2,616be0ff65ff323064b6bd72
11,mohammad ashraful (c),b botha,21,10,12,5,0,210.00,14,7.78,109,8,team2,616be0ff65ff323064b6bd72
12,raqibul hasan,c †de villiers b m morkel,3,5,7,0,0,60.00,14,7.78,109,8,team2,616be0ff65ff323064b6bd72
13,shakib al hasan,run out (bosman/botha),4,3,6,1,0,133.33,14,7.78,109,8,team2,616be0ff65ff323064b6bd72
14,naeem islam,b steyn,15,17,24,1,0,88.23,14,7.78,109,8,team2,616be0ff65ff323064b6bd72
15,mushfiqur rahim †,run out (botha/†de villiers),12,9,14,2,0,133.33,14,7.78,109,8,team2,616be0ff65ff323064b6bd72
16,mehrab hossain jnr,not out,6,8,15,0,0,75.00,14,7.78,109,8,team2,616be0ff65ff323064b6bd72
17,abdur razzak,b steyn,0,2,2,0,0,0.00,14,7.78,109,8,team2,616be0ff65ff323064b6bd72
18,shahadat hossain,not out,4,4,5,0,0,100.00,14,7.78,109,8,team2,616be0ff65ff323064b6bd72
