,player,batting,r,b,m,4s,6s,sr,overs,run_rate,total_run,wickets,team,id
0,ahmed shehzad,not out,98,64,91,6,6,153.12,20,8.94,179,1,team1,616be46a65ff323064b6be6f
1,nasir jamshed,c chigumbura b sw masakadza,23,17,22,3,1,135.29,20,8.94,179,1,team1,616be46a65ff323064b6be6f
2,mohammad hafeez (c),not out,54,40,65,3,2,135.00,20,8.94,179,1,team1,616be46a65ff323064b6be6f
3,vusi sibanda,c sohail tanvir b mohammad hafeez,23,33,31,3,0,69.69,20,8.00,160,6,team2,616be46a65ff323064b6be6f
4,hamilton masakadza,c umar amin b mohammad hafeez,41,32,50,4,1,128.12,20,8.00,160,6,team2,616be46a65ff323064b6be6f
5,brendan taylor (c)†,c †sarfaraz ahmed b mohammad hafeez,3,4,6,0,0,75.00,20,8.00,160,6,team2,616be46a65ff323064b6be6f
6,sean williams,st †sarfaraz ahmed b zulfiqar babar,25,16,13,2,1,156.25,20,8.00,160,6,team2,616be46a65ff323064b6be6f
7,elton chigumbura,not out,35,19,34,2,2,184.21,20,8.00,160,6,team2,616be46a65ff323064b6be6f
8,timycen maruma,c mohammad hafeez b zulfiqar babar,0,2,2,0,0,0.00,20,8.00,160,6,team2,616be46a65ff323064b6be6f
9,malcolm waller,c shahid afridi b anwar ali,20,14,16,2,1,142.85,20,8.00,160,6,team2,616be46a65ff323064b6be6f
10,shingi masakadza,not out,0,1,6,0,0,0.00,20,8.00,160,6,team2,616be46a65ff323064b6be6f
