,player,batting,r,b,m,4s,6s,sr,overs,run_rate,total_run,wickets,team,id
0,tillakaratne dilshan,c ahmed shehzad b sohail tanvir,7,8,9,1,0,87.50,20,7.25,145,5,team1,616be51c65ff323064b6be87
1,kusal perera,lbw b saeed ajmal,15,16,30,0,1,93.75,20,7.25,145,5,team1,616be51c65ff323064b6be87
2,dinesh chandimal (c),lbw b shahid afridi,22,22,36,3,0,100.00,20,7.25,145,5,team1,616be51c65ff323064b6be87
3,kumar sangakkara †,c shahid afridi b saeed ajmal,21,22,30,1,0,95.45,20,7.25,145,5,team1,616be51c65ff323064b6be87
4,angelo mathews,c sharjeel khan b sohail tanvir,50,34,43,5,1,147.05,20,7.25,145,5,team1,616be51c65ff323064b6be87
5,lahiru thirimanne,not out,23,16,29,1,1,143.75,20,7.25,145,5,team1,616be51c65ff323064b6be87
6,thisara perera,not out,2,2,2,0,0,100.00,20,7.25,145,5,team1,616be51c65ff323064b6be87
7,sharjeel khan,c dilshan b nltc perera,34,31,49,3,0,109.67,19.1,7.61,146,7,team2,616be51c65ff323064b6be87
8,ahmed shehzad,c thirimanne b senanayake,4,9,12,0,0,44.44,19.1,7.61,146,7,team2,616be51c65ff323064b6be87
9,mohammad hafeez (c),lbw b mendis,32,27,41,2,1,118.51,19.1,7.61,146,7,team2,616be51c65ff323064b6be87
10,umar akmal †,run out (mendis),5,3,9,1,0,166.66,19.1,7.61,146,7,team2,616be51c65ff323064b6be87
11,sohaib maqsood,lbw b malinga,13,9,29,1,1,144.44,19.1,7.61,146,7,team2,616be51c65ff323064b6be87
12,umar amin,c chandimal b malinga,8,9,12,1,0,88.88,19.1,7.61,146,7,team2,616be51c65ff323064b6be87
13,shahid afridi,not out,39,20,30,2,3,195.00,19.1,7.61,146,7,team2,616be51c65ff323064b6be87
14,bilawal bhatti,c nltc perera b malinga,10,8,15,1,0,125.00,19.1,7.61,146,7,team2,616be51c65ff323064b6be87
15,sohail tanvir,not out,0,0,3,0,0,-,19.1,7.61,146,7,team2,616be51c65ff323064b6be87
