,player,batting,r,b,m,4s,6s,sr,overs,run_rate,total_run,wickets,team,id
0,ahmed shehzad,c waller b sw masakadza,70,50,79,6,1,140.00,20,8.04,161,5,team1,616be46a65ff323064b6be6e
1,nasir jamshed,c vitori b chatara,2,5,10,0,0,40.00,20,8.04,161,5,team1,616be46a65ff323064b6be6e
2,mohammad hafeez (c),c †taylor b chatara,3,8,8,0,0,37.50,20,8.04,161,5,team1,616be46a65ff323064b6be6e
3,umar amin,c †taylor b utseya,14,18,21,1,0,77.77,20,8.04,161,5,team1,616be46a65ff323064b6be6e
4,sohaib maqsood,c sibanda b chigumbura,26,16,23,1,2,162.50,20,8.04,161,5,team1,616be46a65ff323064b6be6e
5,shahid afridi,not out,23,16,26,1,1,143.75,20,8.04,161,5,team1,616be46a65ff323064b6be6e
6,anwar ali,not out,10,7,12,1,0,142.85,20,8.04,161,5,team1,616be46a65ff323064b6be6e
7,hamilton masakadza,lbw b anwar ali,18,16,33,3,0,112.50,20,6.80,136,5,team2,616be46a65ff323064b6be6e
8,vusi sibanda,b shahid afridi,31,42,50,3,0,73.80,20,6.80,136,5,team2,616be46a65ff323064b6be6e
9,brendan taylor (c)†,not out,32,30,49,3,0,106.66,20,6.80,136,5,team2,616be46a65ff323064b6be6e
10,sean williams,lbw b mohammad hafeez,9,7,5,1,0,128.57,20,6.80,136,5,team2,616be46a65ff323064b6be6e
11,timycen maruma,st †sarfaraz ahmed b shahid afridi,10,13,15,1,0,76.92,20,6.80,136,5,team2,616be46a65ff323064b6be6e
12,elton chigumbura,b shahid afridi,6,5,3,1,0,120.00,20,6.80,136,5,team2,616be46a65ff323064b6be6e
13,malcolm waller,not out,14,7,8,1,1,200.00,20,6.80,136,5,team2,616be46a65ff323064b6be6e
