,player,batting,r,b,m,4s,6s,sr,overs,run_rate,total_run,wickets,team,id
0,kusal perera †,c sammy b pollard,40,30,47,6,1,133.33,20,10.75,215,3,team1,616be67b65ff323064b6befe
1,tillakaratne dilshan,b pollard,56,37,57,8,0,151.35,20,10.75,215,3,team1,616be67b65ff323064b6befe
2,shehan jayasuriya,c & b narine,36,22,33,2,2,163.63,20,10.75,215,3,team1,616be67b65ff323064b6befe
3,dinesh chandimal,not out,40,19,40,4,2,210.52,20,10.75,215,3,team1,616be67b65ff323064b6befe
4,angelo mathews,not out,37,13,17,2,4,284.61,20,10.75,215,3,team1,616be67b65ff323064b6befe
5,johnson charles,b malinga,0,2,2,0,0,0.00,19.5,9.32,185,10,team2,616be67b65ff323064b6befe
6,andre fletcher †,b chameera,57,25,40,3,6,228.00,19.5,9.32,185,10,team2,616be67b65ff323064b6befe
7,marlon samuels,c siriwardana b senanayake,10,13,19,1,0,76.92,19.5,9.32,185,10,team2,616be67b65ff323064b6befe
8,andre russell,b siriwardana,16,8,13,0,2,200.00,19.5,9.32,185,10,team2,616be67b65ff323064b6befe
9,dwayne bravo,c †perera b senanayake,24,12,27,2,2,200.00,19.5,9.32,185,10,team2,616be67b65ff323064b6befe
10,kieron pollard,c kulasekara b siriwardana,26,18,27,2,2,144.44,19.5,9.32,185,10,team2,616be67b65ff323064b6befe
11,daren sammy (c),c kapugedera b senanayake,3,5,7,0,0,60.00,19.5,9.32,185,10,team2,616be67b65ff323064b6befe
12,jason holder,c siriwardana b senanayake,2,4,6,0,0,50.00,19.5,9.32,185,10,team2,616be67b65ff323064b6befe
13,jerome taylor,c chandimal b malinga,6,12,23,0,0,50.00,19.5,9.32,185,10,team2,616be67b65ff323064b6befe
14,sunil narine,b jayasuriya,23,15,18,2,1,153.33,19.5,9.32,185,10,team2,616be67b65ff323064b6befe
15,devendra bishoo,not out,6,5,5,1,0,120.00,19.5,9.32,185,10,team2,616be67b65ff323064b6befe
