,player,batting,r,b,m,4s,6s,sr,overs,run_rate,total_run,wickets,team,id
0,darron reekers,st †ouma b varaiya,29,24,30,6,0,120.83,20,7.65,153,5,team1,616be0ff65ff323064b6bd5e
1,eric szwarczynski,c & b varaiya,28,21,39,2,1,133.33,20,7.65,153,5,team1,616be0ff65ff323064b6bd5e
2,ryan ten doeschate,c otieno b aga,56,45,48,1,3,124.44,20,7.65,153,5,team1,616be0ff65ff323064b6bd5e
3,daan van bunge,st †ouma b kamande,12,13,16,0,0,92.30,20,7.65,153,5,team1,616be0ff65ff323064b6bd5e
4,peter borren,c odoyo b tikolo,1,5,4,0,0,20.00,20,7.65,153,5,team1,616be0ff65ff323064b6bd5e
5,tom de grooth,not out,10,14,19,0,0,71.42,20,7.65,153,5,team1,616be0ff65ff323064b6bd5e
6,mudassar bukhari,not out,0,0,1,0,0,-,20,7.65,153,5,team1,616be0ff65ff323064b6bd5e
7,morris ouma †,c mol b schiferli,13,11,11,2,0,118.18,20,6.70,134,9,team2,616be0ff65ff323064b6bd5e
8,kennedy otieno,c mudassar bukhari b schiferli,13,13,19,2,0,100.00,20,6.70,134,9,team2,616be0ff65ff323064b6bd5e
9,alex obanda,b schiferli,9,16,27,0,0,56.25,20,6.70,134,9,team2,616be0ff65ff323064b6bd5e
10,steve tikolo (c),c ten doeschate b seelaar,37,33,32,3,1,112.12,20,6.70,134,9,team2,616be0ff65ff323064b6bd5e
11,thomas odoyo,c schiferli b borren,17,17,20,0,0,100.00,20,6.70,134,9,team2,616be0ff65ff323064b6bd5e
12,ragheb aga,b ten doeschate,12,13,15,0,1,92.30,20,6.70,134,9,team2,616be0ff65ff323064b6bd5e
13,collins obuya,c & b borren,16,6,12,0,1,266.66,20,6.70,134,9,team2,616be0ff65ff323064b6bd5e
14,jimmy kamande,c †smits b ten doeschate,11,10,10,1,0,110.00,20,6.70,134,9,team2,616be0ff65ff323064b6bd5e
15,peter ongondo,c szwarczynski b ten doeschate,1,2,3,0,0,50.00,20,6.70,134,9,team2,616be0ff65ff323064b6bd5e
16,tony suji,not out,0,0,2,0,0,-,20,6.70,134,9,team2,616be0ff65ff323064b6bd5e
