,player,batting,r,b,m,4s,6s,sr,overs,run_rate,total_run,wickets,team,id
0,vusi sibanda,b benn,0,1,1,0,0,0.00,19.5,5.29,105,10,team1,616be25c65ff323064b6bdbc
1,hamilton masakadza,c †ramdin b sammy,44,57,67,3,1,77.19,19.5,5.29,105,10,team1,616be25c65ff323064b6bdbc
2,tatenda taibu †,lbw b benn,0,7,6,0,0,0.00,19.5,5.29,105,10,team1,616be25c65ff323064b6bdbc
3,stuart matsikenyeri,c †ramdin b benn,0,2,1,0,0,0.00,19.5,5.29,105,10,team1,616be25c65ff323064b6bdbc
4,brendan taylor,b benn,0,3,7,0,0,0.00,19.5,5.29,105,10,team1,616be25c65ff323064b6bdbc
5,greg lamb,b sammy,11,28,32,0,0,39.28,19.5,5.29,105,10,team1,616be25c65ff323064b6bdbc
6,elton chigumbura,c barath b sammy,34,19,27,2,2,178.94,19.5,5.29,105,10,team1,616be25c65ff323064b6bdbc
7,graeme cremer,b rampaul,2,3,8,0,0,66.66,19.5,5.29,105,10,team1,616be25c65ff323064b6bdbc
8,shingi masakadza,c pollard b sammy,0,2,4,0,0,0.00,19.5,5.29,105,10,team1,616be25c65ff323064b6bdbc
9,prosper utseya (c),b sammy,0,1,3,0,0,0.00,19.5,5.29,105,10,team1,616be25c65ff323064b6bdbc
10,ray price,not out,0,0,1,0,0,-,19.5,5.29,105,10,team1,616be25c65ff323064b6bdbc
11,adrian barath,b price,8,19,21,1,0,42.10,20,3.95,79,7,team2,616be25c65ff323064b6bdbc
12,shivnarine chanderpaul,lbw b lamb,20,30,48,1,0,66.66,20,3.95,79,7,team2,616be25c65ff323064b6bdbc
13,andre fletcher,c sw masakadza b utseya,0,2,5,0,0,0.00,20,3.95,79,7,team2,616be25c65ff323064b6bdbc
14,kieron pollard,b cremer,1,4,8,0,0,25.00,20,3.95,79,7,team2,616be25c65ff323064b6bdbc
15,darren bravo,lbw b cremer,0,1,1,0,0,0.00,20,3.95,79,7,team2,616be25c65ff323064b6bdbc
16,denesh ramdin (c)†,not out,23,36,44,1,0,63.88,20,3.95,79,7,team2,616be25c65ff323064b6bdbc
17,dwayne smith,c utseya b lamb,12,15,14,0,1,80.00,20,3.95,79,7,team2,616be25c65ff323064b6bdbc
18,daren sammy,b cremer,2,4,5,0,0,50.00,20,3.95,79,7,team2,616be25c65ff323064b6bdbc
19,ravi rampaul,not out,3,9,13,0,0,33.33,20,3.95,79,7,team2,616be25c65ff323064b6bdbc
