,player,batting,r,b,m,4s,6s,sr,overs,run_rate,total_run,wickets,team,id
0,rob nicol,c †de kock b kleinveldt,3,5,9,0,0,60.00,18.2,4.69,86,10,team1,616be3ab65ff323064b6be4c
1,peter fulton,c morris b steyn,9,13,18,2,0,69.23,18.2,4.69,86,10,team1,616be3ab65ff323064b6be4c
2,brendon mccullum (c)†,c steyn b kleinveldt,6,11,12,1,0,54.54,18.2,4.69,86,10,team1,616be3ab65ff323064b6be4c
3,james franklin,c †de kock b mclaren,0,3,10,0,0,0.00,18.2,4.69,86,10,team1,616be3ab65ff323064b6be4c
4,colin munro,c & b morris,23,18,34,4,0,127.77,18.2,4.69,86,10,team1,616be3ab65ff323064b6be4c
5,corey anderson,c levi b morris,5,5,6,1,0,100.00,18.2,4.69,86,10,team1,616be3ab65ff323064b6be4c
6,nathan mccullum,b peterson,1,7,5,0,0,14.28,18.2,4.69,86,10,team1,616be3ab65ff323064b6be4c
7,james neesham,b peterson,10,7,8,2,0,142.85,18.2,4.69,86,10,team1,616be3ab65ff323064b6be4c
8,doug bracewell,not out,21,25,32,3,0,84.00,18.2,4.69,86,10,team1,616be3ab65ff323064b6be4c
9,ronnie hira,c kleinveldt b steyn,5,13,19,0,0,38.46,18.2,4.69,86,10,team1,616be3ab65ff323064b6be4c
10,mitchell mcclenaghan,c peterson b kleinveldt,0,3,5,0,0,0.00,18.2,4.69,86,10,team1,616be3ab65ff323064b6be4c
11,richard levi,c fulton b mcclenaghan,0,5,2,0,0,0.00,12.1,7.15,87,2,team2,616be3ab65ff323064b6be4c
12,henry davids,b hira,20,13,25,3,1,153.84,12.1,7.15,87,2,team2,616be3ab65ff323064b6be4c
13,faf du plessis (c),not out,38,32,45,6,0,118.75,12.1,7.15,87,2,team2,616be3ab65ff323064b6be4c
14,quinton de kock †,not out,28,23,23,5,0,121.73,12.1,7.15,87,2,team2,616be3ab65ff323064b6be4c
