,player,batting,r,b,m,4s,6s,sr,overs,run_rate,total_run,wickets,team,id
0,mahela jayawardene,not out,98,56,85,9,4,175.00,20,9.75,195,3,team1,616be25c65ff323064b6bdcc
1,sanath jayasuriya,c taylor b roach,6,10,12,1,0,60.00,20,9.75,195,3,team1,616be25c65ff323064b6bdcc
2,kumar sangakkara (c)†,c pollard b bravo,68,49,67,5,3,138.77,20,9.75,195,3,team1,616be25c65ff323064b6bdcc
3,chamara kapugedera,b roach,6,4,4,1,0,150.00,20,9.75,195,3,team1,616be25c65ff323064b6bdcc
4,tillakaratne dilshan,not out,4,1,1,1,0,400.00,20,9.75,195,3,team1,616be25c65ff323064b6bdcc
5,chris gayle (c),c mathews b kulasekara,5,4,13,1,0,125.00,20,6.90,138,8,team2,616be25c65ff323064b6bdcc
6,shivnarine chanderpaul,c kapugedera b mathews,11,9,9,1,1,122.22,20,6.90,138,8,team2,616be25c65ff323064b6bdcc
7,ramnaresh sarwan,c & b mendis,28,33,46,2,0,84.84,20,6.90,138,8,team2,616be25c65ff323064b6bdcc
8,dwayne bravo,c mathews b malinga,23,23,34,3,0,100.00,20,6.90,138,8,team2,616be25c65ff323064b6bdcc
9,andre fletcher †,b malinga,16,18,22,2,0,88.88,20,6.90,138,8,team2,616be25c65ff323064b6bdcc
10,kieron pollard,c kapugedera b mendis,9,10,12,1,0,90.00,20,6.90,138,8,team2,616be25c65ff323064b6bdcc
11,daren sammy,lbw b malinga,2,3,9,0,0,66.66,20,6.90,138,8,team2,616be25c65ff323064b6bdcc
12,wavell hinds,lbw b mendis,5,7,3,1,0,71.42,20,6.90,138,8,team2,616be25c65ff323064b6bdcc
13,jerome taylor,not out,16,9,9,2,0,177.77,20,6.90,138,8,team2,616be25c65ff323064b6bdcc
14,sulieman benn,not out,6,4,6,1,0,150.00,20,6.90,138,8,team2,616be25c65ff323064b6bdcc
