,player,batting,r,b,m,4s,6s,sr,overs,run_rate,total_run,wickets,team,id
0,shahzaib hasan,c duminy b tsotsobe,9,14,28,0,0,64.28,19.5,6.00,119,10,team1,616be25c65ff323064b6bde4
1,imran farhat,c smith b tsotsobe,10,8,10,2,0,125.00,19.5,6.00,119,10,team1,616be25c65ff323064b6bde4
2,mohammad hafeez,c ingram b botha,13,17,26,2,0,76.47,19.5,6.00,119,10,team1,616be25c65ff323064b6bde4
3,umar akmal,c botha b ja morkel,14,21,30,1,0,66.66,19.5,6.00,119,10,team1,616be25c65ff323064b6bde4
4,shahid afridi (c),c bosman b botha,25,7,8,1,3,357.14,19.5,6.00,119,10,team1,616be25c65ff323064b6bde4
5,misbah-ul-haq,not out,27,32,43,2,1,84.37,19.5,6.00,119,10,team1,616be25c65ff323064b6bde4
6,abdul razzaq,b botha,4,5,3,0,0,80.00,19.5,6.00,119,10,team1,616be25c65ff323064b6bde4
7,zulqarnain haider †,c duminy b m morkel,1,4,2,0,0,25.00,19.5,6.00,119,10,team1,616be25c65ff323064b6bde4
8,umar gul,c smith b tsotsobe,0,5,4,0,0,0.00,19.5,6.00,119,10,team1,616be25c65ff323064b6bde4
9,saeed ajmal,run out (miller),4,7,8,0,0,57.14,19.5,6.00,119,10,team1,616be25c65ff323064b6bde4
10,shoaib akhtar,run out (miller),3,2,9,0,0,150.00,19.5,6.00,119,10,team1,616be25c65ff323064b6bde4
11,graeme smith,b mohammad hafeez,13,12,26,3,0,108.33,18.2,6.54,120,4,team2,616be25c65ff323064b6bde4
12,loots bosman,c imran farhat b shoaib akhtar,2,4,12,0,0,50.00,18.2,6.54,120,4,team2,616be25c65ff323064b6bde4
13,ab de villiers †,b shoaib akhtar,0,3,2,0,0,0.00,18.2,6.54,120,4,team2,616be25c65ff323064b6bde4
14,jean-paul duminy,c umar akmal b saeed ajmal,41,46,54,5,0,89.13,18.2,6.54,120,4,team2,616be25c65ff323064b6bde4
15,colin ingram,not out,46,38,54,4,2,121.05,18.2,6.54,120,4,team2,616be25c65ff323064b6bde4
16,david miller,not out,13,7,12,3,0,185.71,18.2,6.54,120,4,team2,616be25c65ff323064b6bde4
