,player,batting,r,b,m,4s,6s,sr,overs,run_rate,total_run,wickets,team,id
0,jamie how,c shah b anderson,1,5,4,0,0,20.00,20,6.15,123,9,team1,616be0ff65ff323064b6bd5c
1,brendon mccullum †,b wright,24,23,45,1,1,104.34,20,6.15,123,9,team1,616be0ff65ff323064b6bd5c
2,james marshall,c †ambrose b broad,13,11,6,2,0,118.18,20,6.15,123,9,team1,616be0ff65ff323064b6bd5c
3,ross taylor,b collingwood,25,18,19,3,2,138.88,20,6.15,123,9,team1,616be0ff65ff323064b6bd5c
4,scott styris,b broad,10,22,34,0,0,45.45,20,6.15,123,9,team1,616be0ff65ff323064b6bd5c
5,peter fulton,b swann,0,2,2,0,0,0.00,20,6.15,123,9,team1,616be0ff65ff323064b6bd5c
6,daniel flynn,st †ambrose b swann,23,19,21,1,1,121.05,20,6.15,123,9,team1,616be0ff65ff323064b6bd5c
7,daniel vettori (c),not out,11,11,15,1,0,100.00,20,6.15,123,9,team1,616be0ff65ff323064b6bd5c
8,kyle mills,c bell b anderson,12,7,7,2,0,171.42,20,6.15,123,9,team1,616be0ff65ff323064b6bd5c
9,michael mason,run out (wright/†ambrose),2,2,2,0,0,100.00,20,6.15,123,9,team1,616be0ff65ff323064b6bd5c
10,ian bell,not out,60,46,70,9,1,130.43,17.3,7.25,127,1,team2,616be0ff65ff323064b6bd5c
11,luke wright,c gillespie b mason,24,18,25,5,0,133.33,17.3,7.25,127,1,team2,616be0ff65ff323064b6bd5c
12,kevin pietersen,not out,42,41,43,5,0,102.43,17.3,7.25,127,1,team2,616be0ff65ff323064b6bd5c
