,player,batting,r,b,m,4s,6s,sr,overs,run_rate,total_run,wickets,team,id
0,david warner,c vettori b o'brien,23,15,19,4,0,153.33,20,7.50,150,7,team1,616be0ff65ff323064b6bd78
1,brad haddin (c)†,c & b southee,15,10,15,2,0,150.00,20,7.50,150,7,team1,616be0ff65ff323064b6bd78
2,callum ferguson,b butler,8,9,15,1,0,88.88,20,7.50,150,7,team1,616be0ff65ff323064b6bd78
3,david hussey,c broom b vettori,41,39,51,1,1,105.12,20,7.50,150,7,team1,616be0ff65ff323064b6bd78
4,adam voges,lbw b elliott,26,24,28,2,0,108.33,20,7.50,150,7,team1,616be0ff65ff323064b6bd78
5,cameron white,c vettori b o'brien,16,11,16,0,1,145.45,20,7.50,150,7,team1,616be0ff65ff323064b6bd78
6,james hopes,not out,16,10,12,1,0,160.00,20,7.50,150,7,team1,616be0ff65ff323064b6bd78
7,moises henriques,run out (†bb mccullum/southee),1,2,2,0,0,50.00,20,7.50,150,7,team1,616be0ff65ff323064b6bd78
8,peter siddle,not out,1,1,3,0,0,100.00,20,7.50,150,7,team1,616be0ff65ff323064b6bd78
9,brendon mccullum †,c voges b hilfenhaus,61,47,71,5,2,129.78,20,7.45,149,5,team2,616be0ff65ff323064b6bd78
10,martin guptill,lbw b siddle,0,2,2,0,0,0.00,20,7.45,149,5,team2,616be0ff65ff323064b6bd78
11,peter fulton,c †haddin b siddle,1,8,8,0,0,12.50,20,7.45,149,5,team2,616be0ff65ff323064b6bd78
12,neil broom,c ferguson b hopes,36,26,31,6,0,138.46,20,7.45,149,5,team2,616be0ff65ff323064b6bd78
13,grant elliott,not out,23,30,38,1,0,76.66,20,7.45,149,5,team2,616be0ff65ff323064b6bd78
14,james franklin,run out (†haddin),3,3,6,0,0,100.00,20,7.45,149,5,team2,616be0ff65ff323064b6bd78
15,nathan mccullum,not out,10,4,3,1,1,250.00,20,7.45,149,5,team2,616be0ff65ff323064b6bd78
