,player,batting,r,b,m,4s,6s,sr,overs,run_rate,total_run,wickets,team,id
0,david warner,c shahzad b yardy,30,28,45,5,0,107.14,20,7.85,157,4,team1,616be25c65ff323064b6bdeb
1,shane watson,b yardy,59,31,35,6,3,190.32,20,7.85,157,4,team1,616be25c65ff323064b6bdeb
2,david hussey,b bresnan,28,27,32,1,1,103.70,20,7.85,157,4,team1,616be25c65ff323064b6bdeb
3,cameron white (c),c pietersen b woakes,6,9,14,0,0,66.66,20,7.85,157,4,team1,616be25c65ff323064b6bdeb
4,aaron finch,not out,15,14,21,1,0,107.14,20,7.85,157,4,team1,616be25c65ff323064b6bdeb
5,steven smith,not out,15,11,12,1,0,136.36,20,7.85,157,4,team1,616be25c65ff323064b6bdeb
6,ian bell,c smith b johnson,27,17,20,4,1,158.82,20,7.90,158,9,team2,616be25c65ff323064b6bdeb
7,steven davies †,c white b lee,4,2,4,1,0,200.00,20,7.90,158,9,team2,616be25c65ff323064b6bdeb
8,kevin pietersen,c hussey b o'keefe,25,11,20,3,1,227.27,20,7.90,158,9,team2,616be25c65ff323064b6bdeb
9,paul collingwood (c),c †paine b hussey,16,20,29,2,0,80.00,20,7.90,158,9,team2,616be25c65ff323064b6bdeb
10,eoin morgan,c hussey b watson,43,33,40,5,1,130.30,20,7.90,158,9,team2,616be25c65ff323064b6bdeb
11,luke wright,lbw b tait,0,2,4,0,0,0.00,20,7.90,158,9,team2,616be25c65ff323064b6bdeb
12,tim bresnan,c lee b watson,11,11,21,1,0,100.00,20,7.90,158,9,team2,616be25c65ff323064b6bdeb
13,michael yardy,c †paine b watson,0,1,1,0,0,0.00,20,7.90,158,9,team2,616be25c65ff323064b6bdeb
14,chris woakes,not out,19,15,23,1,1,126.66,20,7.90,158,9,team2,616be25c65ff323064b6bdeb
15,graeme swann,b watson,6,5,9,0,0,120.00,20,7.90,158,9,team2,616be25c65ff323064b6bdeb
16,ajmal shahzad,not out,0,3,5,0,0,0.00,20,7.90,158,9,team2,616be25c65ff323064b6bdeb
