,player,batting,r,b,m,4s,6s,sr,overs,run_rate,total_run,wickets,team,id
0,morne van wyk †,not out,114,70,85,9,7,162.85,20,9.75,195,3,team1,616be5d165ff323064b6becd
1,reeza hendricks,c smith b pollard,42,32,49,5,1,131.25,20,9.75,195,3,team1,616be5d165ff323064b6becd
2,david wiese,b bravo,21,16,22,2,0,131.25,20,9.75,195,3,team1,616be5d165ff323064b6becd
3,rilee rossouw,c †fletcher b cottrell,0,1,4,0,0,0.00,20,9.75,195,3,team1,616be5d165ff323064b6becd
4,jean-paul duminy,not out,7,2,7,0,1,350.00,20,9.75,195,3,team1,616be5d165ff323064b6becd
5,dwayne smith,b phangiso,5,10,22,0,0,50.00,19,6.63,126,10,team2,616be5d165ff323064b6becd
6,lendl simmons,c duminy b wiese,49,31,36,6,2,158.06,19,6.63,126,10,team2,616be5d165ff323064b6becd
7,marlon samuels,c ontong b wiese,6,8,6,1,0,75.00,19,6.63,126,10,team2,616be5d165ff323064b6becd
8,andre fletcher †,c abbott b parnell,2,6,11,0,0,33.33,19,6.63,126,10,team2,616be5d165ff323064b6becd
9,dwayne bravo,c †van wyk b wiese,12,13,16,0,0,92.30,19,6.63,126,10,team2,616be5d165ff323064b6becd
10,kieron pollard,not out,20,23,43,0,0,86.95,19,6.63,126,10,team2,616be5d165ff323064b6becd
11,andre russell,c ontong b parnell,12,6,7,1,1,200.00,19,6.63,126,10,team2,616be5d165ff323064b6becd
12,daren sammy (c),c ontong b wiese,8,9,10,0,0,88.88,19,6.63,126,10,team2,616be5d165ff323064b6becd
13,carlos brathwaite,c hendricks b wiese,1,2,2,0,0,50.00,19,6.63,126,10,team2,616be5d165ff323064b6becd
14,ashley nurse,c duminy b de lange,3,5,7,0,0,60.00,19,6.63,126,10,team2,616be5d165ff323064b6becd
15,sheldon cottrell,b de lange,0,1,1,0,0,0.00,19,6.63,126,10,team2,616be5d165ff323064b6becd
