,player,batting,r,b,m,4s,6s,sr,overs,run_rate,total_run,wickets,team,id
0,ravi bopara,c shoaib malik b mohammad amir,5,6,4,1,0,83.33,20,9.25,185,5,team1,616be0ff65ff323064b6bd84
1,luke wright,b umar gul,34,16,31,6,1,212.50,20,9.25,185,5,team1,616be0ff65ff323064b6bd84
2,kevin pietersen,c umar gul b saeed ajmal,58,38,70,5,3,152.63,20,9.25,185,5,team1,616be0ff65ff323064b6bd84
3,owais shah,b umar gul,33,32,26,3,1,103.12,20,9.25,185,5,team1,616be0ff65ff323064b6bd84
4,paul collingwood (c),c shahid afridi b saeed ajmal,15,11,8,2,0,136.36,20,9.25,185,5,team1,616be0ff65ff323064b6bd84
5,dimitri mascarenhas,not out,16,12,15,1,0,133.33,20,9.25,185,5,team1,616be0ff65ff323064b6bd84
6,james foster †,not out,14,8,11,0,1,175.00,20,9.25,185,5,team1,616be0ff65ff323064b6bd84
7,ahmed shehzad,c collingwood b mascarenhas,4,7,10,0,0,57.14,20,6.85,137,7,team2,616be0ff65ff323064b6bd84
8,salman butt,c bopara b broad,28,23,30,5,0,121.73,20,6.85,137,7,team2,616be0ff65ff323064b6bd84
9,kamran akmal †,c wright b broad,6,6,16,0,0,100.00,20,6.85,137,7,team2,616be0ff65ff323064b6bd84
10,shoaib malik,c †foster b wright,20,21,20,1,0,95.23,20,6.85,137,7,team2,616be0ff65ff323064b6bd84
11,younis khan (c),not out,46,31,54,5,0,148.38,20,6.85,137,7,team2,616be0ff65ff323064b6bd84
12,shahid afridi,c sub (ejg morgan) b swann,5,12,7,0,0,41.66,20,6.85,137,7,team2,616be0ff65ff323064b6bd84
13,misbah-ul-haq,c sub (ejg morgan) b anderson,10,8,4,0,1,125.00,20,6.85,137,7,team2,616be0ff65ff323064b6bd84
14,yasir arafat,c wright b broad,4,6,8,0,0,66.66,20,6.85,137,7,team2,616be0ff65ff323064b6bd84
15,umar gul,not out,8,6,3,1,0,133.33,20,6.85,137,7,team2,616be0ff65ff323064b6bd84
