,player,batting,r,b,m,4s,6s,sr,overs,run_rate,total_run,wickets,team,id
0,stephan myburgh,c patel b odhiambo,0,2,1,0,0,0.00,20,6.50,130,7,team1,616be46a65ff323064b6be81
1,michael swart,lbw b odoyo,44,37,50,4,0,118.91,20,6.50,130,7,team1,616be46a65ff323064b6be81
2,wesley barresi †,c odhiambo b aga,28,25,34,2,0,112.00,20,6.50,130,7,team1,616be46a65ff323064b6be81
3,peter borren (c),st †ouma b tikolo,6,7,10,0,0,85.71,20,6.50,130,7,team1,616be46a65ff323064b6be81
4,ben cooper,lbw b tikolo,0,2,1,0,0,0.00,20,6.50,130,7,team1,616be46a65ff323064b6be81
5,mudassar bukhari,c varaiya b odoyo,10,12,12,1,0,83.33,20,6.50,130,7,team1,616be46a65ff323064b6be81
6,eric szwarczynski,not out,14,20,27,0,0,70.00,20,6.50,130,7,team1,616be46a65ff323064b6be81
7,michael rippon,c obuya b odoyo,5,9,11,0,0,55.55,20,6.50,130,7,team1,616be46a65ff323064b6be81
8,tim gruijters,not out,11,8,6,1,0,137.50,20,6.50,130,7,team1,616be46a65ff323064b6be81
9,steve tikolo,c †barresi b mudassar bukhari,0,4,2,0,0,0.00,20,5.05,101,9,team2,616be46a65ff323064b6be81
10,alex obanda,b swart,2,9,14,0,0,22.22,20,5.05,101,9,team2,616be46a65ff323064b6be81
11,nehemiah odhiambo,b mudassar bukhari,0,1,1,0,0,0.00,20,5.05,101,9,team2,616be46a65ff323064b6be81
12,collins obuya (c),c †barresi b mudassar bukhari,1,5,6,0,0,20.00,20,5.05,101,9,team2,616be46a65ff323064b6be81
13,morris ouma †,c ahsan malik b swart,2,8,10,0,0,25.00,20,5.05,101,9,team2,616be46a65ff323064b6be81
14,thomas odoyo,c gruijters b van meekeren,3,11,10,0,0,27.27,20,5.05,101,9,team2,616be46a65ff323064b6be81
15,rakep patel,lbw b ahsan malik,16,19,35,0,0,84.21,20,5.05,101,9,team2,616be46a65ff323064b6be81
16,ragheb aga,c †barresi b rippon,4,7,11,0,0,57.14,20,5.05,101,9,team2,616be46a65ff323064b6be81
17,shem ngoche,c †barresi b borren,38,28,27,2,2,135.71,20,5.05,101,9,team2,616be46a65ff323064b6be81
18,hiren varaiya,not out,18,18,23,1,0,100.00,20,5.05,101,9,team2,616be46a65ff323064b6be81
19,elijah otieno,not out,5,11,15,0,0,45.45,20,5.05,101,9,team2,616be46a65ff323064b6be81
