,player,batting,r,b,m,4s,6s,sr,overs,run_rate,total_run,wickets,team,id
0,henry davids,b kulasekara,7,10,10,0,0,70.00,20,7.25,145,6,team1,616be46a65ff323064b6be6c
1,quinton de kock †,st †sangakkara b senanayake,19,23,30,3,0,82.60,20,7.25,145,6,team1,616be46a65ff323064b6be6c
2,faf du plessis (c),b malinga,12,15,24,0,1,80.00,20,7.25,145,6,team1,616be46a65ff323064b6be6c
3,jean-paul duminy,c mathews b senanayake,30,23,35,3,0,130.43,20,7.25,145,6,team1,616be46a65ff323064b6be6c
4,ab de villiers,run out (mdkj perera),15,14,19,1,0,107.14,20,7.25,145,6,team1,616be46a65ff323064b6be6c
5,david miller,c chandimal b kulasekara,36,21,25,1,2,171.42,20,7.25,145,6,team1,616be46a65ff323064b6be6c
6,david wiese,not out,7,8,21,0,0,87.50,20,7.25,145,6,team1,616be46a65ff323064b6be6c
7,wayne parnell,not out,10,6,6,1,0,166.66,20,7.25,145,6,team1,616be46a65ff323064b6be6c
8,kusal perera,lbw b imran tahir,21,22,39,3,0,95.45,20,6.15,123,7,team2,616be46a65ff323064b6be6c
9,mahela jayawardene,c †de kock b tsotsobe,6,5,5,1,0,120.00,20,6.15,123,7,team2,616be46a65ff323064b6be6c
10,dinesh chandimal (c),c †de kock b tsotsobe,2,7,16,0,0,28.57,20,6.15,123,7,team2,616be46a65ff323064b6be6c
11,kumar sangakkara †,c wiese b morkel,39,35,47,4,0,111.42,20,6.15,123,7,team2,616be46a65ff323064b6be6c
12,lahiru thirimanne,b parnell,18,18,19,1,0,100.00,20,6.15,123,7,team2,616be46a65ff323064b6be6c
13,angelo mathews,c de villiers b wiese,1,3,4,0,0,33.33,20,6.15,123,7,team2,616be46a65ff323064b6be6c
14,thisara perera,not out,22,20,25,2,0,110.00,20,6.15,123,7,team2,616be46a65ff323064b6be6c
15,nuwan kulasekara,c †de kock b morkel,10,9,14,0,1,111.11,20,6.15,123,7,team2,616be46a65ff323064b6be6c
16,sachithra senanayake,not out,1,1,6,0,0,100.00,20,6.15,123,7,team2,616be46a65ff323064b6be6c
