,player,batting,r,b,m,4s,6s,sr,overs,run_rate,total_run,wickets,team,id
0,john davison,c otieno b ongondo,6,13,12,0,0,46.15,19.4,4.62,91,10,team1,616be0ff65ff323064b6bd62
1,geoff barnett,c varaiya b ongondo,13,16,24,2,0,81.25,19.4,4.62,91,10,team1,616be0ff65ff323064b6bd62
2,abdool samad,c & b odoyo,6,4,7,1,0,150.00,19.4,4.62,91,10,team1,616be0ff65ff323064b6bd62
3,ashish bagai †,c & b suji,8,10,14,0,0,80.00,19.4,4.62,91,10,team1,616be0ff65ff323064b6bd62
4,zubin surkari,run out (tikolo),4,10,18,0,0,40.00,19.4,4.62,91,10,team1,616be0ff65ff323064b6bd62
5,sunil dhaniram,c tikolo b suji,6,7,9,1,0,85.71,19.4,4.62,91,10,team1,616be0ff65ff323064b6bd62
6,karun jethi,run out (aga),13,19,28,0,0,68.42,19.4,4.62,91,10,team1,616be0ff65ff323064b6bd62
7,sanjayan thuraisingam (c),c aga b kamande,15,18,22,1,0,83.33,19.4,4.62,91,10,team1,616be0ff65ff323064b6bd62
8,harvir baidwan,lbw b varaiya,1,3,2,0,0,33.33,19.4,4.62,91,10,team1,616be0ff65ff323064b6bd62
9,eion katchay,not out,7,12,12,0,0,58.33,19.4,4.62,91,10,team1,616be0ff65ff323064b6bd62
10,henry osinde,run out (kamande),2,7,10,0,0,28.57,19.4,4.62,91,10,team1,616be0ff65ff323064b6bd62
11,morris ouma †,run out (dhaniram),1,1,4,0,0,100.00,17.5,5.15,92,6,team2,616be0ff65ff323064b6bd62
12,kennedy otieno,c sub (sr welsh) b baidwan,40,42,67,2,2,95.23,17.5,5.15,92,6,team2,616be0ff65ff323064b6bd62
13,nehemiah odhiambo,c †bagai b baidwan,12,20,20,1,0,60.00,17.5,5.15,92,6,team2,616be0ff65ff323064b6bd62
14,steve tikolo (c),lbw b dhaniram,12,13,15,2,0,92.30,17.5,5.15,92,6,team2,616be0ff65ff323064b6bd62
15,thomas odoyo,c barnett b davison,7,13,15,0,0,53.84,17.5,5.15,92,6,team2,616be0ff65ff323064b6bd62
16,jimmy kamande,c & b davison,5,6,7,0,0,83.33,17.5,5.15,92,6,team2,616be0ff65ff323064b6bd62
17,ragheb aga,not out,6,7,13,0,0,85.71,17.5,5.15,92,6,team2,616be0ff65ff323064b6bd62
18,alex obanda,not out,3,5,8,0,0,60.00,17.5,5.15,92,6,team2,616be0ff65ff323064b6bd62
