,player,batting,r,b,m,4s,6s,sr,overs,run_rate,total_run,wickets,team,id
0,mukhtar ahmed,st †mushfiqur rahim b arafat sunny,37,30,60,5,1,123.33,20,7.05,141,5,team1,616be5d165ff323064b6bece
1,ahmed shehzad,c mashrafe mortaza b taskin ahmed,17,31,40,2,0,54.83,20,7.05,141,5,team1,616be5d165ff323064b6bece
2,shahid afridi (c),c †mushfiqur rahim b mustafizur rahman,12,9,10,0,1,133.33,20,7.05,141,5,team1,616be5d165ff323064b6bece
3,haris sohail,not out,30,24,47,0,1,125.00,20,7.05,141,5,team1,616be5d165ff323064b6bece
4,mohammad hafeez,lbw b mustafizur rahman,26,18,26,4,0,144.44,20,7.05,141,5,team1,616be5d165ff323064b6bece
5,sohail tanvir,run out (sabbir rahman/†mushfiqur rahim),8,8,9,0,0,100.00,20,7.05,141,5,team1,616be5d165ff323064b6bece
6,tamim iqbal,c mohammad hafeez b umar gul,14,10,11,2,1,140.00,16.2,8.75,143,3,team2,616be5d165ff323064b6bece
7,soumya sarkar,run out (saeed ajmal),0,0,3,0,0,-,16.2,8.75,143,3,team2,616be5d165ff323064b6bece
8,shakib al hasan,not out,57,41,67,9,0,139.02,16.2,8.75,143,3,team2,616be5d165ff323064b6bece
9,mushfiqur rahim †,b wahab riaz,19,15,15,4,0,126.66,16.2,8.75,143,3,team2,616be5d165ff323064b6bece
10,sabbir rahman,not out,51,32,43,7,1,159.37,16.2,8.75,143,3,team2,616be5d165ff323064b6bece
