,player,batting,r,b,m,4s,6s,sr,overs,run_rate,total_run,wickets,team,id
0,andre fletcher,c kj o'brien b dockrell,19,22,45,1,0,86.36,20,6.90,138,9,team1,616be25c65ff323064b6bdbe
1,shivnarine chanderpaul,c wilson b rankin,14,12,12,2,0,116.66,20,6.90,138,9,team1,616be25c65ff323064b6bdbe
2,dwayne bravo (c),c & b cusack,18,10,9,0,2,180.00,20,6.90,138,9,team1,616be25c65ff323064b6bdbe
3,ramnaresh sarwan,c wilson b dockrell,24,26,23,1,0,92.30,20,6.90,138,9,team1,616be25c65ff323064b6bdbe
4,narsingh deonarine,c †nj o'brien b dockrell,10,16,15,0,0,62.50,20,6.90,138,9,team1,616be25c65ff323064b6bdbe
5,denesh ramdin †,c †nj o'brien b rankin,1,2,4,0,0,50.00,20,6.90,138,9,team1,616be25c65ff323064b6bdbe
6,daren sammy,c porterfield b botha,30,17,24,2,2,176.47,20,6.90,138,9,team1,616be25c65ff323064b6bdbe
7,kieron pollard,c & b botha,8,6,11,1,0,133.33,20,6.90,138,9,team1,616be25c65ff323064b6bdbe
8,nikita miller,not out,2,2,7,0,0,100.00,20,6.90,138,9,team1,616be25c65ff323064b6bdbe
9,ravi rampaul,c botha b cusack,8,8,6,0,0,100.00,20,6.90,138,9,team1,616be25c65ff323064b6bdbe
10,william porterfield (c),c sammy b roach,4,2,1,1,0,200.00,16.4,4.08,68,10,team2,616be25c65ff323064b6bdbe
11,paul stirling,c sammy b rampaul,0,4,6,0,0,0.00,16.4,4.08,68,10,team2,616be25c65ff323064b6bdbe
12,niall o'brien †,c †ramdin b rampaul,6,5,6,1,0,120.00,16.4,4.08,68,10,team2,616be25c65ff323064b6bdbe
13,alex cusack,c sammy b rampaul,2,4,4,0,0,50.00,16.4,4.08,68,10,team2,616be25c65ff323064b6bdbe
14,gary wilson,c sammy b bravo,17,34,40,0,0,50.00,16.4,4.08,68,10,team2,616be25c65ff323064b6bdbe
15,kevin o'brien,c fletcher b sammy,9,16,16,1,0,56.25,16.4,4.08,68,10,team2,616be25c65ff323064b6bdbe
16,trent johnston,b bravo,5,10,16,0,0,50.00,16.4,4.08,68,10,team2,616be25c65ff323064b6bdbe
17,john mooney,lbw b miller,1,3,8,0,0,33.33,16.4,4.08,68,10,team2,616be25c65ff323064b6bdbe
18,andre botha,not out,4,11,16,0,0,36.36,16.4,4.08,68,10,team2,616be25c65ff323064b6bdbe
19,boyd rankin,c †ramdin b sammy,1,5,1,0,0,20.00,16.4,4.08,68,10,team2,616be25c65ff323064b6bdbe
20,george dockrell,c †ramdin b sammy,0,6,5,0,0,0.00,16.4,4.08,68,10,team2,616be25c65ff323064b6bdbe
