,player,batting,r,b,m,4s,6s,sr,overs,run_rate,total_run,wickets,team,id
0,ashif mulla †,b chigumbura,0,1,-,0,0,0.00,20,6.75,135,7,team1,616be0ff65ff323064b6bd6c
1,rizwan cheema,c †taibu b chigumbura,23,11,-,2,2,209.09,20,6.75,135,7,team1,616be0ff65ff323064b6bd6c
2,mohammad iqbal,b price,22,25,-,1,0,88.00,20,6.75,135,7,team1,616be0ff65ff323064b6bd6c
3,abdool samad,run out (mupariwa),18,11,-,3,0,163.63,20,6.75,135,7,team1,616be0ff65ff323064b6bd6c
4,ramesh david,c maruma b utseya,2,11,-,0,0,18.18,20,6.75,135,7,team1,616be0ff65ff323064b6bd6c
5,sunil dhaniram (c),run out (chigumbura),5,14,-,0,0,35.71,20,6.75,135,7,team1,616be0ff65ff323064b6bd6c
6,karun jethi,st †taibu b maruma,24,24,-,0,2,100.00,20,6.75,135,7,team1,616be0ff65ff323064b6bd6c
7,balaji rao,not out,22,15,-,0,2,146.66,20,6.75,135,7,team1,616be0ff65ff323064b6bd6c
8,umar bhatti,not out,4,8,-,0,0,50.00,20,6.75,135,7,team1,616be0ff65ff323064b6bd6c
9,hamilton masakadza,c david b rizwan cheema,15,11,-,3,0,136.36,20,6.75,135,9,team2,616be0ff65ff323064b6bd6c
10,cephas zhuwao,c baidwan b osinde,0,1,-,0,0,0.00,20,6.75,135,9,team2,616be0ff65ff323064b6bd6c
11,chamu chibhabha,c baidwan b rizwan cheema,17,23,-,3,0,73.91,20,6.75,135,9,team2,616be0ff65ff323064b6bd6c
12,tatenda taibu †,c osinde b baidwan,37,38,-,1,0,97.36,20,6.75,135,9,team2,616be0ff65ff323064b6bd6c
13,stuart matsikenyeri,lbw b baidwan,6,7,-,0,0,85.71,20,6.75,135,9,team2,616be0ff65ff323064b6bd6c
14,keith dabengwa,c †mulla b balaji rao,6,8,-,1,0,75.00,20,6.75,135,9,team2,616be0ff65ff323064b6bd6c
15,elton chigumbura,b osinde,30,20,-,0,2,150.00,20,6.75,135,9,team2,616be0ff65ff323064b6bd6c
16,timycen maruma,c osinde b baidwan,4,8,-,0,0,50.00,20,6.75,135,9,team2,616be0ff65ff323064b6bd6c
17,tawanda mupariwa,not out,3,1,-,0,0,300.00,20,6.75,135,9,team2,616be0ff65ff323064b6bd6c
18,prosper utseya (c),run out (david),6,3,-,1,0,200.00,20,6.75,135,9,team2,616be0ff65ff323064b6bd6c
