,player,batting,r,b,m,4s,6s,sr,overs,run_rate,total_run,wickets,team,id
0,graeme smith (c),c mascarenhas b broad,19,13,19,4,0,146.15,20,7.70,154,8,team1,616be07165ff323064b6bd46
1,jean-paul duminy,c †prior b broad,0,4,5,0,0,0.00,20,7.70,154,8,team1,616be07165ff323064b6bd46
2,ab de villiers,c †prior b flintoff,18,14,18,4,0,128.57,20,7.70,154,8,team1,616be07165ff323064b6bd46
3,justin kemp,c †prior b mascarenhas,21,27,39,0,1,77.77,20,7.70,154,8,team1,616be07165ff323064b6bd46
4,mark boucher †,c pietersen b schofield,29,29,27,3,0,100.00,20,7.70,154,8,team1,616be07165ff323064b6bd46
5,shaun pollock,c †prior b anderson,0,1,2,0,0,0.00,20,7.70,154,8,team1,616be07165ff323064b6bd46
6,albie morkel,c snape b flintoff,43,20,27,3,4,215.00,20,7.70,154,8,team1,616be07165ff323064b6bd46
7,vernon philander,b broad,6,7,13,0,0,85.71,20,7.70,154,8,team1,616be07165ff323064b6bd46
8,johan van der wath,not out,9,5,9,1,0,180.00,20,7.70,154,8,team1,616be07165ff323064b6bd46
9,luke wright,c de villiers b pollock,0,4,2,0,0,0.00,20,6.75,135,7,team2,616be07165ff323064b6bd46
10,matt prior †,c philander b ja morkel,32,31,57,1,1,103.22,20,6.75,135,7,team2,616be07165ff323064b6bd46
11,kevin pietersen,run out (ntini),15,14,16,3,0,107.14,20,6.75,135,7,team2,616be07165ff323064b6bd46
12,paul collingwood (c),c kemp b pollock,0,1,1,0,0,0.00,20,6.75,135,7,team2,616be07165ff323064b6bd46
13,owais shah,b ja morkel,36,31,44,1,2,116.12,20,6.75,135,7,team2,616be07165ff323064b6bd46
14,andrew flintoff,b van der wath,17,16,27,2,0,106.25,20,6.75,135,7,team2,616be07165ff323064b6bd46
15,jeremy snape,c de villiers b m morkel,7,11,14,0,0,63.63,20,6.75,135,7,team2,616be07165ff323064b6bd46
16,dimitri mascarenhas,not out,15,9,9,2,0,166.66,20,6.75,135,7,team2,616be07165ff323064b6bd46
17,chris schofield,not out,6,3,5,1,0,200.00,20,6.75,135,7,team2,616be07165ff323064b6bd46
