,player,batting,r,b,m,4s,6s,sr,overs,run_rate,total_run,wickets,team,id
0,graeme smith (c),b taylor,15,18,22,2,0,83.33,20,6.00,120,7,team1,616be25c65ff323064b6bdd9
1,loots bosman,c †fletcher b taylor,0,3,6,0,0,0.00,20,6.00,120,7,team1,616be25c65ff323064b6bdd9
2,ab de villiers †,c bravo b sammy,19,17,27,1,1,111.76,20,6.00,120,7,team1,616be25c65ff323064b6bdd9
3,jean-paul duminy,c †fletcher b sammy,13,20,25,1,0,65.00,20,6.00,120,7,team1,616be25c65ff323064b6bdd9
4,alviro petersen,lbw b benn,8,12,17,0,0,66.66,20,6.00,120,7,team1,616be25c65ff323064b6bdd9
5,david miller,run out (†fletcher/taylor),33,26,37,0,2,126.92,20,6.00,120,7,team1,616be25c65ff323064b6bdd9
6,johan botha,c sarwan b taylor,23,22,24,0,2,104.54,20,6.00,120,7,team1,616be25c65ff323064b6bdd9
7,ryan mclaren,not out,1,2,3,0,0,50.00,20,6.00,120,7,team1,616be25c65ff323064b6bdd9
8,chris gayle (c),lbw b steyn,0,2,7,0,0,0.00,20,5.95,119,7,team2,616be25c65ff323064b6bdd9
9,andre fletcher †,c †de villiers b morkel,4,11,15,0,0,36.36,20,5.95,119,7,team2,616be25c65ff323064b6bdd9
10,dwayne bravo,c botha b morkel,40,42,65,1,2,95.23,20,5.95,119,7,team2,616be25c65ff323064b6bdd9
11,shivnarine chanderpaul,c †de villiers b botha,29,37,48,2,1,78.37,20,5.95,119,7,team2,616be25c65ff323064b6bdd9
12,kieron pollard,c steyn b botha,12,13,17,1,0,92.30,20,5.95,119,7,team2,616be25c65ff323064b6bdd9
13,ramnaresh sarwan,c mclaren b botha,6,6,5,1,0,100.00,20,5.95,119,7,team2,616be25c65ff323064b6bdd9
14,daren sammy,not out,12,6,12,1,0,200.00,20,5.95,119,7,team2,616be25c65ff323064b6bdd9
15,narsingh deonarine,run out (botha/†de villiers),3,2,10,0,0,150.00,20,5.95,119,7,team2,616be25c65ff323064b6bdd9
16,jerome taylor,not out,1,1,2,0,0,100.00,20,5.95,119,7,team2,616be25c65ff323064b6bdd9
