,player,batting,r,b,m,4s,6s,sr,overs,run_rate,total_run,wickets,team,id
0,craig kieswetter †,b shapoor zadran,0,6,4,0,0,0.00,20,9.80,196,5,team1,616be3ab65ff323064b6be33
1,alex hales,run out (karim sadiq),31,27,39,5,0,114.81,20,9.80,196,5,team1,616be3ab65ff323064b6be33
2,luke wright,not out,99,55,83,8,6,180.00,20,9.80,196,5,team1,616be3ab65ff323064b6be33
3,eoin morgan,c nawroz mangal b izatullah dawlatzai,27,23,31,1,1,117.39,20,9.80,196,5,team1,616be3ab65ff323064b6be33
4,jos buttler,lbw b izatullah dawlatzai,15,7,8,3,0,214.28,20,9.80,196,5,team1,616be3ab65ff323064b6be33
5,jonny bairstow,c karim sadiq b dawlat zadran,12,5,10,1,1,240.00,20,9.80,196,5,team1,616be3ab65ff323064b6be33
6,samit patel,not out,0,0,2,0,0,-,20,9.80,196,5,team1,616be3ab65ff323064b6be33
7,mohammad shahzad †,c broad b finn,1,5,4,0,0,20.00,17.2,4.61,80,10,team2,616be3ab65ff323064b6be33
8,nawroz mangal (c),c & b broad,8,9,17,1,0,88.88,17.2,4.61,80,10,team2,616be3ab65ff323064b6be33
9,shafiqullah,c sub (rs bopara) b dernbach,0,1,2,0,0,0.00,17.2,4.61,80,10,team2,616be3ab65ff323064b6be33
10,karim sadiq,run out (buttler/broad),5,8,22,0,0,62.50,17.2,4.61,80,10,team2,616be3ab65ff323064b6be33
11,asghar afghan,c bairstow b broad,4,11,11,0,0,36.36,17.2,4.61,80,10,team2,616be3ab65ff323064b6be33
12,mohammad nabi,b patel,1,6,10,0,0,16.66,17.2,4.61,80,10,team2,616be3ab65ff323064b6be33
13,samiullah shinwari,c finn b swann,2,9,6,0,0,22.22,17.2,4.61,80,10,team2,616be3ab65ff323064b6be33
14,gulbadin naib,c morgan b dernbach,44,32,42,5,3,137.50,17.2,4.61,80,10,team2,616be3ab65ff323064b6be33
15,dawlat zadran,st †kieswetter b patel,0,3,2,0,0,0.00,17.2,4.61,80,10,team2,616be3ab65ff323064b6be33
16,shapoor zadran,lbw b swann,9,17,25,0,1,52.94,17.2,4.61,80,10,team2,616be3ab65ff323064b6be33
17,izatullah dawlatzai,not out,0,3,10,0,0,0.00,17.2,4.61,80,10,team2,616be3ab65ff323064b6be33
