,player,batting,r,b,m,4s,6s,sr,overs,run_rate,total_run,wickets,team,id
0,william porterfield (c),c starc b watson,0,1,2,0,0,0.00,20,6.15,123,7,team1,616be3ab65ff323064b6be2f
1,paul stirling,c watson b starc,7,12,17,1,0,58.33,20,6.15,123,7,team1,616be3ab65ff323064b6be2f
2,ed joyce,c warner b maxwell,16,18,25,3,0,88.88,20,6.15,123,7,team1,616be3ab65ff323064b6be2f
3,niall o'brien,b watson,20,24,47,2,0,83.33,20,6.15,123,7,team1,616be3ab65ff323064b6be2f
4,gary wilson †,lbw b hogg,5,5,8,1,0,100.00,20,6.15,123,7,team1,616be3ab65ff323064b6be2f
5,kevin o'brien,c †wade b watson,35,29,31,5,0,120.68,20,6.15,123,7,team1,616be3ab65ff323064b6be2f
6,alex cusack,not out,15,14,24,1,0,107.14,20,6.15,123,7,team1,616be3ab65ff323064b6be2f
7,trent johnston,b starc,7,7,8,1,0,100.00,20,6.15,123,7,team1,616be3ab65ff323064b6be2f
8,nigel jones,not out,14,10,12,0,1,140.00,20,6.15,123,7,team1,616be3ab65ff323064b6be2f
9,david warner,c kj o'brien b dockrell,26,23,33,4,0,113.04,15.1,8.24,125,3,team2,616be3ab65ff323064b6be2f
10,shane watson,run out (johnston),51,30,45,5,3,170.00,15.1,8.24,125,3,team2,616be3ab65ff323064b6be2f
11,michael hussey,lbw b kj o'brien,10,11,16,0,0,90.90,15.1,8.24,125,3,team2,616be3ab65ff323064b6be2f
12,cameron white,not out,22,19,21,3,0,115.78,15.1,8.24,125,3,team2,616be3ab65ff323064b6be2f
13,george bailey (c),not out,6,8,17,1,0,75.00,15.1,8.24,125,3,team2,616be3ab65ff323064b6be2f
