,player,batting,r,b,m,4s,6s,sr,overs,run_rate,total_run,wickets,team,id
0,hamilton masakadza,st †mulla b samad,79,52,52,8,3,151.92,20,9.20,184,5,team1,616be0ff65ff323064b6bd70
1,cephas zhuwao,c david b katchay,0,2,6,0,0,0.00,20,9.20,184,5,team1,616be0ff65ff323064b6bd70
2,chamu chibhabha,c & b dhaniram,40,35,38,5,0,114.28,20,9.20,184,5,team1,616be0ff65ff323064b6bd70
3,tatenda taibu †,not out,8,11,37,0,0,72.72,20,9.20,184,5,team1,616be0ff65ff323064b6bd70
4,stuart matsikenyeri,lbw b balaji rao,6,5,4,1,0,120.00,20,9.20,184,5,team1,616be0ff65ff323064b6bd70
5,elton chigumbura,c & b balaji rao,25,10,8,3,2,250.00,20,9.20,184,5,team1,616be0ff65ff323064b6bd70
6,keith dabengwa,not out,16,6,6,2,1,266.66,20,9.20,184,5,team1,616be0ff65ff323064b6bd70
7,ashif mulla †,c matsikenyeri b mpofu,2,8,8,0,0,25.00,19.2,3.87,75,10,team2,616be0ff65ff323064b6bd70
8,rizwan cheema,st †taibu b price,2,8,14,0,0,25.00,19.2,3.87,75,10,team2,616be0ff65ff323064b6bd70
9,sandeep jyoti,st †taibu b price,0,12,15,0,0,0.00,19.2,3.87,75,10,team2,616be0ff65ff323064b6bd70
10,sunil dhaniram (c),st †taibu b utseya,7,19,24,1,0,36.84,19.2,3.87,75,10,team2,616be0ff65ff323064b6bd70
11,abdool samad,c utseya b cremer,29,23,30,2,2,126.08,19.2,3.87,75,10,team2,616be0ff65ff323064b6bd70
12,ramesh david,c matsikenyeri b utseya,6,10,9,1,0,60.00,19.2,3.87,75,10,team2,616be0ff65ff323064b6bd70
13,karun jethi,b cremer,2,10,17,0,0,20.00,19.2,3.87,75,10,team2,616be0ff65ff323064b6bd70
14,balaji rao,b utseya,3,5,3,0,0,60.00,19.2,3.87,75,10,team2,616be0ff65ff323064b6bd70
15,umar bhatti,c price b zhuwao,11,10,15,2,0,110.00,19.2,3.87,75,10,team2,616be0ff65ff323064b6bd70
16,harvir baidwan,c & b dabengwa,0,2,2,0,0,0.00,19.2,3.87,75,10,team2,616be0ff65ff323064b6bd70
17,eion katchay,not out,8,9,-,0,0,88.88,19.2,3.87,75,10,team2,616be0ff65ff323064b6bd70
