,player,batting,r,b,m,4s,6s,sr,overs,run_rate,total_run,wickets,team,id
0,richie berrington,c cooper b ahsan malik,38,31,38,4,1,122.58,20,8.25,165,4,team1,616be46a65ff323064b6be7f
1,calum macleod,c †barresi b mudassar bukhari,3,6,13,0,0,50.00,20,8.25,165,4,team1,616be46a65ff323064b6be7f
2,matt machan,not out,67,46,76,6,1,145.65,20,8.25,165,4,team1,616be46a65ff323064b6be7f
3,michael leask,b borren,4,6,5,0,0,66.66,20,8.25,165,4,team1,616be46a65ff323064b6be7f
4,kyle coetzer (c),c cooper b swart,7,12,16,0,0,58.33,20,8.25,165,4,team1,616be46a65ff323064b6be7f
5,rob taylor,not out,41,19,30,4,2,215.78,20,8.25,165,4,team1,616be46a65ff323064b6be7f
6,stephan myburgh,b carter,18,10,11,3,0,180.00,20,7.50,150,6,team2,616be46a65ff323064b6be7f
7,michael swart,c taylor b haq,22,28,43,1,0,78.57,20,7.50,150,6,team2,616be46a65ff323064b6be7f
8,wesley barresi †,not out,70,49,79,6,1,142.85,20,7.50,150,6,team2,616be46a65ff323064b6be7f
9,eric szwarczynski,st †cross b haq,7,7,9,0,0,100.00,20,7.50,150,6,team2,616be46a65ff323064b6be7f
10,ben cooper,lbw b taylor,1,2,4,0,0,50.00,20,7.50,150,6,team2,616be46a65ff323064b6be7f
11,peter borren (c),c goudie b sharif,12,9,12,1,0,133.33,20,7.50,150,6,team2,616be46a65ff323064b6be7f
12,mudassar bukhari,c †cross b haq,2,4,5,0,0,50.00,20,7.50,150,6,team2,616be46a65ff323064b6be7f
13,michael rippon,not out,10,11,17,0,0,90.90,20,7.50,150,6,team2,616be46a65ff323064b6be7f
