,player,batting,r,b,m,4s,6s,sr,overs,run_rate,total_run,wickets,team,id
0,david warner,not out,90,62,91,5,3,145.16,20,6.85,137,3,team1,616be46a65ff323064b6be52
1,aaron finch,c mdkj perera b kulasekara,1,3,8,0,0,33.33,20,6.85,137,3,team1,616be46a65ff323064b6be52
2,shaun marsh,run out (dilshan),6,17,22,0,0,35.29,20,6.85,137,3,team1,616be46a65ff323064b6be52
3,george bailey (c),c dilshan b nltc perera,11,9,9,0,1,122.22,20,6.85,137,3,team1,616be46a65ff323064b6be52
4,adam voges,not out,25,29,49,0,0,86.20,20,6.85,137,3,team1,616be46a65ff323064b6be52
5,kusal perera,c †wade b maxwell,33,22,36,2,1,150.00,18.5,7.38,139,5,team2,616be46a65ff323064b6be52
6,tillakaratne dilshan,c laughlin b doherty,16,21,31,0,1,76.19,18.5,7.38,139,5,team2,616be46a65ff323064b6be52
7,mahela jayawardene,b doherty,8,10,16,1,0,80.00,18.5,7.38,139,5,team2,616be46a65ff323064b6be52
8,dinesh chandimal †,c cutting b maxwell,5,6,4,0,0,83.33,18.5,7.38,139,5,team2,616be46a65ff323064b6be52
9,angelo mathews (c),not out,35,27,44,3,1,129.62,18.5,7.38,139,5,team2,616be46a65ff323064b6be52
10,lahiru thirimanne,c voges b starc,20,15,17,2,0,133.33,18.5,7.38,139,5,team2,616be46a65ff323064b6be52
11,thisara perera,not out,19,12,19,0,2,158.33,18.5,7.38,139,5,team2,616be46a65ff323064b6be52
