,player,batting,r,b,m,4s,6s,sr,overs,run_rate,total_run,wickets,team,id
0,shane watson,lbw b mendis,22,21,32,2,1,104.76,20,7.94,159,9,team1,616be0ff65ff323064b6bd86
1,david warner,c dilshan b mathews,0,3,1,0,0,0.00,20,7.94,159,9,team1,616be0ff65ff323064b6bd86
2,ricky ponting (c),b mendis,25,15,23,5,0,166.66,20,7.94,159,9,team1,616be0ff65ff323064b6bd86
3,brad haddin †,b malinga,16,17,18,0,1,94.11,20,7.94,159,9,team1,616be0ff65ff323064b6bd86
4,michael clarke,c & b udana,11,15,17,0,0,73.33,20,7.94,159,9,team1,616be0ff65ff323064b6bd86
5,david hussey,c jayasuriya b udana,28,22,28,1,2,127.27,20,7.94,159,9,team1,616be0ff65ff323064b6bd86
6,michael hussey,lbw b mendis,1,5,7,0,0,20.00,20,7.94,159,9,team1,616be0ff65ff323064b6bd86
7,mitchell johnson,not out,28,13,24,2,2,215.38,20,7.94,159,9,team1,616be0ff65ff323064b6bd86
8,brett lee,b malinga,15,5,-,2,1,300.00,20,7.94,159,9,team1,616be0ff65ff323064b6bd86
9,nathan hauritz,c †sangakkara b malinga,4,3,2,1,0,133.33,20,7.94,159,9,team1,616be0ff65ff323064b6bd86
10,nathan bracken,not out,4,1,1,1,0,400.00,20,7.94,159,9,team1,616be0ff65ff323064b6bd86
11,tillakaratne dilshan,b clarke,53,32,46,10,0,165.62,19,8.42,160,4,team2,616be0ff65ff323064b6bd86
12,sanath jayasuriya,c warner b lee,2,7,12,0,0,28.57,19,8.42,160,4,team2,616be0ff65ff323064b6bd86
13,kumar sangakkara (c)†,not out,55,42,77,4,2,130.95,19,8.42,160,4,team2,616be0ff65ff323064b6bd86
14,mahela jayawardene,c bracken b hauritz,9,12,11,0,0,75.00,19,8.42,160,4,team2,616be0ff65ff323064b6bd86
15,chamara silva,c ponting b lee,11,11,12,1,0,100.00,19,8.42,160,4,team2,616be0ff65ff323064b6bd86
16,jehan mubarak,not out,21,12,11,1,2,175.00,19,8.42,160,4,team2,616be0ff65ff323064b6bd86
