,player,batting,r,b,m,4s,6s,sr,overs,run_rate,total_run,wickets,team,id
0,tillakaratne dilshan,b gurney,14,9,9,3,0,155.55,20,9.14,183,7,team1,616be5d165ff323064b6bebb
1,kusal perera,c bopara b jordan,10,10,15,1,1,100.00,20,9.14,183,7,team1,616be5d165ff323064b6bebb
2,kithuruwan vithanage,c carberry b woakes,38,26,29,7,0,146.15,20,9.14,183,7,team1,616be5d165ff323064b6bebb
3,lahiru thirimanne,c hales b gurney,40,32,56,3,1,125.00,20,9.14,183,7,team1,616be5d165ff323064b6bebb
4,dinesh chandimal †,c hales b root,7,5,4,0,1,140.00,20,9.14,183,7,team1,616be5d165ff323064b6bebb
5,angelo mathews,c root b tredwell,13,13,14,0,1,100.00,20,9.14,183,7,team1,616be5d165ff323064b6bebb
6,thisara perera,run out (gurney),49,20,25,7,2,245.00,20,9.14,183,7,team1,616be5d165ff323064b6bebb
7,nuwan kulasekara,not out,9,5,13,1,0,180.00,20,9.14,183,7,team1,616be5d165ff323064b6bebb
8,michael carberry,c kulasekara b mathews,7,7,5,1,0,100.00,20,8.69,174,7,team2,616be5d165ff323064b6bebb
9,alex hales,b malinga,66,41,77,7,2,160.97,20,8.69,174,7,team2,616be5d165ff323064b6bebb
10,ian bell,c mdkj perera b malinga,13,17,19,2,0,76.47,20,8.69,174,7,team2,616be5d165ff323064b6bebb
11,joe root,c †chandimal b lakmal,5,7,11,0,0,71.42,20,8.69,174,7,team2,616be5d165ff323064b6bebb
12,eoin morgan (c),c lakmal b nltc perera,5,11,15,0,0,45.45,20,8.69,174,7,team2,616be5d165ff323064b6bebb
13,jos buttler †,c dilshan b kulasekara,26,16,17,4,0,162.50,20,8.69,174,7,team2,616be5d165ff323064b6bebb
14,ravi bopara,not out,28,15,22,3,1,186.66,20,8.69,174,7,team2,616be5d165ff323064b6bebb
15,chris jordan,b malinga,5,4,8,1,0,125.00,20,8.69,174,7,team2,616be5d165ff323064b6bebb
16,chris woakes,not out,2,2,7,0,0,100.00,20,8.69,174,7,team2,616be5d165ff323064b6bebb
