,player,batting,r,b,m,4s,6s,sr,overs,run_rate,total_run,wickets,team,id
0,ahmed shehzad,c amla b tsotsobe,0,5,3,0,0,0.00,20,4.90,98,9,team1,616be46a65ff323064b6be76
1,sohaib maqsood,c †de kock b steyn,4,4,8,1,0,100.00,20,4.90,98,9,team1,616be46a65ff323064b6be76
2,shahid afridi,c mclaren b tsotsobe,10,13,28,1,0,76.92,20,4.90,98,9,team1,616be46a65ff323064b6be76
3,mohammad hafeez (c),c †de kock b steyn,0,2,2,0,0,0.00,20,4.90,98,9,team1,616be46a65ff323064b6be76
4,shoaib malik,st †de kock b imran tahir,12,23,35,0,0,52.17,20,4.90,98,9,team1,616be46a65ff323064b6be76
5,umar akmal †,run out (†de kock),49,41,55,4,1,119.51,20,4.90,98,9,team1,616be46a65ff323064b6be76
6,abdul razzaq,c miller b mclaren,10,16,21,1,0,62.50,20,4.90,98,9,team1,616be46a65ff323064b6be76
7,sohail tanvir,st †de kock b imran tahir,0,3,3,0,0,0.00,20,4.90,98,9,team1,616be46a65ff323064b6be76
8,abdur rehman,not out,7,12,17,0,0,58.33,20,4.90,98,9,team1,616be46a65ff323064b6be76
9,saeed ajmal,b steyn,0,1,2,0,0,0.00,20,4.90,98,9,team1,616be46a65ff323064b6be76
10,hashim amla,b sohail tanvir,13,9,10,2,0,144.44,14.3,6.82,99,1,team2,616be46a65ff323064b6be76
11,quinton de kock †,not out,48,38,52,3,2,126.31,14.3,6.82,99,1,team2,616be46a65ff323064b6be76
12,faf du plessis (c),not out,37,40,41,4,1,92.50,14.3,6.82,99,1,team2,616be46a65ff323064b6be76
