,player,batting,r,b,m,4s,6s,sr,overs,run_rate,total_run,wickets,team,id
0,david warner,c pietersen b yardy,30,26,41,3,0,115.38,20,7.35,147,7,team1,616be25c65ff323064b6bdec
1,shane watson,c morgan b woakes,17,10,18,0,2,170.00,20,7.35,147,7,team1,616be25c65ff323064b6bdec
2,tim paine †,c collingwood b swann,21,12,12,2,1,175.00,20,7.35,147,7,team1,616be25c65ff323064b6bdec
3,david hussey,c woakes b yardy,8,16,18,0,0,50.00,20,7.35,147,7,team1,616be25c65ff323064b6bdec
4,cameron white (c),lbw b swann,0,2,3,0,0,0.00,20,7.35,147,7,team1,616be25c65ff323064b6bdec
5,aaron finch,not out,53,33,35,4,2,160.60,20,7.35,147,7,team1,616be25c65ff323064b6bdec
6,steven smith,c collingwood b shahzad,13,18,22,0,0,72.22,20,7.35,147,7,team1,616be25c65ff323064b6bdec
7,steve o'keefe,b bresnan,1,2,3,0,0,50.00,20,7.35,147,7,team1,616be25c65ff323064b6bdec
8,mitchell johnson,not out,1,1,3,0,0,100.00,20,7.35,147,7,team1,616be25c65ff323064b6bdec
9,ian bell,b johnson,39,30,34,3,0,130.00,20,7.15,143,6,team2,616be25c65ff323064b6bdec
10,steven davies †,c warner b watson,29,26,58,2,0,111.53,20,7.15,143,6,team2,616be25c65ff323064b6bdec
11,kevin pietersen,c white b johnson,1,2,2,0,0,50.00,20,7.15,143,6,team2,616be25c65ff323064b6bdec
12,paul collingwood (c),c warner b watson,6,10,8,0,0,60.00,20,7.15,143,6,team2,616be25c65ff323064b6bdec
13,eoin morgan,c finch b johnson,14,21,28,1,0,66.66,20,7.15,143,6,team2,616be25c65ff323064b6bdec
14,luke wright,c smith b tait,18,15,13,1,0,120.00,20,7.15,143,6,team2,616be25c65ff323064b6bdec
15,tim bresnan,not out,15,12,15,0,0,125.00,20,7.15,143,6,team2,616be25c65ff323064b6bdec
16,chris woakes,not out,11,6,12,0,1,183.33,20,7.15,143,6,team2,616be25c65ff323064b6bdec
