,player,batting,r,b,m,4s,6s,sr,overs,run_rate,total_run,wickets,team,id
0,kamran akmal †,b kulasekara,0,1,1,0,0,0.00,20,8.60,172,5,team1,616be1b665ff323064b6bd9b
1,imran nazir,c malinga b thushara,40,28,38,5,1,142.85,20,8.60,172,5,team1,616be1b665ff323064b6bd9b
2,shoaib malik,b malinga,14,10,17,3,0,140.00,20,8.60,172,5,team1,616be1b665ff323064b6bd9b
3,shahid afridi (c),c kulasekara b thushara,50,37,58,4,2,135.13,20,8.60,172,5,team1,616be1b665ff323064b6bd9b
4,umar akmal,c †sangakkara b mathews,30,20,31,4,0,150.00,20,8.60,172,5,team1,616be1b665ff323064b6bd9b
5,abdul razzaq,not out,25,17,23,3,0,147.05,20,8.60,172,5,team1,616be1b665ff323064b6bd9b
6,misbah-ul-haq,not out,5,7,15,0,0,71.42,20,8.60,172,5,team1,616be1b665ff323064b6bd9b
7,mahela udawatte,lbw b naved-ul-hasan,11,8,21,2,0,137.50,18.1,6.60,120,10,team2,616be1b665ff323064b6bd9b
8,sanath jayasuriya,c umar akmal b mohammad amir,23,17,25,1,2,135.29,18.1,6.60,120,10,team2,616be1b665ff323064b6bd9b
9,mahela jayawardene,c abdul razzaq b iftikhar anjum,12,13,24,0,1,92.30,18.1,6.60,120,10,team2,616be1b665ff323064b6bd9b
10,kumar sangakkara (c)†,b saeed ajmal,38,31,42,2,1,122.58,18.1,6.60,120,10,team2,616be1b665ff323064b6bd9b
11,chamara kapugedera,c naved-ul-hasan b shahid afridi,10,15,27,0,0,66.66,18.1,6.60,120,10,team2,616be1b665ff323064b6bd9b
12,angelo mathews,run out (shahid afridi),9,9,11,1,0,100.00,18.1,6.60,120,10,team2,616be1b665ff323064b6bd9b
13,thilina kandamby,c imran nazir b saeed ajmal,2,3,6,0,0,66.66,18.1,6.60,120,10,team2,616be1b665ff323064b6bd9b
14,nuwan kulasekara,b naved-ul-hasan,1,3,5,0,0,33.33,18.1,6.60,120,10,team2,616be1b665ff323064b6bd9b
15,muthiah muralidaran,c umar akmal b saeed ajmal,1,4,8,0,0,25.00,18.1,6.60,120,10,team2,616be1b665ff323064b6bd9b
16,thilan thushara,b naved-ul-hasan,3,6,7,0,0,50.00,18.1,6.60,120,10,team2,616be1b665ff323064b6bd9b
17,lasith malinga,not out,0,1,3,0,0,0.00,18.1,6.60,120,10,team2,616be1b665ff323064b6bd9b
