,player,batting,r,b,m,4s,6s,sr,overs,run_rate,total_run,wickets,team,id
0,michael swart,c nasir hossain b shakib al hasan,57,41,59,4,2,139.02,20,7.19,144,7,team1,616be3ab65ff323064b6be23
1,wesley barresi †,b mashrafe mortaza,0,2,2,0,0,0.00,20,7.19,144,7,team1,616be3ab65ff323064b6be23
2,tom cooper,c shakib al hasan b mashrafe mortaza,1,3,7,0,0,33.33,20,7.19,144,7,team1,616be3ab65ff323064b6be23
3,eric szwarczynski,c ziaur rahman b shakib al hasan,1,4,5,0,0,25.00,20,7.19,144,7,team1,616be3ab65ff323064b6be23
4,peter borren (c),run out (†mushfiqur rahim),12,16,19,2,0,75.00,20,7.19,144,7,team1,616be3ab65ff323064b6be23
5,tom de grooth,c abdur razzak b mahmudullah,22,18,21,2,0,122.22,20,7.19,144,7,team1,616be3ab65ff323064b6be23
6,mudassar bukhari,c junaid siddique b abdur razzak,12,15,16,1,0,80.00,20,7.19,144,7,team1,616be3ab65ff323064b6be23
7,tim gruijters,not out,21,16,19,2,0,131.25,20,7.19,144,7,team1,616be3ab65ff323064b6be23
8,pieter seelaar,not out,9,5,7,0,1,180.00,20,7.19,144,7,team1,616be3ab65ff323064b6be23
9,tamim iqbal,not out,69,53,69,5,2,130.18,18,8.05,145,2,team2,616be3ab65ff323064b6be23
10,junaid siddique,c borren b van der gugten,25,20,24,3,1,125.00,18,8.05,145,2,team2,616be3ab65ff323064b6be23
11,shakib al hasan,c & b ahsan malik,12,11,13,2,0,109.09,18,8.05,145,2,team2,616be3ab65ff323064b6be23
12,mushfiqur rahim (c)†,not out,37,24,32,0,4,154.16,18,8.05,145,2,team2,616be3ab65ff323064b6be23
