,player,batting,r,b,m,4s,6s,sr,overs,run_rate,total_run,wickets,team,id
0,tatenda taibu †,c oram b southee,21,14,18,3,0,150.00,15.1,5.53,84,10,team1,616be25c65ff323064b6bdc5
1,hamilton masakadza,run out (oram/†hopkins),20,20,30,2,0,100.00,15.1,5.53,84,10,team1,616be25c65ff323064b6bdc5
2,andy blignaut,b vettori,8,8,13,1,0,100.00,15.1,5.53,84,10,team1,616be25c65ff323064b6bdc5
3,elton chigumbura,c guptill b nl mccullum,3,4,4,0,0,75.00,15.1,5.53,84,10,team1,616be25c65ff323064b6bdc5
4,craig ervine,st †hopkins b nl mccullum,1,5,5,0,0,20.00,15.1,5.53,84,10,team1,616be25c65ff323064b6bdc5
5,charles coventry,c & b nl mccullum,0,2,1,0,0,0.00,15.1,5.53,84,10,team1,616be25c65ff323064b6bdc5
6,greg lamb,not out,14,21,25,0,0,66.66,15.1,5.53,84,10,team1,616be25c65ff323064b6bdc5
7,timycen maruma,c guptill b styris,4,11,8,0,0,36.36,15.1,5.53,84,10,team1,616be25c65ff323064b6bdc5
8,graeme cremer,b styris,0,1,1,0,0,0.00,15.1,5.53,84,10,team1,616be25c65ff323064b6bdc5
9,prosper utseya (c),lbw b styris,0,1,1,0,0,0.00,15.1,5.53,84,10,team1,616be25c65ff323064b6bdc5
10,ray price,b vettori,2,4,9,0,0,50.00,15.1,5.53,84,10,team1,616be25c65ff323064b6bdc5
11,brendon mccullum,not out,22,26,28,2,0,84.61,8.1,4.40,36,1,team2,616be25c65ff323064b6bdc5
12,jesse ryder,c †taibu b utseya,2,11,6,0,0,18.18,8.1,4.40,36,1,team2,616be25c65ff323064b6bdc5
13,martin guptill,not out,6,12,21,0,0,50.00,8.1,4.40,36,1,team2,616be25c65ff323064b6bdc5
