,player,batting,r,b,m,4s,6s,sr,overs,run_rate,total_run,wickets,team,id
0,graeme smith,b bollinger,0,6,5,0,0,0.00,20,7.29,146,7,team1,616be30465ff323064b6bdf8
1,hashim amla (c),run out (warner/†wade),4,6,13,0,0,66.66,20,7.29,146,7,team1,616be30465ff323064b6bdf8
2,colin ingram,c cummins b pattinson,33,28,39,3,1,117.85,20,7.29,146,7,team1,616be30465ff323064b6bdf8
3,jean-paul duminy,c watson b cummins,67,53,60,6,3,126.41,20,7.29,146,7,team1,616be30465ff323064b6bdf8
4,david miller,c warner b cummins,20,19,30,2,0,105.26,20,7.29,146,7,team1,616be30465ff323064b6bdf8
5,johan botha,c white b cummins,4,2,5,1,0,200.00,20,7.29,146,7,team1,616be30465ff323064b6bdf8
6,robin peterson,b watson,6,4,8,1,0,150.00,20,7.29,146,7,team1,616be30465ff323064b6bdf8
7,heino kuhn †,not out,1,1,7,0,0,100.00,20,7.29,146,7,team1,616be30465ff323064b6bdf8
8,rusty theron,not out,0,1,1,0,0,0.00,20,7.29,146,7,team1,616be30465ff323064b6bdf8
9,shane watson,c miller b morkel,52,39,45,6,2,133.33,19.3,7.53,147,5,team2,616be30465ff323064b6bdf8
10,david warner,run out (morkel),0,1,2,0,0,0.00,19.3,7.53,147,5,team2,616be30465ff323064b6bdf8
11,shaun marsh,b botha,25,19,47,3,0,131.57,19.3,7.53,147,5,team2,616be30465ff323064b6bdf8
12,david hussey,c duminy b tsotsobe,25,27,41,1,1,92.59,19.3,7.53,147,5,team2,616be30465ff323064b6bdf8
13,cameron white (c),c miller b peterson,28,22,25,1,1,127.27,19.3,7.53,147,5,team2,616be30465ff323064b6bdf8
14,steven smith,not out,8,9,17,1,0,88.88,19.3,7.53,147,5,team2,616be30465ff323064b6bdf8
15,matthew wade †,not out,1,1,5,0,0,100.00,19.3,7.53,147,5,team2,616be30465ff323064b6bdf8
