,player,batting,r,b,m,4s,6s,sr,overs,run_rate,total_run,wickets,team,id
0,mahela jayawardene,b lee,11,11,8,2,0,100.00,20,9.89,198,3,team1,616be30465ff323064b6bdf0
1,tillakaratne dilshan (c),not out,104,57,85,12,5,182.45,20,9.89,198,3,team1,616be30465ff323064b6bdf0
2,dinesh chandimal,hit wicket b johnson,11,11,15,2,0,100.00,20,9.89,198,3,team1,616be30465ff323064b6bdf0
3,kumar sangakkara †,c white b watson,30,22,26,4,0,136.36,20,9.89,198,3,team1,616be30465ff323064b6bdf0
4,jeevan mendis,not out,29,19,33,4,0,152.63,20,9.89,198,3,team1,616be30465ff323064b6bdf0
5,shane watson,b kulasekara,10,9,10,0,1,111.11,20,8.15,163,8,team2,616be30465ff323064b6bdf0
6,david warner,c dilshan b kulasekara,53,31,62,6,2,170.96,20,8.15,163,8,team2,616be30465ff323064b6bdf0
7,shaun marsh,lbw b perera,4,7,9,0,0,57.14,20,8.15,163,8,team2,616be30465ff323064b6bdf0
8,david hussey,b perera,6,8,8,1,0,75.00,20,8.15,163,8,team2,616be30465ff323064b6bdf0
9,cameron white (c),b perera,7,7,8,1,0,100.00,20,8.15,163,8,team2,616be30465ff323064b6bdf0
10,steven smith,st †sangakkara b herath,12,17,11,0,0,70.58,20,8.15,163,8,team2,616be30465ff323064b6bdf0
11,brad haddin †,run out (mathews/†sangakkara),7,9,7,0,0,77.77,20,8.15,163,8,team2,616be30465ff323064b6bdf0
12,mitchell johnson,not out,22,16,23,1,1,137.50,20,8.15,163,8,team2,616be30465ff323064b6bdf0
13,steve o'keefe,b lakmal,22,12,14,3,1,183.33,20,8.15,163,8,team2,616be30465ff323064b6bdf0
14,john hastings,not out,14,4,5,0,1,350.00,20,8.15,163,8,team2,616be30465ff323064b6bdf0
