,player,batting,r,b,m,4s,6s,sr,overs,run_rate,total_run,wickets,team,id
0,johnson charles,lbw b watson,24,16,-,4,0,150.00,20,7.50,150,7,team1,616be30465ff323064b6be17
1,dwayne smith,c †wade b lee,10,10,-,2,0,100.00,20,7.50,150,7,team1,616be30465ff323064b6be17
2,nkrumah bonner,b christian,24,33,-,2,0,72.72,20,7.50,150,7,team1,616be30465ff323064b6be17
3,darren bravo,c pattinson b christian,12,14,-,2,0,85.71,20,7.50,150,7,team1,616be30465ff323064b6be17
4,kieron pollard,not out,54,26,-,2,5,207.69,20,7.50,150,7,team1,616be30465ff323064b6be17
5,dwayne bravo,c dj hussey b christian,14,11,-,1,0,127.27,20,7.50,150,7,team1,616be30465ff323064b6be17
6,daren sammy (c),c dj hussey b lee,7,8,-,1,0,87.50,20,7.50,150,7,team1,616be30465ff323064b6be17
7,carlton baugh †,run out (watson/christian),1,1,-,0,0,100.00,20,7.50,150,7,team1,616be30465ff323064b6be17
8,garey mathurin,not out,1,1,-,0,0,100.00,20,7.50,150,7,team1,616be30465ff323064b6be17
9,david warner,b santokie,0,5,-,0,0,0.00,18.1,8.42,153,2,team2,616be30465ff323064b6be17
10,shane watson,c pollard b mathurin,69,43,-,5,6,160.46,18.1,8.42,153,2,team2,616be30465ff323064b6be17
11,michael hussey,not out,59,45,-,4,2,131.11,18.1,8.42,153,2,team2,616be30465ff323064b6be17
12,george bailey (c),not out,21,17,-,2,0,123.52,18.1,8.42,153,2,team2,616be30465ff323064b6be17
