,player,batting,r,b,m,4s,6s,sr,overs,run_rate,total_run,wickets,team,id
0,danushka gunathilaka,b milne,8,6,8,1,0,133.33,20,7.10,142,8,team1,616be67b65ff323064b6bf0e
1,tillakaratne dilshan,c mcclenaghan b elliott,28,26,43,4,0,107.69,20,7.10,142,8,team1,616be67b65ff323064b6bf0e
2,shehan jayasuriya,c williamson b milne,3,10,16,0,0,30.00,20,7.10,142,8,team1,616be67b65ff323064b6bf0e
3,dinesh chandimal (c)†,c taylor b santner,2,4,5,0,0,50.00,20,7.10,142,8,team1,616be67b65ff323064b6bf0e
4,angelo mathews,not out,81,49,60,7,4,165.30,20,7.10,142,8,team1,616be67b65ff323064b6bf0e
5,milinda siriwardana,c boult b santner,0,1,4,0,0,0.00,20,7.10,142,8,team1,616be67b65ff323064b6bf0e
6,kithuruwan vithanage,c milne b elliott,1,4,4,0,0,25.00,20,7.10,142,8,team1,616be67b65ff323064b6bf0e
7,thisara perera,c guptill b elliott,6,10,14,0,0,60.00,20,7.10,142,8,team1,616be67b65ff323064b6bf0e
8,isuru udana,c williamson b elliott,0,2,3,0,0,0.00,20,7.10,142,8,team1,616be67b65ff323064b6bf0e
9,jeffrey vandersay,not out,8,8,19,1,0,100.00,20,7.10,142,8,team1,616be67b65ff323064b6bf0e
10,martin guptill,c †chandimal b perera,63,25,29,6,5,252.00,10,14.70,147,1,team2,616be67b65ff323064b6bf0e
11,kane williamson (c),not out,32,21,45,3,0,152.38,10,14.70,147,1,team2,616be67b65ff323064b6bf0e
12,colin munro,not out,50,14,16,1,7,357.14,10,14.70,147,1,team2,616be67b65ff323064b6bf0e
