,player,batting,r,b,m,4s,6s,sr,overs,run_rate,total_run,wickets,team,id
0,virat kohli,b botha,28,19,28,5,0,147.36,20,8.39,168,6,team1,616be25c65ff323064b6bdea
1,murali vijay,c van wyk b parnell,14,12,11,3,0,116.66,20,8.39,168,6,team1,616be25c65ff323064b6bdea
2,rohit sharma,c ntini b duminy,53,34,38,5,2,155.88,20,8.39,168,6,team1,616be25c65ff323064b6bdea
3,yuvraj singh,run out (miller/peterson),12,13,20,1,0,92.30,20,8.39,168,6,team1,616be25c65ff323064b6bdea
4,yusuf pathan,b theron,6,8,16,0,0,75.00,20,8.39,168,6,team1,616be25c65ff323064b6bdea
5,suresh raina,c miller b theron,41,23,29,2,3,178.26,20,8.39,168,6,team1,616be25c65ff323064b6bdea
6,ms dhoni (c)†,not out,10,11,19,0,0,90.90,20,8.39,168,6,team1,616be25c65ff323064b6bdea
7,morne van wyk,c nehra b kumar,67,39,47,5,5,171.79,20,7.35,147,9,team2,616be25c65ff323064b6bdea
8,hashim amla,b nehra,1,3,5,0,0,33.33,20,7.35,147,9,team2,616be25c65ff323064b6bdea
9,colin ingram,c kumar b patel,2,8,15,0,0,25.00,20,7.35,147,9,team2,616be25c65ff323064b6bdea
10,ab de villiers †,run out (nehra/raina),14,10,20,2,0,140.00,20,7.35,147,9,team2,616be25c65ff323064b6bdea
11,jean-paul duminy,lbw b yuvraj singh,0,2,2,0,0,0.00,20,7.35,147,9,team2,616be25c65ff323064b6bdea
12,david miller,lbw b pathan,10,8,13,0,1,125.00,20,7.35,147,9,team2,616be25c65ff323064b6bdea
13,johan botha (c),c sharma b nehra,25,22,36,1,1,113.63,20,7.35,147,9,team2,616be25c65ff323064b6bdea
14,robin peterson,c kohli b pathan,2,6,7,0,0,33.33,20,7.35,147,9,team2,616be25c65ff323064b6bdea
15,wayne parnell,c pathan b ashwin,14,16,15,1,0,87.50,20,7.35,147,9,team2,616be25c65ff323064b6bdea
16,rusty theron,not out,1,4,6,0,0,25.00,20,7.35,147,9,team2,616be25c65ff323064b6bdea
17,makhaya ntini,not out,1,2,2,0,0,50.00,20,7.35,147,9,team2,616be25c65ff323064b6bdea
