,player,batting,r,b,m,4s,6s,sr,overs,run_rate,total_run,wickets,team,id
0,imran nazir,c redmond b bond,58,38,48,5,4,152.63,20,8.04,161,8,team1,616be1b665ff323064b6bda0
1,kamran akmal †,c bond b southee,13,15,24,2,0,86.66,20,8.04,161,8,team1,616be1b665ff323064b6bda0
2,umar akmal,c †watling b styris,3,6,10,0,0,50.00,20,8.04,161,8,team1,616be1b665ff323064b6bda0
3,shahid afridi (c),c southee b redmond,24,16,19,2,1,150.00,20,8.04,161,8,team1,616be1b665ff323064b6bda0
4,shoaib malik,c & b redmond,6,7,15,0,0,85.71,20,8.04,161,8,team1,616be1b665ff323064b6bda0
5,fawad alam,c butler b bond,15,14,18,0,0,107.14,20,8.04,161,8,team1,616be1b665ff323064b6bda0
6,abdul razzaq,not out,26,15,23,3,1,173.33,20,8.04,161,8,team1,616be1b665ff323064b6bda0
7,sohail tanvir,c nl mccullum b southee,12,8,9,1,1,150.00,20,8.04,161,8,team1,616be1b665ff323064b6bda0
8,mohammad amir,c sub (jec franklin) b southee,2,2,1,0,0,100.00,20,8.04,161,8,team1,616be1b665ff323064b6bda0
9,brendon mccullum (c),c fawad alam b mohammad amir,19,13,14,3,0,146.15,18.3,6.05,112,10,team2,616be1b665ff323064b6bda0
10,martin guptill,c †kamran akmal b sohail tanvir,8,4,6,2,0,200.00,18.3,6.05,112,10,team2,616be1b665ff323064b6bda0
11,ross taylor,c †kamran akmal b mohammad amir,5,8,9,1,0,62.50,18.3,6.05,112,10,team2,616be1b665ff323064b6bda0
12,scott styris,c umar akmal b abdul razzaq,4,5,16,1,0,80.00,18.3,6.05,112,10,team2,616be1b665ff323064b6bda0
13,bj watling †,st †kamran akmal b saeed ajmal,22,36,43,1,0,61.11,18.3,6.05,112,10,team2,616be1b665ff323064b6bda0
14,neil broom,c umar gul b abdul razzaq,14,16,12,0,1,87.50,18.3,6.05,112,10,team2,616be1b665ff323064b6bda0
15,nathan mccullum,c umar gul b saeed ajmal,22,21,24,0,0,104.76,18.3,6.05,112,10,team2,616be1b665ff323064b6bda0
16,ian butler,b shahid afridi,1,4,2,0,0,25.00,18.3,6.05,112,10,team2,616be1b665ff323064b6bda0
17,shane bond,not out,1,1,4,0,0,100.00,18.3,6.05,112,10,team2,616be1b665ff323064b6bda0
18,tim southee,c shoaib malik b shahid afridi,6,3,1,0,1,200.00,18.3,6.05,112,10,team2,616be1b665ff323064b6bda0
19,aaron redmond,absent hurt,-,-,-,-,-,-,18.3,6.05,112,10,team2,616be1b665ff323064b6bda0
