,player,batting,r,b,m,4s,6s,sr,overs,run_rate,total_run,wickets,team,id
0,sikandar raza,c liton das b mashrafe mortaza,4,5,3,1,0,80.00,19.3,6.71,131,10,team1,616be67b65ff323064b6bf00
1,regis chakabva †,c †mushfiqur rahim b al-amin hossain,0,3,8,0,0,0.00,19.3,6.71,131,10,team1,616be67b65ff323064b6bf00
2,sean williams,b nasir hossain,15,21,35,1,0,71.42,19.3,6.71,131,10,team1,616be67b65ff323064b6bf00
3,elton chigumbura (c),b mashrafe mortaza,0,1,5,0,0,0.00,19.3,6.71,131,10,team1,616be67b65ff323064b6bf00
4,craig ervine,b mahmudullah,20,31,49,2,0,64.51,19.3,6.71,131,10,team1,616be67b65ff323064b6bf00
5,malcolm waller,c liton das b mustafizur rahman,68,31,42,4,6,219.35,19.3,6.71,131,10,team1,616be67b65ff323064b6bf00
6,luke jongwe,lbw b jubair hossain,0,5,4,0,0,0.00,19.3,6.71,131,10,team1,616be67b65ff323064b6bf00
7,neville madziva,c nasir hossain b jubair hossain,1,3,2,0,0,33.33,19.3,6.71,131,10,team1,616be67b65ff323064b6bf00
8,tendai chisoro,not out,7,10,18,0,0,70.00,19.3,6.71,131,10,team1,616be67b65ff323064b6bf00
9,graeme cremer,b al-amin hossain,3,4,3,0,0,75.00,19.3,6.71,131,10,team1,616be67b65ff323064b6bf00
10,tinashe panyangara,lbw b mustafizur rahman,4,3,3,1,0,133.33,19.3,6.71,131,10,team1,616be67b65ff323064b6bf00
11,tamim iqbal,lbw b cremer,31,28,53,3,0,110.71,17.4,7.69,136,6,team2,616be67b65ff323064b6bf00
12,anamul haque,run out (sikandar raza/†chakabva),1,2,5,0,0,50.00,17.4,7.69,136,6,team2,616be67b65ff323064b6bf00
13,sabbir rahman,c ervine b chisoro,18,16,24,3,0,112.50,17.4,7.69,136,6,team2,616be67b65ff323064b6bf00
14,mushfiqur rahim †,c sikandar raza b cremer,2,5,6,0,0,40.00,17.4,7.69,136,6,team2,616be67b65ff323064b6bf00
15,nasir hossain,lbw b cremer,16,12,12,1,1,133.33,17.4,7.69,136,6,team2,616be67b65ff323064b6bf00
16,mahmudullah,not out,22,21,38,2,0,104.76,17.4,7.69,136,6,team2,616be67b65ff323064b6bf00
17,liton das,c cremer b chisoro,17,12,22,2,0,141.66,17.4,7.69,136,6,team2,616be67b65ff323064b6bf00
18,mashrafe mortaza (c),not out,15,12,12,2,1,125.00,17.4,7.69,136,6,team2,616be67b65ff323064b6bf00
