,player,batting,r,b,m,4s,6s,sr,overs,run_rate,total_run,wickets,team,id
0,kamran akmal †,c abdur razzak b shakib al hasan,73,55,-,8,1,132.72,20,8.60,172,3,team1,616be25c65ff323064b6bdc0
1,salman butt,b shafiul islam,73,46,-,8,2,158.69,20,8.60,172,3,team1,616be25c65ff323064b6bdc0
2,shahid afridi (c),c mahmudullah b shakib al hasan,9,9,-,0,0,100.00,20,8.60,172,3,team1,616be25c65ff323064b6bdc0
3,abdul razzaq,not out,6,5,-,0,0,120.00,20,8.60,172,3,team1,616be25c65ff323064b6bdc0
4,misbah-ul-haq,not out,8,5,-,0,0,160.00,20,8.60,172,3,team1,616be25c65ff323064b6bdc0
5,tamim iqbal,c & b mohammad hafeez,19,18,-,3,0,105.55,20,7.55,151,7,team2,616be25c65ff323064b6bdc0
6,imrul kayes,c misbah-ul-haq b mohammad amir,0,2,-,0,0,0.00,20,7.55,151,7,team2,616be25c65ff323064b6bdc0
7,mohammad ashraful,c †kamran akmal b mohammad amir,65,49,-,4,3,132.65,20,7.55,151,7,team2,616be25c65ff323064b6bdc0
8,shakib al hasan (c),c umar akmal b mohammad sami,47,31,-,3,2,151.61,20,7.55,151,7,team2,616be25c65ff323064b6bdc0
9,mahmudullah,c mohammad amir b mohammad sami,0,3,-,0,0,0.00,20,7.55,151,7,team2,616be25c65ff323064b6bdc0
10,naeem islam,not out,10,9,-,1,0,111.11,20,7.55,151,7,team2,616be25c65ff323064b6bdc0
11,mushfiqur rahim †,c saeed ajmal b mohammad sami,4,3,-,0,0,133.33,20,7.55,151,7,team2,616be25c65ff323064b6bdc0
12,mashrafe mortaza,st †kamran akmal b saeed ajmal,1,3,-,0,0,33.33,20,7.55,151,7,team2,616be25c65ff323064b6bdc0
13,sohrawordi shuvo,not out,1,3,-,0,0,33.33,20,7.55,151,7,team2,616be25c65ff323064b6bdc0
