,player,batting,r,b,m,4s,6s,sr,overs,run_rate,total_run,wickets,team,id
0,stuart poynter †,b sharif,6,6,-,1,0,100.00,20,7.29,146,5,team1,616be5d165ff323064b6bed1
1,david rankin,b leask,34,37,-,2,1,91.89,20,7.29,146,5,team1,616be5d165ff323064b6bed1
2,john anderson,c watt b sharif,9,13,-,1,0,69.23,20,7.29,146,5,team1,616be5d165ff323064b6bed1
3,andrew poynter,b leask,7,12,-,1,0,58.33,20,7.29,146,5,team1,616be5d165ff323064b6bed1
4,kevin o'brien (c),c evans b davey,30,19,-,4,1,157.89,20,7.29,146,5,team1,616be5d165ff323064b6bed1
5,stuart thompson,not out,26,22,-,1,1,118.18,20,7.29,146,5,team1,616be5d165ff323064b6bed1
6,max sorensen,not out,23,12,-,2,1,191.66,20,7.29,146,5,team1,616be5d165ff323064b6bed1
7,george munsey,c o'brien b sorensen,12,10,-,2,0,120.00,16.1,9.27,150,4,team2,616be5d165ff323064b6bed1
8,kyle coetzer,b kane,19,20,-,2,0,95.00,16.1,9.27,150,4,team2,616be5d165ff323064b6bed1
9,matthew cross †,c ad poynter b kane,60,34,-,10,1,176.47,16.1,9.27,150,4,team2,616be5d165ff323064b6bed1
10,michael leask,b kane,0,1,-,0,0,0.00,16.1,9.27,150,4,team2,616be5d165ff323064b6bed1
11,richie berrington,not out,24,15,-,4,0,160.00,16.1,9.27,150,4,team2,616be5d165ff323064b6bed1
12,craig wallace,not out,26,18,-,4,0,144.44,16.1,9.27,150,4,team2,616be5d165ff323064b6bed1
