,player,batting,r,b,m,4s,6s,sr,overs,run_rate,total_run,wickets,team,id
0,mohammad shahzad †,b mudassar bukhari,2,6,5,0,0,33.33,20,8.10,162,7,team1,616be5d165ff323064b6bedd
1,nawroz mangal,lbw b van der merwe,29,23,29,2,1,126.08,20,8.10,162,7,team1,616be5d165ff323064b6bedd
2,asghar afghan (c),lbw b mudassar bukhari,2,5,9,0,0,40.00,20,8.10,162,7,team1,616be5d165ff323064b6bedd
3,samiullah shinwari,c van der merwe b ahsan malik,44,42,70,3,1,104.76,20,8.10,162,7,team1,616be5d165ff323064b6bedd
4,mohammad nabi,c ahsan malik b van der merwe,33,29,35,1,2,113.79,20,8.10,162,7,team1,616be5d165ff323064b6bedd
5,najibullah zadran,c & b ahsan malik,33,11,19,0,4,300.00,20,8.10,162,7,team1,616be5d165ff323064b6bedd
6,shafiqullah,not out,13,3,4,0,2,433.33,20,8.10,162,7,team1,616be5d165ff323064b6bedd
7,mirwais ashraf,c van der merwe b ahsan malik,0,1,3,0,0,0.00,20,8.10,162,7,team1,616be5d165ff323064b6bedd
8,dawlat zadran,not out,0,0,-,0,0,-,20,8.10,162,7,team1,616be5d165ff323064b6bedd
9,stephan myburgh,c asghar afghan b dawlat zadran,13,10,13,1,1,130.00,19.4,6.61,130,10,team2,616be5d165ff323064b6bedd
10,michael swart,run out (nawroz mangal/mirwais ashraf),18,25,42,1,0,72.00,19.4,6.61,130,10,team2,616be5d165ff323064b6bedd
11,ben cooper,c dawlat zadran b sharafuddin ashraf,36,23,23,1,3,156.52,19.4,6.61,130,10,team2,616be5d165ff323064b6bedd
12,wesley barresi †,c †mohammad shahzad b mohammad nabi,18,19,37,2,0,94.73,19.4,6.61,130,10,team2,616be5d165ff323064b6bedd
13,peter borren (c),st †mohammad shahzad b sharafuddin ashraf,10,10,12,0,1,100.00,19.4,6.61,130,10,team2,616be5d165ff323064b6bedd
14,roelof van der merwe,c najibullah zadran b mohammad nabi,1,2,16,0,0,50.00,19.4,6.61,130,10,team2,616be5d165ff323064b6bedd
15,pieter seelaar,st †mohammad shahzad b sharafuddin ashraf,6,6,3,0,0,100.00,19.4,6.61,130,10,team2,616be5d165ff323064b6bedd
16,michael rippon,c asghar afghan b dawlat zadran,17,16,12,2,0,106.25,19.4,6.61,130,10,team2,616be5d165ff323064b6bedd
17,mudassar bukhari,b hamid hassan,1,3,1,0,0,33.33,19.4,6.61,130,10,team2,616be5d165ff323064b6bedd
18,timm van der gugten,c shafiqullah b dawlat zadran,2,4,1,0,0,50.00,19.4,6.61,130,10,team2,616be5d165ff323064b6bedd
19,ahsan malik,not out,2,4,7,0,0,50.00,19.4,6.61,130,10,team2,616be5d165ff323064b6bedd
