,player,batting,r,b,m,4s,6s,sr,overs,run_rate,total_run,wickets,team,id
0,chris gayle (c),c smith b harris,12,14,15,1,1,85.71,20,6.90,138,7,team1,616be1b665ff323064b6bdb9
1,travis dowlin,c smith b christian,31,32,49,3,0,96.87,20,6.90,138,7,team1,616be1b665ff323064b6bdb9
2,runako morton,c white b harris,0,1,1,0,0,0.00,20,6.90,138,7,team1,616be1b665ff323064b6bdb9
3,kieron pollard,b watson,5,9,16,0,0,55.55,20,6.90,138,7,team1,616be1b665ff323064b6bdb9
4,wavell hinds,run out (white/smith),0,2,3,0,0,0.00,20,6.90,138,7,team1,616be1b665ff323064b6bdb9
5,dwayne smith,c warner b christian,8,10,17,0,0,80.00,20,6.90,138,7,team1,616be1b665ff323064b6bdb9
6,narsingh deonarine,not out,36,29,42,4,0,124.13,20,6.90,138,7,team1,616be1b665ff323064b6bdb9
7,denesh ramdin †,c warner b tait,9,12,18,0,0,75.00,20,6.90,138,7,team1,616be1b665ff323064b6bdb9
8,daren sammy,not out,26,11,16,1,2,236.36,20,6.90,138,7,team1,616be1b665ff323064b6bdb9
9,shane watson,not out,62,33,50,4,4,187.87,11.4,12.17,142,2,team2,616be1b665ff323064b6bdb9
10,david warner,c pollard b miller,67,29,33,5,7,231.03,11.4,12.17,142,2,team2,616be1b665ff323064b6bdb9
11,brad haddin †,c morton b miller,6,6,14,1,0,100.00,11.4,12.17,142,2,team2,616be1b665ff323064b6bdb9
12,dan christian,not out,4,2,1,1,0,200.00,11.4,12.17,142,2,team2,616be1b665ff323064b6bdb9
