,player,batting,r,b,m,4s,6s,sr,overs,run_rate,total_run,wickets,team,id
0,gautam gambhir,c hodge b johnson,24,25,37,4,0,96.00,20,9.40,188,5,team1,616be07165ff323064b6bd51
1,virender sehwag,c †gilchrist b johnson,9,13,25,1,0,69.23,20,9.40,188,5,team1,616be07165ff323064b6bd51
2,robin uthappa,run out (symonds),34,28,38,1,3,121.42,20,9.40,188,5,team1,616be07165ff323064b6bd51
3,yuvraj singh,c hussey b clarke,70,30,38,5,5,233.33,20,9.40,188,5,team1,616be07165ff323064b6bd51
4,ms dhoni (c)†,run out (†gilchrist),36,18,21,4,1,200.00,20,9.40,188,5,team1,616be07165ff323064b6bd51
5,rohit sharma,not out,8,5,11,0,1,160.00,20,9.40,188,5,team1,616be07165ff323064b6bd51
6,irfan pathan,not out,0,1,1,0,0,0.00,20,9.40,188,5,team1,616be07165ff323064b6bd51
7,adam gilchrist (c)†,b sreesanth,22,13,21,2,2,169.23,20,8.65,173,7,team2,616be07165ff323064b6bd51
8,matthew hayden,b sreesanth,62,47,61,4,4,131.91,20,8.65,173,7,team2,616be07165ff323064b6bd51
9,brad hodge,c joginder sharma b pathan,11,10,15,0,1,110.00,20,8.65,173,7,team2,616be07165ff323064b6bd51
10,andrew symonds,b pathan,43,26,37,3,2,165.38,20,8.65,173,7,team2,616be07165ff323064b6bd51
11,michael hussey,c yuvraj singh b joginder sharma,13,12,28,0,1,108.33,20,8.65,173,7,team2,616be07165ff323064b6bd51
12,michael clarke,b harbhajan singh,3,3,2,0,0,100.00,20,8.65,173,7,team2,616be07165ff323064b6bd51
13,brad haddin,not out,5,8,14,0,0,62.50,20,8.65,173,7,team2,616be07165ff323064b6bd51
14,brett lee,b joginder sharma,2,2,1,0,0,100.00,20,8.65,173,7,team2,616be07165ff323064b6bd51
15,mitchell johnson,not out,4,1,2,1,0,400.00,20,8.65,173,7,team2,616be07165ff323064b6bd51
