,player,batting,r,b,m,4s,6s,sr,overs,run_rate,total_run,wickets,team,id
0,dwayne smith,c sorensen b murtagh,14,13,-,0,2,107.69,20,5.80,116,8,team1,616be51c65ff323064b6be90
1,chris gayle,c dockrell b cusack,18,19,-,3,0,94.73,20,5.80,116,8,team1,616be51c65ff323064b6be90
2,marlon samuels,st †wilson b dockrell,16,17,-,1,1,94.11,20,5.80,116,8,team1,616be51c65ff323064b6be90
3,lendl simmons,c thompson b cusack,16,23,-,2,0,69.56,20,5.80,116,8,team1,616be51c65ff323064b6be90
4,dwayne bravo,c o'brien b sorensen,8,14,-,1,0,57.14,20,5.80,116,8,team1,616be51c65ff323064b6be90
5,andre russell,b murtagh,15,15,-,1,1,100.00,20,5.80,116,8,team1,616be51c65ff323064b6be90
6,daren sammy (c),b o'brien,7,8,-,1,0,87.50,20,5.80,116,8,team1,616be51c65ff323064b6be90
7,denesh ramdin †,c †wilson b o'brien,4,2,-,1,0,200.00,20,5.80,116,8,team1,616be51c65ff323064b6be90
8,sunil narine,not out,6,6,-,0,0,100.00,20,5.80,116,8,team1,616be51c65ff323064b6be90
9,samuel badree,not out,3,3,-,0,0,100.00,20,5.80,116,8,team1,616be51c65ff323064b6be90
10,william porterfield (c),lbw b badree,4,4,-,1,0,100.00,19.1,6.10,117,4,team2,616be51c65ff323064b6be90
11,paul stirling,c russell b rampaul,0,2,-,0,0,0.00,19.1,6.10,117,4,team2,616be51c65ff323064b6be90
12,ed joyce,not out,40,49,-,2,0,81.63,19.1,6.10,117,4,team2,616be51c65ff323064b6be90
13,gary wilson †,b badree,18,18,-,3,0,100.00,19.1,6.10,117,4,team2,616be51c65ff323064b6be90
14,andrew poynter,b narine,32,30,-,6,0,106.66,19.1,6.10,117,4,team2,616be51c65ff323064b6be90
15,kevin o'brien,not out,15,12,-,2,0,125.00,19.1,6.10,117,4,team2,616be51c65ff323064b6be90
