,player,batting,r,b,m,4s,6s,sr,overs,run_rate,total_run,wickets,team,id
0,william porterfield (c),c borren b mudassar bukhari,4,7,9,0,0,57.14,19.5,6.45,128,10,team1,616be67b65ff323064b6beee
1,paul stirling,c cooper b mudassar bukhari,18,15,19,2,1,120.00,19.5,6.45,128,10,team1,616be67b65ff323064b6beee
2,andy balbirnie,c †barresi b van meekeren,31,31,35,3,0,100.00,19.5,6.45,128,10,team1,616be67b65ff323064b6beee
3,gary wilson †,b van der merwe,20,25,37,2,0,80.00,19.5,6.45,128,10,team1,616be67b65ff323064b6beee
4,kevin o'brien,c seelaar b van meekeren,33,18,23,0,3,183.33,19.5,6.45,128,10,team1,616be67b65ff323064b6beee
5,john mooney,c swart b van der gugten,4,7,11,0,0,57.14,19.5,6.45,128,10,team1,616be67b65ff323064b6beee
6,stuart thompson,c o'dowd b mudassar bukhari,4,5,9,1,0,80.00,19.5,6.45,128,10,team1,616be67b65ff323064b6beee
7,stuart poynter,c van meekeren b mudassar bukhari,3,4,4,0,0,75.00,19.5,6.45,128,10,team1,616be67b65ff323064b6beee
8,george dockrell,c borren b van der gugten,8,5,8,0,1,160.00,19.5,6.45,128,10,team1,616be67b65ff323064b6beee
9,alex cusack,run out (†barresi/van der gugten),0,1,6,0,0,0.00,19.5,6.45,128,10,team1,616be67b65ff323064b6beee
10,craig young,not out,0,1,1,0,0,0.00,19.5,6.45,128,10,team1,616be67b65ff323064b6beee
11,stephan myburgh,b young,1,3,6,0,0,33.33,18.1,7.10,129,5,team2,616be67b65ff323064b6beee
12,wesley barresi †,c sub (ar mcbrine) b cusack,9,10,13,2,0,90.00,18.1,7.10,129,5,team2,616be67b65ff323064b6beee
13,ben cooper,c dockrell b o'brien,43,40,48,6,1,107.50,18.1,7.10,129,5,team2,616be67b65ff323064b6beee
14,michael swart,c poynter b o'brien,21,20,39,2,0,105.00,18.1,7.10,129,5,team2,616be67b65ff323064b6beee
15,peter borren (c),not out,36,24,29,4,1,150.00,18.1,7.10,129,5,team2,616be67b65ff323064b6beee
16,max o'dowd,c dockrell b o'brien,17,12,16,1,1,141.66,18.1,7.10,129,5,team2,616be67b65ff323064b6beee
17,roelof van der merwe,not out,0,0,3,0,0,-,18.1,7.10,129,5,team2,616be67b65ff323064b6beee
