,player,batting,r,b,m,4s,6s,sr,overs,run_rate,total_run,wickets,team,id
0,jacques kallis,c southee b oram,31,26,28,1,2,119.23,20,8.50,170,4,team1,616be25c65ff323064b6bdca
1,graeme smith (c),c guptill b southee,14,12,17,2,0,116.66,20,8.50,170,4,team1,616be25c65ff323064b6bdca
2,herschelle gibbs,c bb mccullum b nl mccullum,30,24,29,1,2,125.00,20,8.50,170,4,team1,616be25c65ff323064b6bdca
3,ab de villiers,not out,47,39,43,1,2,120.51,20,8.50,170,4,team1,616be25c65ff323064b6bdca
4,albie morkel,run out (†hopkins),40,18,23,0,5,222.22,20,8.50,170,4,team1,616be25c65ff323064b6bdca
5,mark boucher †,not out,0,1,1,0,0,0.00,20,8.50,170,4,team1,616be25c65ff323064b6bdca
6,brendon mccullum,c gibbs b langeveldt,6,5,3,1,0,120.00,20,7.85,157,7,team2,616be25c65ff323064b6bdca
7,jesse ryder,c de villiers b botha,33,28,43,2,2,117.85,20,7.85,157,7,team2,616be25c65ff323064b6bdca
8,martin guptill,c ja morkel b botha,18,19,27,3,0,94.73,20,7.85,157,7,team2,616be25c65ff323064b6bdca
9,ross taylor,c gibbs b m morkel,19,16,17,1,1,118.75,20,7.85,157,7,team2,616be25c65ff323064b6bdca
10,scott styris,c gibbs b langeveldt,13,12,21,2,0,108.33,20,7.85,157,7,team2,616be25c65ff323064b6bdca
11,gareth hopkins †,c steyn b m morkel,18,13,17,0,2,138.46,20,7.85,157,7,team2,616be25c65ff323064b6bdca
12,jacob oram,lbw b steyn,0,2,1,0,0,0.00,20,7.85,157,7,team2,616be25c65ff323064b6bdca
13,nathan mccullum,not out,26,17,23,3,1,152.94,20,7.85,157,7,team2,616be25c65ff323064b6bdca
14,daniel vettori (c),not out,10,10,17,1,0,100.00,20,7.85,157,7,team2,616be25c65ff323064b6bdca
