,player,batting,r,b,m,4s,6s,sr,overs,run_rate,total_run,wickets,team,id
0,johnson charles,b borthwick,21,28,31,1,1,75.00,20,5.65,113,5,team1,616be30465ff323064b6bdf6
1,dwayne smith,lbw b dernbach,11,12,13,2,0,91.66,20,5.65,113,5,team1,616be30465ff323064b6bdf6
2,miles bascombe,lbw b patel,3,7,7,0,0,42.85,20,5.65,113,5,team1,616be30465ff323064b6bdf6
3,marlon samuels,not out,35,35,52,3,0,100.00,20,5.65,113,5,team1,616be30465ff323064b6bdf6
4,chris barnwell,c hales b patel,16,22,21,0,0,72.72,20,5.65,113,5,team1,616be30465ff323064b6bdf6
5,daren sammy (c),c borthwick b bopara,12,8,11,0,1,150.00,20,5.65,113,5,team1,616be30465ff323064b6bdf6
6,andre russell,not out,12,8,9,1,0,150.00,20,5.65,113,5,team1,616be30465ff323064b6bdf6
7,alex hales,b santokie,2,9,9,0,0,22.22,16.4,5.28,88,10,team2,616be30465ff323064b6bdf6
8,craig kieswetter †,b mathurin,10,9,12,2,0,111.11,16.4,5.28,88,10,team2,616be30465ff323064b6bdf6
9,ben stokes,lbw b bishoo,31,23,30,3,1,134.78,16.4,5.28,88,10,team2,616be30465ff323064b6bdf6
10,ravi bopara,b mathurin,3,9,7,0,0,33.33,16.4,5.28,88,10,team2,616be30465ff323064b6bdf6
11,jonny bairstow,b mathurin,4,5,6,0,0,80.00,16.4,5.28,88,10,team2,616be30465ff323064b6bdf6
12,samit patel,run out (bishoo),2,8,6,0,0,25.00,16.4,5.28,88,10,team2,616be30465ff323064b6bdf6
13,jos buttler,run out (sammy),13,11,24,1,0,118.18,16.4,5.28,88,10,team2,616be30465ff323064b6bdf6
14,tim bresnan,c mathurin b russell,2,4,4,0,0,50.00,16.4,5.28,88,10,team2,616be30465ff323064b6bdf6
15,scott borthwick,run out (samuels/sammy),14,16,18,2,0,87.50,16.4,5.28,88,10,team2,616be30465ff323064b6bdf6
16,graeme swann (c),not out,0,2,9,0,0,0.00,16.4,5.28,88,10,team2,616be30465ff323064b6bdf6
17,jade dernbach,run out (†christian/barnwell),3,4,2,0,0,75.00,16.4,5.28,88,10,team2,616be30465ff323064b6bdf6
