,player,batting,r,b,m,4s,6s,sr,overs,run_rate,total_run,wickets,team,id
0,ravi bopara,b jadeja,37,37,45,3,1,100.00,20,7.65,153,7,team1,616be1b665ff323064b6bd92
1,luke wright,c pathan b singh,1,7,7,0,0,14.28,20,7.65,153,7,team1,616be1b665ff323064b6bd92
2,kevin pietersen,lbw b jadeja,46,27,45,5,1,170.37,20,7.65,153,7,team1,616be1b665ff323064b6bd92
3,dimitri mascarenhas,not out,25,27,45,2,0,92.59,20,7.65,153,7,team1,616be1b665ff323064b6bd92
4,owais shah,c jadeja b harbhajan singh,12,10,17,1,0,120.00,20,7.65,153,7,team1,616be1b665ff323064b6bd92
5,paul collingwood (c),lbw b khan,7,5,6,1,0,140.00,20,7.65,153,7,team1,616be1b665ff323064b6bd92
6,james foster †,c & b harbhajan singh,6,5,1,0,0,120.00,20,7.65,153,7,team1,616be1b665ff323064b6bd92
7,graeme swann,b harbhajan singh,0,1,1,0,0,0.00,20,7.65,153,7,team1,616be1b665ff323064b6bd92
8,stuart broad,not out,3,1,2,0,0,300.00,20,7.65,153,7,team1,616be1b665ff323064b6bd92
9,gautam gambhir,c broad b mascarenhas,26,26,50,4,0,100.00,20,7.50,150,5,team2,616be1b665ff323064b6bd92
10,rohit sharma,b sidebottom,9,8,7,1,0,112.50,20,7.50,150,5,team2,616be1b665ff323064b6bd92
11,suresh raina,c wright b sidebottom,2,5,7,0,0,40.00,20,7.50,150,5,team2,616be1b665ff323064b6bd92
12,ravindra jadeja,c broad b swann,25,35,41,1,0,71.42,20,7.50,150,5,team2,616be1b665ff323064b6bd92
13,yuvraj singh,st †foster b swann,17,9,14,0,2,188.88,20,7.50,150,5,team2,616be1b665ff323064b6bd92
14,ms dhoni (c)†,not out,30,20,33,3,0,150.00,20,7.50,150,5,team2,616be1b665ff323064b6bd92
15,yusuf pathan,not out,33,17,29,1,2,194.11,20,7.50,150,5,team2,616be1b665ff323064b6bd92
