,player,batting,r,b,m,4s,6s,sr,overs,run_rate,total_run,wickets,team,id
0,stephan myburgh,c baidwan b rizwan cheema,16,20,-,3,0,80.00,20,6.75,135,6,team1,616be30465ff323064b6be0c
1,michael swart,b junaid siddiqui,3,4,-,0,0,75.00,20,6.75,135,6,team1,616be30465ff323064b6be0c
2,tom cooper,b baidwan,29,25,-,3,0,116.00,20,6.75,135,6,team1,616be30465ff323064b6be0c
3,alexei kervezee,b baidwan,29,32,-,0,0,90.62,20,6.75,135,6,team1,616be30465ff323064b6be0c
4,wesley barresi †,c zahid hussain b baidwan,3,7,-,0,0,42.85,20,6.75,135,6,team1,616be30465ff323064b6be0c
5,peter borren (c),run out (kumar),11,9,-,1,0,122.22,20,6.75,135,6,team1,616be30465ff323064b6be0c
6,mudassar bukhari,not out,28,15,-,1,1,186.66,20,6.75,135,6,team1,616be30465ff323064b6be0c
7,tom de grooth,not out,8,8,-,0,0,100.00,20,6.75,135,6,team1,616be30465ff323064b6be0c
8,hiral patel,b borren,11,17,-,0,0,64.70,16.4,5.58,93,10,team2,616be30465ff323064b6be0c
9,ruvindu gunasekera,b van der gugten,9,13,-,1,0,69.23,16.4,5.58,93,10,team2,616be30465ff323064b6be0c
10,raza-ur-rehman,b mudassar bukhari,1,4,-,0,0,25.00,16.4,5.58,93,10,team2,616be30465ff323064b6be0c
11,rizwan cheema (c),lbw b mudassar bukhari,0,2,-,0,0,0.00,16.4,5.58,93,10,team2,616be30465ff323064b6be0c
12,nitish kumar,run out (myburgh),1,4,-,0,0,25.00,16.4,5.58,93,10,team2,616be30465ff323064b6be0c
13,jimmy hansra,c borren b ahsan malik,30,31,-,1,2,96.77,16.4,5.58,93,10,team2,616be30465ff323064b6be0c
14,harvir baidwan,b seelaar,21,14,-,2,0,150.00,16.4,5.58,93,10,team2,616be30465ff323064b6be0c
15,rustam bhatti †,c & b seelaar,6,7,-,0,0,85.71,16.4,5.58,93,10,team2,616be30465ff323064b6be0c
16,junaid siddiqui,lbw b seelaar,1,3,-,0,0,33.33,16.4,5.58,93,10,team2,616be30465ff323064b6be0c
17,henry osinde,c cooper b ahsan malik,2,4,-,0,0,50.00,16.4,5.58,93,10,team2,616be30465ff323064b6be0c
18,zahid hussain,not out,1,1,-,0,0,100.00,16.4,5.58,93,10,team2,616be30465ff323064b6be0c
