,player,batting,r,b,m,4s,6s,sr,overs,run_rate,total_run,wickets,team,id
0,david warner,c †buttler b broad,1,5,6,0,0,20.00,20,12.40,248,6,team1,616be46a65ff323064b6be70
1,aaron finch,b dernbach,156,63,70,11,14,247.61,20,12.40,248,6,team1,616be46a65ff323064b6be70
2,shaun marsh,c lumb b briggs,28,21,34,2,1,133.33,20,12.40,248,6,team1,616be46a65ff323064b6be70
3,shane watson,b dernbach,37,16,30,4,2,231.25,20,12.40,248,6,team1,616be46a65ff323064b6be70
4,glenn maxwell,b dernbach,1,3,9,0,0,33.33,20,12.40,248,6,team1,616be46a65ff323064b6be70
5,george bailey (c),lbw b finn,1,2,3,0,0,50.00,20,12.40,248,6,team1,616be46a65ff323064b6be70
6,matthew wade †,not out,15,7,8,2,1,214.28,20,12.40,248,6,team1,616be46a65ff323064b6be70
7,james faulkner,not out,5,3,3,0,0,166.66,20,12.40,248,6,team1,616be46a65ff323064b6be70
8,michael lumb,lbw b johnson,22,11,13,3,1,200.00,20,10.45,209,6,team2,616be46a65ff323064b6be70
9,alex hales,c †wade b hazlewood,8,9,16,1,0,88.88,20,10.45,209,6,team2,616be46a65ff323064b6be70
10,luke wright,c †wade b hazlewood,4,2,2,1,0,200.00,20,10.45,209,6,team2,616be46a65ff323064b6be70
11,eoin morgan,c maxwell b johnson,0,3,11,0,0,0.00,20,10.45,209,6,team2,616be46a65ff323064b6be70
12,joe root,not out,90,49,77,13,1,183.67,20,10.45,209,6,team2,616be46a65ff323064b6be70
13,ravi bopara,c warner b watson,45,29,37,4,1,155.17,20,10.45,209,6,team2,616be46a65ff323064b6be70
14,jos buttler †,b faulkner,27,17,25,1,2,158.82,20,10.45,209,6,team2,616be46a65ff323064b6be70
15,stuart broad (c),not out,4,2,2,1,0,200.00,20,10.45,209,6,team2,616be46a65ff323064b6be70
