,player,batting,r,b,m,4s,6s,sr,overs,run_rate,total_run,wickets,team,id
0,gautam gambhir,c broad b maddy,58,41,62,7,1,141.46,20,10.90,218,4,team1,616be07165ff323064b6bd4c
1,virender sehwag,b tremlett,68,52,59,4,3,130.76,20,10.90,218,4,team1,616be07165ff323064b6bd4c
2,robin uthappa,b tremlett,6,4,8,1,0,150.00,20,10.90,218,4,team1,616be07165ff323064b6bd4c
3,ms dhoni (c)†,not out,10,8,22,0,0,125.00,20,10.90,218,4,team1,616be07165ff323064b6bd4c
4,yuvraj singh,c collingwood b flintoff,58,16,14,3,7,362.50,20,10.90,218,4,team1,616be07165ff323064b6bd4c
5,irfan pathan,not out,0,0,1,0,0,-,20,10.90,218,4,team1,616be07165ff323064b6bd4c
6,darren maddy,c gambhir b pathan,29,20,22,3,1,145.00,20,10.00,200,6,team2,616be07165ff323064b6bd4c
7,vikram solanki †,c sharma b pathan,43,31,41,5,1,138.70,20,10.00,200,6,team2,616be07165ff323064b6bd4c
8,kevin pietersen,c & b harbhajan singh,39,23,33,3,1,169.56,20,10.00,200,6,team2,616be07165ff323064b6bd4c
9,paul collingwood (c),b singh,28,20,32,2,1,140.00,20,10.00,200,6,team2,616be07165ff323064b6bd4c
10,owais shah,c joginder sharma b singh,21,13,15,3,1,161.53,20,10.00,200,6,team2,616be07165ff323064b6bd4c
11,andrew flintoff,not out,8,4,12,1,0,200.00,20,10.00,200,6,team2,616be07165ff323064b6bd4c
12,luke wright,c harbhajan singh b pathan,16,9,8,1,1,177.77,20,10.00,200,6,team2,616be07165ff323064b6bd4c
13,dimitri mascarenhas,not out,0,0,1,0,0,-,20,10.00,200,6,team2,616be07165ff323064b6bd4c
