,player,batting,r,b,m,4s,6s,sr,overs,run_rate,total_run,wickets,team,id
0,william porterfield (c),b amir hamza,27,14,26,4,1,192.85,20,11.25,225,7,team1,616be51c65ff323064b6be85
1,paul stirling,c mohammad nabi b amir hamza,76,43,64,8,4,176.74,20,11.25,225,7,team1,616be51c65ff323064b6be85
2,kevin o'brien,c dawlat zadran b karim sadiq,20,12,15,2,1,166.66,20,11.25,225,7,team1,616be51c65ff323064b6be85
3,trent johnston,b shapoor zadran,62,32,44,5,4,193.75,20,11.25,225,7,team1,616be51c65ff323064b6be85
4,gary wilson †,b dawlat zadran,2,3,7,0,0,66.66,20,11.25,225,7,team1,616be51c65ff323064b6be85
5,john mooney,c †mohammad shahzad b shapoor zadran,12,6,14,2,0,200.00,20,11.25,225,7,team1,616be51c65ff323064b6be85
6,max sorensen,not out,6,6,9,1,0,100.00,20,11.25,225,7,team1,616be51c65ff323064b6be85
7,james shannon,c gulbadin naib b amir hamza,2,3,6,0,0,66.66,20,11.25,225,7,team1,616be51c65ff323064b6be85
8,alex cusack,not out,1,1,1,0,0,100.00,20,11.25,225,7,team1,616be51c65ff323064b6be85
9,mohammad shahzad †,c shannon b dockrell,38,18,23,8,1,211.11,18.5,8.33,157,10,team2,616be51c65ff323064b6be85
10,nawroz mangal,b dockrell,14,10,15,3,0,140.00,18.5,8.33,157,10,team2,616be51c65ff323064b6be85
11,mirwais ashraf,c stirling b sorensen,22,17,30,2,1,129.41,18.5,8.33,157,10,team2,616be51c65ff323064b6be85
12,mohammad nabi (c),c stirling b cusack,6,6,6,1,0,100.00,18.5,8.33,157,10,team2,616be51c65ff323064b6be85
13,karim sadiq,c johnston b cusack,0,1,1,0,0,0.00,18.5,8.33,157,10,team2,616be51c65ff323064b6be85
14,gulbadin naib,c mooney b johnston,43,19,24,3,4,226.31,18.5,8.33,157,10,team2,616be51c65ff323064b6be85
15,samiullah shinwari,c stirling b johnston,5,7,12,0,0,71.42,18.5,8.33,157,10,team2,616be51c65ff323064b6be85
16,najibullah zadran,c mooney b johnston,4,6,19,0,0,66.66,18.5,8.33,157,10,team2,616be51c65ff323064b6be85
17,dawlat zadran,b murtagh,8,4,4,0,1,200.00,18.5,8.33,157,10,team2,616be51c65ff323064b6be85
18,shapoor zadran,b murtagh,13,20,25,0,2,65.00,18.5,8.33,157,10,team2,616be51c65ff323064b6be85
19,amir hamza,not out,2,5,11,0,0,40.00,18.5,8.33,157,10,team2,616be51c65ff323064b6be85
