,player,batting,r,b,m,4s,6s,sr,overs,run_rate,total_run,wickets,team,id
0,richard levi,c sharma b ik pathan,19,7,8,4,0,271.42,20,10.95,219,4,team1,616be30465ff323064b6be18
1,jacques kallis,c sharma b ashwin,61,42,58,5,2,145.23,20,10.95,219,4,team1,616be30465ff323064b6be18
2,colin ingram,c sharma b raina,78,50,59,8,3,156.00,20,10.95,219,4,team1,616be30465ff323064b6be18
3,farhaan behardien,not out,20,11,22,2,0,181.81,20,10.95,219,4,team1,616be30465ff323064b6be18
4,justin ontong,b raina,22,7,10,2,2,314.28,20,10.95,219,4,team1,616be30465ff323064b6be18
5,albie morkel,not out,16,3,3,1,2,533.33,20,10.95,219,4,team1,616be30465ff323064b6be18
6,robin uthappa,not out,18,19,36,1,0,94.73,7.5,9.06,71,10,team2,616be30465ff323064b6be18
7,gautam gambhir,not out,49,28,36,7,1,175.00,7.5,9.06,71,10,team2,616be30465ff323064b6be18
