,player,batting,r,b,m,4s,6s,sr,overs,run_rate,total_run,wickets,team,id
0,henry davids,lbw b senanayake,1,8,19,0,0,12.50,20,5.75,115,6,team1,616be46a65ff323064b6be6b
1,quinton de kock †,lbw b senanayake,5,7,9,1,0,71.42,20,5.75,115,6,team1,616be46a65ff323064b6be6b
2,faf du plessis (c),b senanayake,8,11,17,1,0,72.72,20,5.75,115,6,team1,616be46a65ff323064b6be6b
3,jean-paul duminy,c dilshan b baw mendis,51,52,67,3,1,98.07,20,5.75,115,6,team1,616be46a65ff323064b6be6b
4,ab de villiers,c mdkj perera b mathews,15,16,19,2,0,93.75,20,5.75,115,6,team1,616be46a65ff323064b6be6b
5,david miller,c dilshan b malinga,25,24,33,0,1,104.16,20,5.75,115,6,team1,616be46a65ff323064b6be6b
6,david wiese,not out,3,2,7,0,0,150.00,20,5.75,115,6,team1,616be46a65ff323064b6be6b
7,wayne parnell,not out,0,0,2,0,0,-,20,5.75,115,6,team1,616be46a65ff323064b6be6b
8,kusal perera,c wiese b morkel,11,14,15,2,0,78.57,20,5.15,103,9,team2,616be46a65ff323064b6be6b
9,tillakaratne dilshan,c de villiers b duminy,9,19,43,0,0,47.36,20,5.15,103,9,team2,616be46a65ff323064b6be6b
10,dinesh chandimal (c),c †de kock b tsotsobe,8,9,7,2,0,88.88,20,5.15,103,9,team2,616be46a65ff323064b6be6b
11,kumar sangakkara †,not out,59,53,70,9,0,111.32,20,5.15,103,9,team2,616be46a65ff323064b6be6b
12,angelo mathews,c & b duminy,4,7,17,0,0,57.14,20,5.15,103,9,team2,616be46a65ff323064b6be6b
13,jeevan mendis,c imran tahir b duminy,0,1,2,0,0,0.00,20,5.15,103,9,team2,616be46a65ff323064b6be6b
14,lahiru thirimanne,c de villiers b imran tahir,5,9,10,0,0,55.55,20,5.15,103,9,team2,616be46a65ff323064b6be6b
15,thisara perera,c du plessis b morkel,0,3,4,0,0,0.00,20,5.15,103,9,team2,616be46a65ff323064b6be6b
16,sachithra senanayake,c †de kock b parnell,0,4,4,0,0,0.00,20,5.15,103,9,team2,616be46a65ff323064b6be6b
17,lasith malinga,c du plessis b parnell,0,2,2,0,0,0.00,20,5.15,103,9,team2,616be46a65ff323064b6be6b
18,ajantha mendis,not out,0,0,5,0,0,-,20,5.15,103,9,team2,616be46a65ff323064b6be6b
