,player,batting,r,b,m,4s,6s,sr,overs,run_rate,total_run,wickets,team,id
0,johnson charles †,b mohammad hafeez,1,2,1,0,0,50.00,20,7.60,152,7,team1,616be46a65ff323064b6be69
1,chris gayle,lbw b mohammad hafeez,5,6,10,1,0,83.33,20,7.60,152,7,team1,616be46a65ff323064b6be69
2,marlon samuels,c & b zulfiqar babar,25,22,23,4,1,113.63,20,7.60,152,7,team1,616be46a65ff323064b6be69
3,lendl simmons,b zulfiqar babar,6,5,8,0,1,120.00,20,7.60,152,7,team1,616be46a65ff323064b6be69
4,dwayne bravo,c saeed ajmal b zulfiqar babar,25,35,40,2,0,71.42,20,7.60,152,7,team1,616be46a65ff323064b6be69
5,kieron pollard,not out,49,36,53,4,2,136.11,20,7.60,152,7,team1,616be46a65ff323064b6be69
6,daren sammy (c),c hammad azam b mohammad irfan,30,14,17,2,3,214.28,20,7.60,152,7,team1,616be46a65ff323064b6be69
7,sunil narine,run out (ahmed shehzad/mohammad irfan),0,0,2,0,0,-,20,7.60,152,7,team1,616be46a65ff323064b6be69
8,nasir jamshed,c simmons b gabriel,6,4,4,0,1,150.00,20,7.90,158,8,team2,616be46a65ff323064b6be69
9,ahmed shehzad,c pollard b badree,3,6,9,0,0,50.00,20,7.90,158,8,team2,616be46a65ff323064b6be69
10,mohammad hafeez (c),c gabriel b narine,13,7,19,3,0,185.71,20,7.90,158,8,team2,616be46a65ff323064b6be69
11,umar amin,st †charles b samuels,47,34,41,9,0,138.23,20,7.90,158,8,team2,616be46a65ff323064b6be69
12,umar akmal †,run out (sammy),9,9,13,1,0,100.00,20,7.90,158,8,team2,616be46a65ff323064b6be69
13,hammad azam,c pollard b gabriel,10,15,27,0,0,66.66,20,7.90,158,8,team2,616be46a65ff323064b6be69
14,shahid afridi,c bravo b gabriel,46,27,36,4,2,170.37,20,7.90,158,8,team2,616be46a65ff323064b6be69
15,zulfiqar babar,not out,13,17,27,1,1,76.47,20,7.90,158,8,team2,616be46a65ff323064b6be69
16,saeed ajmal,run out (simmons),0,1,7,0,0,0.00,20,7.90,158,8,team2,616be46a65ff323064b6be69
17,junaid khan,not out,0,0,2,0,0,-,20,7.90,158,8,team2,616be46a65ff323064b6be69
