,player,batting,r,b,m,4s,6s,sr,overs,run_rate,total_run,wickets,team,id
0,mahela jayawardene,c morgan b swann,42,38,42,5,1,110.52,20,8.45,169,6,team1,616be3ab65ff323064b6be43
1,tillakaratne dilshan,lbw b finn,16,12,20,1,1,133.33,20,8.45,169,6,team1,616be3ab65ff323064b6be43
2,kumar sangakkara (c)†,c †bairstow b swann,13,12,22,1,0,108.33,20,8.45,169,6,team1,616be3ab65ff323064b6be43
3,angelo mathews,b broad,28,19,24,3,1,147.36,20,8.45,169,6,team1,616be3ab65ff323064b6be43
4,jeevan mendis,c bopara b broad,18,13,21,2,1,138.46,20,8.45,169,6,team1,616be3ab65ff323064b6be43
5,lahiru thirimanne,b broad,13,7,17,1,1,185.71,20,8.45,169,6,team1,616be3ab65ff323064b6be43
6,thisara perera,not out,26,16,21,0,2,162.50,20,8.45,169,6,team1,616be3ab65ff323064b6be43
7,nuwan kulasekara,not out,1,3,5,0,0,33.33,20,8.45,169,6,team1,616be3ab65ff323064b6be43
8,luke wright,c dilshan b malinga,12,11,10,1,1,109.09,20,7.50,150,9,team2,616be3ab65ff323064b6be43
9,alex hales,lbw b malinga,3,5,15,0,0,60.00,20,7.50,150,9,team2,616be3ab65ff323064b6be43
10,jonny bairstow †,c kulasekara b malinga,2,2,1,0,0,100.00,20,7.50,150,9,team2,616be3ab65ff323064b6be43
11,samit patel,b malinga,67,48,65,8,2,139.58,20,7.50,150,9,team2,616be3ab65ff323064b6be43
12,eoin morgan,lbw b dananjaya,10,15,27,1,0,66.66,20,7.50,150,9,team2,616be3ab65ff323064b6be43
13,ravi bopara,b bmaj mendis,1,6,4,0,0,16.66,20,7.50,150,9,team2,616be3ab65ff323064b6be43
14,jos buttler,c baw mendis b malinga,8,7,8,0,0,114.28,20,7.50,150,9,team2,616be3ab65ff323064b6be43
15,stuart broad (c),c jayawardene b dananjaya,1,2,2,0,0,50.00,20,7.50,150,9,team2,616be3ab65ff323064b6be43
16,graeme swann,b kulasekara,34,20,22,4,1,170.00,20,7.50,150,9,team2,616be3ab65ff323064b6be43
17,steven finn,not out,1,3,7,0,0,33.33,20,7.50,150,9,team2,616be3ab65ff323064b6be43
18,jade dernbach,not out,2,2,3,0,0,100.00,20,7.50,150,9,team2,616be3ab65ff323064b6be43
