,player,batting,r,b,m,4s,6s,sr,overs,run_rate,total_run,wickets,team,id
0,tamim iqbal,c ponting b clarke,32,40,44,3,0,80.00,20,6.15,123,8,team1,616be07165ff323064b6bd45
1,nazimuddin,c ponting b johnson,11,17,21,2,0,64.70,20,6.15,123,8,team1,616be07165ff323064b6bd45
2,aftab ahmed,c hodge b bracken,31,34,51,2,0,91.17,20,6.15,123,8,team1,616be07165ff323064b6bd45
3,mohammad ashraful (c),c symonds b clark,7,6,11,1,0,116.66,20,6.15,123,8,team1,616be07165ff323064b6bd45
4,shakib al hasan,c †gilchrist b lee,16,11,13,1,1,145.45,20,6.15,123,8,team1,616be07165ff323064b6bd45
5,mashrafe mortaza,b lee,0,1,1,0,0,0.00,20,6.15,123,8,team1,616be07165ff323064b6bd45
6,alok kapali,lbw b lee,0,1,1,0,0,0.00,20,6.15,123,8,team1,616be07165ff323064b6bd45
7,farhad reza,c hussey b bracken,4,13,13,0,0,30.76,20,6.15,123,8,team1,616be07165ff323064b6bd45
8,mushfiqur rahim †,not out,3,2,3,0,0,150.00,20,6.15,123,8,team1,616be07165ff323064b6bd45
9,abdur razzak,not out,0,0,2,0,0,-,20,6.15,123,8,team1,616be07165ff323064b6bd45
10,adam gilchrist †,run out (tamim iqbal/†mushfiqur rahim),43,28,41,1,4,153.57,13.5,8.96,124,1,team2,616be07165ff323064b6bd45
11,matthew hayden,not out,73,48,51,9,3,152.08,13.5,8.96,124,1,team2,616be07165ff323064b6bd45
12,ricky ponting (c),not out,6,8,9,0,0,75.00,13.5,8.96,124,1,team2,616be07165ff323064b6bd45
