,player,batting,r,b,m,4s,6s,sr,overs,run_rate,total_run,wickets,team,id
0,tamim iqbal,c dockrell b johnston,0,9,13,0,0,0.00,20,7.29,146,6,team1,616be3ab65ff323064b6be20
1,mohammad ashraful,c poynter b sorensen,38,46,67,2,0,82.60,20,7.29,146,6,team1,616be3ab65ff323064b6be20
2,shakib al hasan,c johnston b cusack,11,9,12,2,0,122.22,20,7.29,146,6,team1,616be3ab65ff323064b6be20
3,mushfiqur rahim (c)†,run out (mooney/o'brien),14,8,13,1,1,175.00,20,7.29,146,6,team1,616be3ab65ff323064b6be20
4,mahmudullah,b o'brien,3,4,5,0,0,75.00,20,7.29,146,6,team1,616be3ab65ff323064b6be20
5,nasir hossain,not out,50,33,41,4,2,151.51,20,7.29,146,6,team1,616be3ab65ff323064b6be20
6,ziaur rahman,c porterfield b sorensen,14,7,10,1,1,200.00,20,7.29,146,6,team1,616be3ab65ff323064b6be20
7,mashrafe mortaza,not out,5,4,9,0,0,125.00,20,7.29,146,6,team1,616be3ab65ff323064b6be20
8,william porterfield (c),run out (nasir hossain/abdur razzak),14,12,14,3,0,116.66,20,7.25,145,6,team2,616be3ab65ff323064b6be20
9,paul stirling,b elias sunny,26,20,29,4,0,130.00,20,7.25,145,6,team2,616be3ab65ff323064b6be20
10,ed joyce,c tamim iqbal b mahmudullah,41,44,66,1,0,93.18,20,7.25,145,6,team2,616be3ab65ff323064b6be20
11,gary wilson †,st †mushfiqur rahim b elias sunny,37,27,27,4,0,137.03,20,7.25,145,6,team2,616be3ab65ff323064b6be20
12,kevin o'brien,st †mushfiqur rahim b abdur razzak,5,5,7,1,0,100.00,20,7.25,145,6,team2,616be3ab65ff323064b6be20
13,andrew poynter,c shakib al hasan b mahmudullah,12,12,15,1,0,100.00,20,7.25,145,6,team2,616be3ab65ff323064b6be20
14,trent johnston,not out,6,1,2,0,1,600.00,20,7.25,145,6,team2,616be3ab65ff323064b6be20
15,john mooney,not out,0,0,1,0,0,-,20,7.25,145,6,team2,616be3ab65ff323064b6be20
