,player,batting,r,b,m,4s,6s,sr,overs,run_rate,total_run,wickets,team,id
0,chamu chibhabha,b dawlat zadran,0,2,1,0,0,0.00,20,9.50,190,7,team1,616be67b65ff323064b6befd
1,sikandar raza,c & b gulbadin naib,21,13,19,3,1,161.53,20,9.50,190,7,team1,616be67b65ff323064b6befd
2,sean williams,c shafiqullah b rashid khan,54,26,39,8,2,207.69,20,9.50,190,7,team1,616be67b65ff323064b6befd
3,richmond mutumbami †,lbw b amir hamza,43,33,47,1,2,130.30,20,9.50,190,7,team1,616be67b65ff323064b6befd
4,elton chigumbura (c),c najibullah zadran b amir hamza,33,28,40,3,0,117.85,20,9.50,190,7,team1,616be67b65ff323064b6befd
5,craig ervine,c gulbadin naib b dawlat zadran,4,3,7,1,0,133.33,20,9.50,190,7,team1,616be67b65ff323064b6befd
6,malcolm waller,c shafiqullah b gulbadin naib,12,9,14,0,1,133.33,20,9.50,190,7,team1,616be67b65ff323064b6befd
7,neville madziva,not out,11,7,12,0,0,157.14,20,9.50,190,7,team1,616be67b65ff323064b6befd
8,wellington masakadza,not out,4,1,4,1,0,400.00,20,9.50,190,7,team1,616be67b65ff323064b6befd
9,mohammad shahzad †,lbw b chibhabha,24,20,50,3,0,120.00,19.5,9.63,191,5,team2,616be67b65ff323064b6befd
10,usman ghani,c madziva b chibhabha,65,45,49,6,3,144.44,19.5,9.63,191,5,team2,616be67b65ff323064b6befd
11,gulbadin naib,not out,56,31,49,7,0,180.64,19.5,9.63,191,5,team2,616be67b65ff323064b6befd
12,mohammad nabi,run out (mpofu/†mutumbami),15,11,16,1,0,136.36,19.5,9.63,191,5,team2,616be67b65ff323064b6befd
13,najibullah zadran,b muzarabani,2,4,9,0,0,50.00,19.5,9.63,191,5,team2,616be67b65ff323064b6befd
14,karim sadiq,run out (muzarabani),11,5,14,0,1,220.00,19.5,9.63,191,5,team2,616be67b65ff323064b6befd
15,shafiqullah,not out,7,4,7,1,0,175.00,19.5,9.63,191,5,team2,616be67b65ff323064b6befd
