,player,batting,r,b,m,4s,6s,sr,overs,run_rate,total_run,wickets,team,id
0,shane watson,c †ramdin b gayle,37,19,30,1,4,194.73,20,8.94,179,8,team1,616be1b665ff323064b6bdb8
1,david warner,c & b smith,49,32,33,6,2,153.12,20,8.94,179,8,team1,616be1b665ff323064b6bdb8
2,michael clarke (c),c miller b pollard,12,9,17,1,0,133.33,20,8.94,179,8,team1,616be1b665ff323064b6bdb8
3,david hussey,c roach b gayle,1,3,4,0,0,33.33,20,8.94,179,8,team1,616be1b665ff323064b6bdb8
4,cameron white,c pollard b miller,15,20,23,0,0,75.00,20,8.94,179,8,team1,616be1b665ff323064b6bdb8
5,travis birt,st †ramdin b miller,13,10,12,2,0,130.00,20,8.94,179,8,team1,616be1b665ff323064b6bdb8
6,brad haddin †,not out,37,16,-,2,2,231.25,20,8.94,179,8,team1,616be1b665ff323064b6bdb8
7,mitchell johnson,c & b sammy,4,7,11,0,0,57.14,20,8.94,179,8,team1,616be1b665ff323064b6bdb8
8,steven smith,c †ramdin b smith,8,5,-,1,0,160.00,20,8.94,179,8,team1,616be1b665ff323064b6bdb8
9,chris gayle (c),b tait,5,5,7,1,0,100.00,20,7.05,141,8,team2,616be1b665ff323064b6bdb8
10,lendl simmons,c tait b nannes,5,6,13,1,0,83.33,20,7.05,141,8,team2,616be1b665ff323064b6bdb8
11,narsingh deonarine,c watson b tait,0,1,1,0,0,0.00,20,7.05,141,8,team2,616be1b665ff323064b6bdb8
12,kieron pollard,c †haddin b tait,12,9,11,2,0,133.33,20,7.05,141,8,team2,616be1b665ff323064b6bdb8
13,wavell hinds,c watson b johnson,11,14,21,1,0,78.57,20,7.05,141,8,team2,616be1b665ff323064b6bdb8
14,runako morton,c smith b nannes,40,41,54,3,0,97.56,20,7.05,141,8,team2,616be1b665ff323064b6bdb8
15,dwayne smith,c smith b johnson,4,6,6,0,0,66.66,20,7.05,141,8,team2,616be1b665ff323064b6bdb8
16,denesh ramdin †,c hussey b nannes,44,26,29,7,0,169.23,20,7.05,141,8,team2,616be1b665ff323064b6bdb8
17,daren sammy,not out,3,4,-,0,0,75.00,20,7.05,141,8,team2,616be1b665ff323064b6bdb8
18,nikita miller,not out,11,8,-,1,0,137.50,20,7.05,141,8,team2,616be1b665ff323064b6bdb8
