,player,batting,r,b,m,4s,6s,sr,overs,run_rate,total_run,wickets,team,id
0,michael lumb,c rankin b kj o'brien,14,11,19,3,0,127.27,20,6.00,120,8,team1,616be25c65ff323064b6bdc6
1,craig kieswetter †,run out (mooney/†nj o'brien),13,17,29,0,0,76.47,20,6.00,120,8,team1,616be25c65ff323064b6bdc6
2,kevin pietersen,c mooney b kj o'brien,9,18,25,0,0,50.00,20,6.00,120,8,team1,616be25c65ff323064b6bdc6
3,paul collingwood (c),c botha b johnston,0,3,1,0,0,0.00,20,6.00,120,8,team1,616be25c65ff323064b6bdc6
4,eoin morgan,c wilson b botha,45,37,53,5,0,121.62,20,6.00,120,8,team1,616be25c65ff323064b6bdc6
5,luke wright,c porterfield b rankin,20,24,22,0,1,83.33,20,6.00,120,8,team1,616be25c65ff323064b6bdc6
6,tim bresnan,c mooney b rankin,5,6,8,1,0,83.33,20,6.00,120,8,team1,616be25c65ff323064b6bdc6
7,graeme swann,not out,7,5,7,0,0,140.00,20,6.00,120,8,team1,616be25c65ff323064b6bdc6
8,michael yardy,run out (johnston),0,0,1,0,0,-,20,6.00,120,8,team1,616be25c65ff323064b6bdc6
9,stuart broad,not out,0,0,1,0,0,-,20,6.00,120,8,team1,616be25c65ff323064b6bdc6
10,william porterfield (c),not out,4,10,14,0,0,40.00,3.3,4.00,14,1,team2,616be25c65ff323064b6bdc6
11,paul stirling,c lumb b sidebottom,0,6,6,0,0,0.00,3.3,4.00,14,1,team2,616be25c65ff323064b6bdc6
12,niall o'brien †,not out,9,5,5,2,0,180.00,3.3,4.00,14,1,team2,616be25c65ff323064b6bdc6
