,player,batting,r,b,m,4s,6s,sr,overs,run_rate,total_run,wickets,team,id
0,hamilton masakadza,c porterfield b mcbrine,21,17,23,3,0,123.52,20,8.15,163,5,team1,616be51c65ff323064b6be9a
1,sikandar raza,c sorensen b cusack,10,8,7,2,0,125.00,20,8.15,163,5,team1,616be51c65ff323064b6be9a
2,brendan taylor (c)†,c joyce b dockrell,59,46,57,6,2,128.26,20,8.15,163,5,team1,616be51c65ff323064b6be9a
3,sean williams,st †wilson b mcbrine,16,9,9,1,1,177.77,20,8.15,163,5,team1,616be51c65ff323064b6be9a
4,vusi sibanda,c sorensen b dockrell,16,18,19,1,0,88.88,20,8.15,163,5,team1,616be51c65ff323064b6be9a
5,elton chigumbura,not out,22,13,20,0,2,169.23,20,8.15,163,5,team1,616be51c65ff323064b6be9a
6,timycen maruma,not out,13,9,11,0,1,144.44,20,8.15,163,5,team1,616be51c65ff323064b6be9a
7,william porterfield (c),c maruma b williams,31,23,33,3,1,134.78,20,8.19,164,7,team2,616be51c65ff323064b6be9a
8,paul stirling,c sikandar raza b chatara,60,34,42,9,1,176.47,20,8.19,164,7,team2,616be51c65ff323064b6be9a
9,ed joyce,b panyangara,22,28,50,0,0,78.57,20,8.19,164,7,team2,616be51c65ff323064b6be9a
10,andrew poynter,c chigumbura b panyangara,23,15,18,3,0,153.33,20,8.19,164,7,team2,616be51c65ff323064b6be9a
11,gary wilson †,c masakadza b panyangara,0,2,1,0,0,0.00,20,8.19,164,7,team2,616be51c65ff323064b6be9a
12,kevin o'brien,c williams b panyangara,17,10,12,2,1,170.00,20,8.19,164,7,team2,616be51c65ff323064b6be9a
13,stuart thompson,not out,3,6,12,0,0,50.00,20,8.19,164,7,team2,616be51c65ff323064b6be9a
14,max sorensen,run out (williams),0,1,1,0,0,0.00,20,8.19,164,7,team2,616be51c65ff323064b6be9a
15,alex cusack,not out,0,1,2,0,0,0.00,20,8.19,164,7,team2,616be51c65ff323064b6be9a
