,player,batting,r,b,m,4s,6s,sr,overs,run_rate,total_run,wickets,team,id
0,mohammad shahzad †,c mahmudullah b mashrafe mortaza,0,1,1,0,0,0.00,17.1,4.19,72,10,team1,616be51c65ff323064b6be98
1,najeeb tarakai,c nasir hossain b shakib al hasan,7,11,27,1,0,63.63,17.1,4.19,72,10,team1,616be51c65ff323064b6be98
2,gulbadin naib,c sabbir rahman b shakib al hasan,21,22,25,3,1,95.45,17.1,4.19,72,10,team1,616be51c65ff323064b6be98
3,nawroz mangal,run out (sabbir rahman),0,1,7,0,0,0.00,17.1,4.19,72,10,team1,616be51c65ff323064b6be98
4,mohammad nabi (c),lbw b abdur razzak,3,9,16,0,0,33.33,17.1,4.19,72,10,team1,616be51c65ff323064b6be98
5,karim sadiq,run out (farhad reza),10,23,20,0,0,43.47,17.1,4.19,72,10,team1,616be51c65ff323064b6be98
6,shafiqullah,c †mushfiqur rahim b mahmudullah,16,16,17,2,0,100.00,17.1,4.19,72,10,team1,616be51c65ff323064b6be98
7,samiullah shinwari,lbw b abdur razzak,1,3,7,0,0,33.33,17.1,4.19,72,10,team1,616be51c65ff323064b6be98
8,dawlat zadran,c mahmudullah b farhad reza,1,6,10,0,0,16.66,17.1,4.19,72,10,team1,616be51c65ff323064b6be98
9,shapoor zadran,b shakib al hasan,1,11,13,0,0,9.09,17.1,4.19,72,10,team1,616be51c65ff323064b6be98
10,aftab alam,not out,0,1,4,0,0,0.00,17.1,4.19,72,10,team1,616be51c65ff323064b6be98
11,tamim iqbal,lbw b samiullah shinwari,21,27,-,2,0,77.77,12,6.50,78,1,team2,616be51c65ff323064b6be98
12,anamul haque,not out,44,33,-,4,3,133.33,12,6.50,78,1,team2,616be51c65ff323064b6be98
13,shakib al hasan,not out,10,12,-,1,0,83.33,12,6.50,78,1,team2,616be51c65ff323064b6be98
