,player,batting,r,b,m,4s,6s,sr,overs,run_rate,total_run,wickets,team,id
0,gautam gambhir,c & b mohammad asif,0,3,2,0,0,0.00,20,7.05,141,9,team1,616be07165ff323064b6bd41
1,virender sehwag,b mohammad asif,5,3,10,1,0,166.66,20,7.05,141,9,team1,616be07165ff323064b6bd41
2,robin uthappa,c †kamran akmal b sohail tanvir,50,39,52,4,2,128.20,20,7.05,141,9,team1,616be07165ff323064b6bd41
3,yuvraj singh,c shoaib malik b mohammad asif,1,4,8,0,0,25.00,20,7.05,141,9,team1,616be07165ff323064b6bd41
4,dinesh karthik,b mohammad asif,11,9,12,2,0,122.22,20,7.05,141,9,team1,616be07165ff323064b6bd41
5,ms dhoni (c)†,c younis khan b yasir arafat,33,31,46,3,1,106.45,20,7.05,141,9,team1,616be07165ff323064b6bd41
6,irfan pathan,b shahid afridi,20,15,11,0,2,133.33,20,7.05,141,9,team1,616be07165ff323064b6bd41
7,harbhajan singh,b shahid afridi,1,4,4,0,0,25.00,20,7.05,141,9,team1,616be07165ff323064b6bd41
8,ajit agarkar,run out (†kamran akmal),14,9,9,2,0,155.55,20,7.05,141,9,team1,616be07165ff323064b6bd41
9,sreesanth,not out,1,3,2,0,0,33.33,20,7.05,141,9,team1,616be07165ff323064b6bd41
10,salman butt,c †dhoni b agarkar,17,25,32,2,0,68.00,20,7.05,141,7,team2,616be07165ff323064b6bd41
11,imran nazir,b singh,7,8,10,1,0,87.50,20,7.05,141,7,team2,616be07165ff323064b6bd41
12,kamran akmal †,run out (yuvraj singh),15,13,25,1,1,115.38,20,7.05,141,7,team2,616be07165ff323064b6bd41
13,younis khan,b pathan,2,8,5,0,0,25.00,20,7.05,141,7,team2,616be07165ff323064b6bd41
14,shoaib malik (c),c harbhajan singh b pathan,20,18,24,3,0,111.11,20,7.05,141,7,team2,616be07165ff323064b6bd41
15,misbah-ul-haq,run out (agarkar/sreesanth),53,35,46,7,1,151.42,20,7.05,141,7,team2,616be07165ff323064b6bd41
16,shahid afridi,c karthik b harbhajan singh,7,9,9,0,0,77.77,20,7.05,141,7,team2,616be07165ff323064b6bd41
17,yasir arafat,not out,12,5,13,2,0,240.00,20,7.05,141,7,team2,616be07165ff323064b6bd41
