,player,batting,r,b,m,4s,6s,sr,overs,run_rate,total_run,wickets,team,id
0,zeeshan maqsood,c amjad ali b guruge,44,34,-,7,0,129.41,20,6.65,133,8,team1,616be67b65ff323064b6bf03
1,aqib ilyas,st †patil b rohan mustafa,16,15,-,3,0,106.66,20,6.65,133,8,team1,616be67b65ff323064b6bf03
2,khawar ali,lbw b ahmed raza,14,24,-,1,0,58.33,20,6.65,133,8,team1,616be67b65ff323064b6bf03
3,adnan ilyas,c rohan mustafa b guruge,22,20,-,1,1,110.00,20,6.65,133,8,team1,616be67b65ff323064b6bf03
4,zeeshan siddiqui,c †patil b qadeer ahmed,5,9,-,0,0,55.55,20,6.65,133,8,team1,616be67b65ff323064b6bf03
5,mehran khan,b rohan mustafa,7,5,-,1,0,140.00,20,6.65,133,8,team1,616be67b65ff323064b6bf03
6,amir ali,not out,13,10,-,0,0,130.00,20,6.65,133,8,team1,616be67b65ff323064b6bf03
7,sultan ahmed (c)†,c zaheer maqsood b rohan mustafa,0,1,-,0,0,0.00,20,6.65,133,8,team1,616be67b65ff323064b6bf03
8,ajay lalcheta,run out (qadeer ahmed),1,2,-,0,0,50.00,20,6.65,133,8,team1,616be67b65ff323064b6bf03
9,rajeshkumar ranpura,not out,0,0,-,0,0,-,20,6.65,133,8,team1,616be67b65ff323064b6bf03
10,amjad khan,b lalcheta,24,21,-,3,1,114.28,18.2,7.30,134,3,team2,616be67b65ff323064b6bf03
11,rohan mustafa,c bilal khan b zeeshan maqsood,41,31,-,4,2,132.25,18.2,7.30,134,3,team2,616be67b65ff323064b6bf03
12,shaiman anwar,c bilal khan b ranpura,54,43,-,4,1,125.58,18.2,7.30,134,3,team2,616be67b65ff323064b6bf03
13,mohammad shahzad,not out,11,13,-,0,1,84.61,18.2,7.30,134,3,team2,616be67b65ff323064b6bf03
14,amjad ali,not out,2,2,-,0,0,100.00,18.2,7.30,134,3,team2,616be67b65ff323064b6bf03
