,player,batting,r,b,m,4s,6s,sr,overs,run_rate,total_run,wickets,team,id
0,ahmed shehzad,c finch b boyce,10,20,26,2,0,50.00,20,4.80,96,9,team1,616be5d165ff323064b6bec0
1,awais zia,c richardson b maxwell,3,7,8,0,0,42.85,20,4.80,96,9,team1,616be5d165ff323064b6bec0
2,umar amin,st †haddin b maxwell,0,3,2,0,0,0.00,20,4.80,96,9,team1,616be5d165ff323064b6bec0
3,sohaib maqsood,b maxwell,0,3,7,0,0,0.00,20,4.80,96,9,team1,616be5d165ff323064b6bec0
4,saad nasim,b starc,25,32,46,0,0,78.12,20,4.80,96,9,team1,616be5d165ff323064b6bec0
5,umar akmal †,c warner b richardson,1,5,5,0,0,20.00,20,4.80,96,9,team1,616be5d165ff323064b6bec0
6,shahid afridi (c),lbw b abbott,2,3,6,0,0,66.66,20,4.80,96,9,team1,616be5d165ff323064b6bec0
7,anwar ali,c richardson b boyce,5,11,10,0,0,45.45,20,4.80,96,9,team1,616be5d165ff323064b6bec0
8,wahab riaz,c starc b faulkner,16,20,23,1,0,80.00,20,4.80,96,9,team1,616be5d165ff323064b6bec0
9,raza hasan,not out,13,13,16,1,0,100.00,20,4.80,96,9,team1,616be5d165ff323064b6bec0
10,mohammad irfan,not out,1,3,7,0,0,33.33,20,4.80,96,9,team1,616be5d165ff323064b6bec0
11,david warner,not out,53,39,58,4,3,135.89,14,6.92,97,4,team2,616be5d165ff323064b6bec0
12,aaron finch (c),c mohammad irfan b raza hasan,5,9,8,1,0,55.55,14,6.92,97,4,team2,616be5d165ff323064b6bec0
13,glenn maxwell,lbw b shahid afridi,17,10,10,3,0,170.00,14,6.92,97,4,team2,616be5d165ff323064b6bec0
14,steven smith,c wahab riaz b raza hasan,3,6,5,0,0,50.00,14,6.92,97,4,team2,616be5d165ff323064b6bec0
15,phillip hughes,c sohaib maqsood b wahab riaz,6,8,7,1,0,75.00,14,6.92,97,4,team2,616be5d165ff323064b6bec0
16,james faulkner,not out,7,13,23,0,0,53.84,14,6.92,97,4,team2,616be5d165ff323064b6bec0
