,player,batting,r,b,m,4s,6s,sr,overs,run_rate,total_run,wickets,team,id
0,chris gayle,c coulter-nile b hazlewood,8,7,8,0,1,114.28,20,9.54,191,6,team1,616be46a65ff323064b6be56
1,johnson charles,b coulter-nile,57,35,49,7,1,162.85,20,9.54,191,6,team1,616be46a65ff323064b6be56
2,darren bravo,run out (mckay/†haddin),32,27,48,3,0,118.51,20,9.54,191,6,team1,616be46a65ff323064b6be56
3,kieron pollard,c marsh b faulkner,26,17,25,2,1,152.94,20,9.54,191,6,team1,616be46a65ff323064b6be56
4,dwayne bravo,b faulkner,13,13,20,0,0,100.00,20,9.54,191,6,team1,616be46a65ff323064b6be56
5,andre russell,not out,23,11,19,3,0,209.09,20,9.54,191,6,team1,616be46a65ff323064b6be56
6,daren sammy (c),c marsh b faulkner,20,7,10,1,2,285.71,20,9.54,191,6,team1,616be46a65ff323064b6be56
7,narsingh deonarine,not out,6,3,6,1,0,200.00,20,9.54,191,6,team1,616be46a65ff323064b6be56
8,aaron finch,b sammy,4,6,5,0,0,66.66,20,8.19,164,8,team2,616be46a65ff323064b6be56
9,shaun marsh,run out (best/†thomas),21,19,43,0,1,110.52,20,8.19,164,8,team2,616be46a65ff323064b6be56
10,adam voges,run out (†thomas),51,33,41,2,2,154.54,20,8.19,164,8,team2,616be46a65ff323064b6be56
11,george bailey (c),c deonarine b narine,15,11,11,2,0,136.36,20,8.19,164,8,team2,616be46a65ff323064b6be56
12,ben rohrer,c deonarine b pollard,16,14,30,0,1,114.28,20,8.19,164,8,team2,616be46a65ff323064b6be56
13,brad haddin †,c russell b pollard,22,11,12,1,2,200.00,20,8.19,164,8,team2,616be46a65ff323064b6be56
14,james faulkner,c sammy b pollard,7,6,8,0,0,116.66,20,8.19,164,8,team2,616be46a65ff323064b6be56
15,ben cutting,st †thomas b narine,0,1,4,0,0,0.00,20,8.19,164,8,team2,616be46a65ff323064b6be56
16,nathan coulter-nile,not out,16,11,15,0,2,145.45,20,8.19,164,8,team2,616be46a65ff323064b6be56
17,clint mckay,not out,6,8,12,0,0,75.00,20,8.19,164,8,team2,616be46a65ff323064b6be56
