,player,batting,r,b,m,4s,6s,sr,overs,run_rate,total_run,wickets,team,id
0,kusal perera †,b shoaib malik,19,14,19,3,0,135.71,20,8.60,172,7,team1,616be67b65ff323064b6bef2
1,tillakaratne dilshan,c mohammad hafeez b anwar ali,10,8,12,2,0,125.00,20,8.60,172,7,team1,616be67b65ff323064b6bef2
2,shehan jayasuriya,c imad wasim b sohail tanvir,40,32,43,3,2,125.00,20,8.60,172,7,team1,616be67b65ff323064b6bef2
3,dhananjaya de silva,b shahid afridi,14,15,20,1,0,93.33,20,8.60,172,7,team1,616be67b65ff323064b6bef2
4,thisara perera,st †mohammad rizwan b shoaib malik,1,3,3,0,0,33.33,20,8.60,172,7,team1,616be67b65ff323064b6bef2
5,milinda siriwardana,c mukhtar ahmed b mohammad irfan,23,19,40,1,1,121.05,20,8.60,172,7,team1,616be67b65ff323064b6bef2
6,chamara kapugedera,not out,48,25,37,2,4,192.00,20,8.60,172,7,team1,616be67b65ff323064b6bef2
7,dasun shanaka,run out (†mohammad rizwan),7,4,8,1,0,175.00,20,8.60,172,7,team1,616be67b65ff323064b6bef2
8,mukhtar ahmed,c kapugedera b fernando,4,7,13,0,0,57.14,19.2,9.00,174,9,team2,616be67b65ff323064b6bef2
9,ahmed shehzad,b fernando,7,8,9,1,0,87.50,19.2,9.00,174,9,team2,616be67b65ff323064b6bef2
10,mohammad hafeez,run out (dilshan/nltc perera),11,12,18,1,0,91.66,19.2,9.00,174,9,team2,616be67b65ff323064b6bef2
11,shoaib malik,st †mdkj perera b siriwardana,8,12,25,0,0,66.66,19.2,9.00,174,9,team2,616be67b65ff323064b6bef2
12,umar akmal,run out (de silva/†mdkj perera),4,4,7,0,0,100.00,19.2,9.00,174,9,team2,616be67b65ff323064b6bef2
13,mohammad rizwan †,b nltc perera,17,18,28,1,0,94.44,19.2,9.00,174,9,team2,616be67b65ff323064b6bef2
14,shahid afridi (c),b jayasuriya,45,22,30,1,4,204.54,19.2,9.00,174,9,team2,616be67b65ff323064b6bef2
15,imad wasim,not out,24,14,34,2,1,171.42,19.2,9.00,174,9,team2,616be67b65ff323064b6bef2
16,anwar ali,c †mdkj perera b malinga,46,17,22,3,4,270.58,19.2,9.00,174,9,team2,616be67b65ff323064b6bef2
17,sohail tanvir,run out (nltc perera/malinga),1,1,3,0,0,100.00,19.2,9.00,174,9,team2,616be67b65ff323064b6bef2
18,mohammad irfan,not out,1,1,2,0,0,100.00,19.2,9.00,174,9,team2,616be67b65ff323064b6bef2
