,player,batting,r,b,m,4s,6s,sr,overs,run_rate,total_run,wickets,team,id
0,brendon mccullum †,c mathews b kulasekara,18,13,14,2,1,138.46,20,6.00,120,7,team1,616be25c65ff323064b6bdda
1,aaron redmond,c malinga b mathews,8,10,16,1,0,80.00,20,6.00,120,7,team1,616be25c65ff323064b6bdda
2,rob nicol,b randiv,10,15,23,1,0,66.66,20,6.00,120,7,team1,616be25c65ff323064b6bdda
3,ross taylor,run out (kulasekara/†sangakkara),27,30,41,3,0,90.00,20,6.00,120,7,team1,616be25c65ff323064b6bdda
4,scott styris,b mendis,10,12,14,0,0,83.33,20,6.00,120,7,team1,616be25c65ff323064b6bdda
5,daniel vettori (c),not out,21,16,36,1,0,131.25,20,6.00,120,7,team1,616be25c65ff323064b6bdda
6,martin guptill,b mendis,10,10,7,0,0,100.00,20,6.00,120,7,team1,616be25c65ff323064b6bdda
7,nathan mccullum,c jayawardene b malinga,9,12,13,0,0,75.00,20,6.00,120,7,team1,616be25c65ff323064b6bdda
8,kyle mills,not out,2,2,2,0,0,100.00,20,6.00,120,7,team1,616be25c65ff323064b6bdda
9,mahela jayawardene,c †bb mccullum b mills,0,2,1,0,0,0.00,19.4,4.67,92,10,team2,616be25c65ff323064b6bdda
10,tillakaratne dilshan,b mills,6,7,18,1,0,85.71,19.4,4.67,92,10,team2,616be25c65ff323064b6bdda
11,kumar sangakkara (c)†,c styris b vettori,17,25,40,1,0,68.00,19.4,4.67,92,10,team2,616be25c65ff323064b6bdda
12,angelo mathews,c sub (jdp oram) b styris,27,31,34,1,1,87.09,19.4,4.67,92,10,team2,616be25c65ff323064b6bdda
13,chamara kapugedera,c redmond b styris,7,11,13,0,0,63.63,19.4,4.67,92,10,team2,616be25c65ff323064b6bdda
14,chinthaka jayasinghe,not out,9,20,43,0,0,45.00,19.4,4.67,92,10,team2,616be25c65ff323064b6bdda
15,thisara perera,c nl mccullum b styris,3,5,12,0,0,60.00,19.4,4.67,92,10,team2,616be25c65ff323064b6bdda
16,nuwan kulasekara,run out (styris/†bb mccullum),6,7,8,1,0,85.71,19.4,4.67,92,10,team2,616be25c65ff323064b6bdda
17,suraj randiv,c †bb mccullum b mckay,6,4,1,1,0,150.00,19.4,4.67,92,10,team2,616be25c65ff323064b6bdda
18,lasith malinga,run out (southee),0,2,1,0,0,0.00,19.4,4.67,92,10,team2,616be25c65ff323064b6bdda
19,ajantha mendis,b mckay,2,5,10,0,0,40.00,19.4,4.67,92,10,team2,616be25c65ff323064b6bdda
