,player,batting,r,b,m,4s,6s,sr,overs,run_rate,total_run,wickets,team,id
0,dwayne smith,c al-amin hossain b mahmudullah,72,43,49,10,3,167.44,20,8.55,171,7,team1,616be51c65ff323064b6beab
1,chris gayle,c tamim iqbal b ziaur rahman,48,48,74,3,2,100.00,20,8.55,171,7,team1,616be51c65ff323064b6beab
2,lendl simmons,st †mushfiqur rahim b shakib al hasan,0,0,2,0,0,-,20,8.55,171,7,team1,616be51c65ff323064b6beab
3,marlon samuels,c sohag gazi b al-amin hossain,18,22,31,1,0,81.81,20,8.55,171,7,team1,616be51c65ff323064b6beab
4,daren sammy (c),not out,14,5,13,3,0,280.00,20,8.55,171,7,team1,616be51c65ff323064b6beab
5,andre russell,c shakib al hasan b al-amin hossain,0,1,1,0,0,0.00,20,8.55,171,7,team1,616be51c65ff323064b6beab
6,dwayne bravo,c tamim iqbal b al-amin hossain,0,1,2,0,0,0.00,20,8.55,171,7,team1,616be51c65ff323064b6beab
7,denesh ramdin †,run out (†mushfiqur rahim/ziaur rahman),0,1,3,0,0,0.00,20,8.55,171,7,team1,616be51c65ff323064b6beab
8,tamim iqbal,c bravo b badree,5,10,10,1,0,50.00,19.1,5.11,98,10,team2,616be51c65ff323064b6beab
9,anamul haque,st †ramdin b santokie,10,7,14,2,0,142.85,19.1,5.11,98,10,team2,616be51c65ff323064b6beab
10,mominul haque,c santokie b narine,16,19,37,2,0,84.21,19.1,5.11,98,10,team2,616be51c65ff323064b6beab
11,shakib al hasan,b santokie,0,1,1,0,0,0.00,19.1,5.11,98,10,team2,616be51c65ff323064b6beab
12,mushfiqur rahim (c)†,c bravo b badree,22,22,38,2,1,100.00,19.1,5.11,98,10,team2,616be51c65ff323064b6beab
13,sabbir rahman,c sammy b badree,1,3,5,0,0,33.33,19.1,5.11,98,10,team2,616be51c65ff323064b6beab
14,mahmudullah,c †simmons b badree,1,3,4,0,0,33.33,19.1,5.11,98,10,team2,616be51c65ff323064b6beab
15,ziaur rahman,b russell,9,13,17,0,0,69.23,19.1,5.11,98,10,team2,616be51c65ff323064b6beab
16,sohag gazi,b russell,11,20,36,0,0,55.00,19.1,5.11,98,10,team2,616be51c65ff323064b6beab
17,mashrafe mortaza,c bravo b santokie,19,17,18,3,0,111.76,19.1,5.11,98,10,team2,616be51c65ff323064b6beab
18,al-amin hossain,not out,0,0,3,0,0,-,19.1,5.11,98,10,team2,616be51c65ff323064b6beab
