,player,batting,r,b,m,4s,6s,sr,overs,run_rate,total_run,wickets,team,id
0,brendon mccullum,c mohammad sami b abdur rehman,33,29,36,5,0,113.79,20,6.65,133,7,team1,616be25c65ff323064b6bdcd
1,jesse ryder,c abdur rehman b mohammad sami,7,8,19,1,0,87.50,20,6.65,133,7,team1,616be25c65ff323064b6bdcd
2,martin guptill,c umar akmal b abdur rehman,2,10,9,0,0,20.00,20,6.65,133,7,team1,616be25c65ff323064b6bdcd
3,ross taylor,c †kamran akmal b mohammad sami,3,7,10,0,0,42.85,20,6.65,133,7,team1,616be25c65ff323064b6bdcd
4,daniel vettori (c),run out (mohammad sami/saeed ajmal),38,34,45,1,2,111.76,20,6.65,133,7,team1,616be25c65ff323064b6bdcd
5,scott styris,b shahid afridi,21,17,18,1,1,123.52,20,6.65,133,7,team1,616be25c65ff323064b6bdcd
6,gareth hopkins †,c abdur rehman b shahid afridi,2,7,6,0,0,28.57,20,6.65,133,7,team1,616be25c65ff323064b6bdcd
7,nathan mccullum,not out,12,9,15,0,1,133.33,20,6.65,133,7,team1,616be25c65ff323064b6bdcd
8,ian butler,not out,0,0,1,0,0,-,20,6.65,133,7,team1,616be25c65ff323064b6bdcd
9,kamran akmal †,b mills,5,8,10,0,0,62.50,20,6.60,132,7,team2,616be25c65ff323064b6bdcd
10,salman butt,not out,67,54,91,8,1,124.07,20,6.60,132,7,team2,616be25c65ff323064b6bdcd
11,mohammad hafeez,c †hopkins b bond,8,4,3,2,0,200.00,20,6.60,132,7,team2,616be25c65ff323064b6bdcd
12,umar akmal,c †hopkins b mills,0,1,1,0,0,0.00,20,6.60,132,7,team2,616be25c65ff323064b6bdcd
13,misbah-ul-haq,lbw b butler,3,13,12,0,0,23.07,20,6.60,132,7,team2,616be25c65ff323064b6bdcd
14,shahid afridi (c),c nl mccullum b butler,11,9,10,1,0,122.22,20,6.60,132,7,team2,616be25c65ff323064b6bdcd
15,abdul razzaq,c taylor b nl mccullum,29,29,24,1,3,100.00,20,6.60,132,7,team2,616be25c65ff323064b6bdcd
16,abdur rehman,c guptill b butler,2,3,14,0,0,66.66,20,6.60,132,7,team2,616be25c65ff323064b6bdcd
