,player,batting,r,b,m,4s,6s,sr,overs,run_rate,total_run,wickets,team,id
0,johnson charles,c finn b patel,36,39,45,3,1,92.30,19.4,6.35,125,10,team1,616be30465ff323064b6bdf5
1,dwayne smith,b patel,33,21,21,3,2,157.14,19.4,6.35,125,10,team1,616be30465ff323064b6bdf5
2,marlon samuels,b swann,4,7,4,0,0,57.14,19.4,6.35,125,10,team1,616be30465ff323064b6bdf5
3,danza hyatt,b bopara,28,26,32,1,2,107.69,19.4,6.35,125,10,team1,616be30465ff323064b6bdf5
4,nkrumah bonner,b bopara,3,5,4,0,0,60.00,19.4,6.35,125,10,team1,616be30465ff323064b6bdf5
5,chris barnwell,c †kieswetter b bopara,0,1,1,0,0,0.00,19.4,6.35,125,10,team1,616be30465ff323064b6bdf5
6,andre russell,run out (stokes/bopara),6,6,7,1,0,100.00,19.4,6.35,125,10,team1,616be30465ff323064b6bdf5
7,derwin christian †,b dernbach,0,2,4,0,0,0.00,19.4,6.35,125,10,team1,616be30465ff323064b6bdf5
8,daren sammy (c),c bairstow b bopara,5,6,11,0,0,83.33,19.4,6.35,125,10,team1,616be30465ff323064b6bdf5
9,devendra bishoo,run out (buttler),0,1,1,0,0,0.00,19.4,6.35,125,10,team1,616be30465ff323064b6bdf5
10,fidel edwards,not out,7,4,3,1,0,175.00,19.4,6.35,125,10,team1,616be30465ff323064b6bdf5
11,alex hales,not out,62,48,62,8,1,129.16,15.2,8.34,128,10,team2,616be30465ff323064b6bdf5
12,craig kieswetter †,not out,58,49,62,3,2,118.36,15.2,8.34,128,10,team2,616be30465ff323064b6bdf5
