,player,batting,r,b,m,4s,6s,sr,overs,run_rate,total_run,wickets,team,id
0,mohammad shahzad †,c rippon b borren,20,25,48,3,0,80.00,19.1,4.69,90,10,team1,616be46a65ff323064b6be77
1,nawroz mangal,c †barresi b van meekeren,8,5,7,1,0,160.00,19.1,4.69,90,10,team1,616be46a65ff323064b6be77
2,karim sadiq,c cooper b mudassar bukhari,1,5,5,0,0,20.00,19.1,4.69,90,10,team1,616be46a65ff323064b6be77
3,samiullah shinwari,c seelaar b van meekeren,1,8,6,0,0,12.50,19.1,4.69,90,10,team1,616be46a65ff323064b6be77
4,shafiqullah,c szwarczynski b seelaar,9,19,20,0,0,47.36,19.1,4.69,90,10,team1,616be46a65ff323064b6be77
5,mohammad nabi (c),c szwarczynski b seelaar,6,7,16,1,0,85.71,19.1,4.69,90,10,team1,616be46a65ff323064b6be77
6,najibullah zadran,b mudassar bukhari,19,27,29,1,0,70.37,19.1,4.69,90,10,team1,616be46a65ff323064b6be77
7,gulbadin naib,c van meekeren b ahsan malik,9,14,29,0,0,64.28,19.1,4.69,90,10,team1,616be46a65ff323064b6be77
8,hamid hassan,not out,3,4,16,0,0,75.00,19.1,4.69,90,10,team1,616be46a65ff323064b6be77
9,shapoor zadran,b ahsan malik,0,2,1,0,0,0.00,19.1,4.69,90,10,team1,616be46a65ff323064b6be77
10,amir hamza,run out (mudassar bukhari),0,0,10,0,0,-,19.1,4.69,90,10,team1,616be46a65ff323064b6be77
11,wesley barresi †,b shapoor zadran,0,1,1,0,0,0.00,12.5,7.16,92,3,team2,616be46a65ff323064b6be77
12,stephan myburgh,c najibullah zadran b mohammad nabi,21,28,38,1,1,75.00,12.5,7.16,92,3,team2,616be46a65ff323064b6be77
13,eric szwarczynski,b mohammad nabi,24,24,27,4,0,100.00,12.5,7.16,92,3,team2,616be46a65ff323064b6be77
14,peter borren (c),not out,38,15,19,2,4,253.33,12.5,7.16,92,3,team2,616be46a65ff323064b6be77
15,daan van bunge,not out,7,9,11,1,0,77.77,12.5,7.16,92,3,team2,616be46a65ff323064b6be77
