,player,batting,r,b,m,4s,6s,sr,overs,run_rate,total_run,wickets,team,id
0,dwayne smith,c porterfield b cusack,11,17,-,1,0,64.70,20,4.80,96,9,team1,616be51c65ff323064b6be91
1,andre fletcher,c †wilson b cusack,19,15,-,0,2,126.66,20,4.80,96,9,team1,616be51c65ff323064b6be91
2,marlon samuels,c †wilson b thompson,10,16,-,1,0,62.50,20,4.80,96,9,team1,616be51c65ff323064b6be91
3,lendl simmons,lbw b o'brien,12,18,-,0,0,66.66,20,4.80,96,9,team1,616be51c65ff323064b6be91
4,dwayne bravo,run out (porterfield/dockrell),10,13,-,1,0,76.92,20,4.80,96,9,team1,616be51c65ff323064b6be91
5,andre russell,b murtagh,8,11,-,0,0,72.72,20,4.80,96,9,team1,616be51c65ff323064b6be91
6,daren sammy (c),run out (porterfield/dockrell),2,5,-,0,0,40.00,20,4.80,96,9,team1,616be51c65ff323064b6be91
7,denesh ramdin †,c sorensen b cusack,5,6,-,0,0,83.33,20,4.80,96,9,team1,616be51c65ff323064b6be91
8,sunil narine,not out,12,13,-,1,0,92.30,20,4.80,96,9,team1,616be51c65ff323064b6be91
9,samuel badree,c & b cusack,5,6,-,0,0,83.33,20,4.80,96,9,team1,616be51c65ff323064b6be91
10,krishmar santokie,not out,0,0,-,0,0,-,20,4.80,96,9,team1,616be51c65ff323064b6be91
11,william porterfield (c),b badree,5,18,-,0,0,27.77,20,4.25,85,8,team2,616be51c65ff323064b6be91
12,paul stirling,b santokie,2,5,-,0,0,40.00,20,4.25,85,8,team2,616be51c65ff323064b6be91
13,ed joyce,c †ramdin b narine,10,14,-,1,0,71.42,20,4.25,85,8,team2,616be51c65ff323064b6be91
14,gary wilson †,c & b bravo,35,39,-,4,0,89.74,20,4.25,85,8,team2,616be51c65ff323064b6be91
15,andrew poynter,c samuels b sammy,2,5,-,0,0,40.00,20,4.25,85,8,team2,616be51c65ff323064b6be91
16,kevin o'brien,b sammy,3,5,-,0,0,60.00,20,4.25,85,8,team2,616be51c65ff323064b6be91
17,stuart thompson,c smith b sammy,7,8,-,1,0,87.50,20,4.25,85,8,team2,616be51c65ff323064b6be91
18,max sorensen,not out,9,18,-,0,0,50.00,20,4.25,85,8,team2,616be51c65ff323064b6be91
19,alex cusack,run out (bravo),8,6,-,1,0,133.33,20,4.25,85,8,team2,616be51c65ff323064b6be91
20,tim murtagh,not out,2,2,-,0,0,100.00,20,4.25,85,8,team2,616be51c65ff323064b6be91
