,player,batting,r,b,m,4s,6s,sr,overs,run_rate,total_run,wickets,team,id
0,mohammad hafeez (c),b franklin,43,38,60,2,2,113.15,20,8.85,177,6,team1,616be3ab65ff323064b6be36
1,imran nazir,c & b southee,25,16,25,5,0,156.25,20,8.85,177,6,team1,616be3ab65ff323064b6be36
2,nasir jamshed,c nl mccullum b vettori,56,35,46,2,4,160.00,20,8.85,177,6,team1,616be3ab65ff323064b6be36
3,kamran akmal †,c nicol b oram,3,3,7,0,0,100.00,20,8.85,177,6,team1,616be3ab65ff323064b6be36
4,umar akmal,c nl mccullum b oram,23,15,19,3,1,153.33,20,8.85,177,6,team1,616be3ab65ff323064b6be36
5,shoaib malik,not out,9,7,22,1,0,128.57,20,8.85,177,6,team1,616be3ab65ff323064b6be36
6,shahid afridi,c williamson b southee,12,6,8,2,0,200.00,20,8.85,177,6,team1,616be3ab65ff323064b6be36
7,rob nicol,b shahid afridi,33,28,29,3,1,117.85,20,8.19,164,9,team2,616be3ab65ff323064b6be36
8,kane williamson,run out (nasir jamshed/mohammad hafeez),15,13,33,2,0,115.38,20,8.19,164,9,team2,616be3ab65ff323064b6be36
9,brendon mccullum †,b umar gul,32,31,37,4,1,103.22,20,8.19,164,9,team2,616be3ab65ff323064b6be36
10,daniel vettori,c nasir jamshed b saeed ajmal,18,16,27,1,0,112.50,20,8.19,164,9,team2,616be3ab65ff323064b6be36
11,jacob oram,b saeed ajmal,11,7,13,2,0,157.14,20,8.19,164,9,team2,616be3ab65ff323064b6be36
12,ross taylor (c),run out (umar akmal/†kamran akmal),26,11,21,3,1,236.36,20,8.19,164,9,team2,616be3ab65ff323064b6be36
13,james franklin,c nasir jamshed b sohail tanvir,13,6,8,1,1,216.66,20,8.19,164,9,team2,616be3ab65ff323064b6be36
14,nathan mccullum,c shoaib malik b saeed ajmal,5,4,13,1,0,125.00,20,8.19,164,9,team2,616be3ab65ff323064b6be36
15,tim southee,c umar gul b saeed ajmal,1,3,6,0,0,33.33,20,8.19,164,9,team2,616be3ab65ff323064b6be36
16,kyle mills,not out,0,1,4,0,0,0.00,20,8.19,164,9,team2,616be3ab65ff323064b6be36
17,adam milne,not out,0,0,2,0,0,-,20,8.19,164,9,team2,616be3ab65ff323064b6be36
