,player,batting,r,b,m,4s,6s,sr,overs,run_rate,total_run,wickets,team,id
0,mohammad shahzad †,c †umar akmal b sohail tanvir,2,4,-,0,0,50.00,20,6.85,137,8,team1,616be51c65ff323064b6be86
1,nawroz mangal,c sohaib maqsood b zulfiqar babar,1,10,-,0,0,10.00,20,6.85,137,8,team1,616be51c65ff323064b6be86
2,asghar afghan,b bilawal bhatti,15,20,-,0,2,75.00,20,6.85,137,8,team1,616be51c65ff323064b6be86
3,najibullah zadran,b junaid khan,38,30,-,3,2,126.66,20,6.85,137,8,team1,616be51c65ff323064b6be86
4,mohammad nabi (c),b shahid afridi,15,10,-,2,0,150.00,20,6.85,137,8,team1,616be51c65ff323064b6be86
5,samiullah shinwari,c ahmed shehzad b junaid khan,16,10,-,1,1,160.00,20,6.85,137,8,team1,616be51c65ff323064b6be86
6,mirwais ashraf,not out,28,22,-,2,1,127.27,20,6.85,137,8,team1,616be51c65ff323064b6be86
7,gulbadin naib,b sohail tanvir,3,9,-,0,0,33.33,20,6.85,137,8,team1,616be51c65ff323064b6be86
8,dawlat zadran,b junaid khan,0,1,-,0,0,0.00,20,6.85,137,8,team1,616be51c65ff323064b6be86
9,hamid hassan,not out,4,4,-,0,0,100.00,20,6.85,137,8,team1,616be51c65ff323064b6be86
10,ahmed shehzad,c gulbadin naib b samiullah shinwari,35,37,-,6,0,94.59,19.5,6.95,138,4,team2,616be51c65ff323064b6be86
11,sharjeel khan,c samiullah shinwari b mohammad nabi,18,16,-,2,1,112.50,19.5,6.95,138,4,team2,616be51c65ff323064b6be86
12,mohammad hafeez (c),not out,42,37,-,2,1,113.51,19.5,6.95,138,4,team2,616be51c65ff323064b6be86
13,umar akmal †,b dawlat zadran,28,23,-,0,2,121.73,19.5,6.95,138,4,team2,616be51c65ff323064b6be86
14,sohaib maqsood,run out (nawroz mangal),5,4,-,0,0,125.00,19.5,6.95,138,4,team2,616be51c65ff323064b6be86
15,shahid afridi,not out,1,3,-,0,0,33.33,19.5,6.95,138,4,team2,616be51c65ff323064b6be86
