,player,batting,r,b,m,4s,6s,sr,overs,run_rate,total_run,wickets,team,id
0,vusi sibanda,c simmons b best,13,12,11,3,0,108.33,20,6.50,130,8,team1,616be46a65ff323064b6be59
1,hamilton masakadza,c pollard b best,9,12,21,0,1,75.00,20,6.50,130,8,team1,616be46a65ff323064b6be59
2,brendan taylor (c)†,c †ramdin b badree,0,3,2,0,0,0.00,20,6.50,130,8,team1,616be46a65ff323064b6be59
3,craig ervine,st †ramdin b narine,34,39,46,5,0,87.17,20,6.50,130,8,team1,616be46a65ff323064b6be59
4,malcolm waller,b narine,49,34,50,4,2,144.11,20,6.50,130,8,team1,616be46a65ff323064b6be59
5,chamu chibhabha,b best,8,9,13,1,0,88.88,20,6.50,130,8,team1,616be46a65ff323064b6be59
6,tinotenda mutombodzi,c russell b dj bravo,2,3,7,0,0,66.66,20,6.50,130,8,team1,616be46a65ff323064b6be59
7,prosper utseya,c russell b dj bravo,2,5,8,0,0,40.00,20,6.50,130,8,team1,616be46a65ff323064b6be59
8,natsai m'shangwe,not out,5,3,4,1,0,166.66,20,6.50,130,8,team1,616be46a65ff323064b6be59
9,kyle jarvis,not out,0,0,2,0,0,-,20,6.50,130,8,team1,616be46a65ff323064b6be59
10,johnson charles,lbw b mpofu,26,14,15,6,0,185.71,16.1,8.10,131,2,team2,616be46a65ff323064b6be59
11,lendl simmons,not out,63,49,67,1,6,128.57,16.1,8.10,131,2,team2,616be46a65ff323064b6be59
12,darren bravo,c chibhabha b mpofu,0,4,9,0,0,0.00,16.1,8.10,131,2,team2,616be46a65ff323064b6be59
13,dwayne bravo,not out,38,30,42,3,1,126.66,16.1,8.10,131,2,team2,616be46a65ff323064b6be59
