,player,batting,r,b,m,4s,6s,sr,overs,run_rate,total_run,wickets,team,id
0,alex obanda,c kervezee b mudassar bukhari,5,6,10,1,0,83.33,19.4,6.61,130,10,team1,616be1b665ff323064b6bdb1
1,steve tikolo,c zuiderent b mudassar bukhari,0,1,2,0,0,0.00,19.4,6.61,130,10,team1,616be1b665ff323064b6bdb1
2,morris ouma (c)†,st †buurman b seelaar,12,14,26,1,0,85.71,19.4,6.61,130,10,team1,616be1b665ff323064b6bdb1
3,collins obuya,lbw b seelaar,33,21,27,5,0,157.14,19.4,6.61,130,10,team1,616be1b665ff323064b6bdb1
4,rakep patel,c kervezee b seelaar,7,15,15,0,0,46.66,19.4,6.61,130,10,team1,616be1b665ff323064b6bdb1
5,jimmy kamande,c ten doeschate b mohammad kashif,42,33,39,2,3,127.27,19.4,6.61,130,10,team1,616be1b665ff323064b6bdb1
6,tony suji,b seelaar,1,2,3,0,0,50.00,19.4,6.61,130,10,team1,616be1b665ff323064b6bdb1
7,nehemiah odhiambo,c †buurman b mohammad kashif,18,21,20,0,0,85.71,19.4,6.61,130,10,team1,616be1b665ff323064b6bdb1
8,lameck onyango,b mudassar bukhari,5,5,5,0,0,100.00,19.4,6.61,130,10,team1,616be1b665ff323064b6bdb1
9,shem ngoche,c seelaar b mudassar bukhari,0,1,3,0,0,0.00,19.4,6.61,130,10,team1,616be1b665ff323064b6bdb1
10,hiren varaiya,not out,0,0,2,0,0,-,19.4,6.61,130,10,team1,616be1b665ff323064b6bdb1
11,alexei kervezee,c obuya b ngoche,33,26,38,2,2,126.92,19.1,6.93,133,3,team2,616be1b665ff323064b6bdb1
12,eric szwarczynski,c kamande b onyango,45,47,52,5,0,95.74,19.1,6.93,133,3,team2,616be1b665ff323064b6bdb1
13,bas zuiderent,c odhiambo b onyango,23,26,36,2,0,88.46,19.1,6.93,133,3,team2,616be1b665ff323064b6bdb1
14,ryan ten doeschate,not out,21,15,28,3,0,140.00,19.1,6.93,133,3,team2,616be1b665ff323064b6bdb1
15,daan van bunge,not out,0,1,6,0,0,0.00,19.1,6.93,133,3,team2,616be1b665ff323064b6bdb1
