,player,batting,r,b,m,4s,6s,sr,overs,run_rate,total_run,wickets,team,id
0,rohit sharma,c muirhead b hodge,5,3,1,1,0,166.66,20,7.94,159,7,team1,616be51c65ff323064b6beb3
1,ajinkya rahane,c †haddin b bollinger,19,16,34,2,0,118.75,20,7.94,159,7,team1,616be51c65ff323064b6beb3
2,virat kohli,c white b muirhead,23,22,23,2,1,104.54,20,7.94,159,7,team1,616be51c65ff323064b6beb3
3,yuvraj singh,c maxwell b watson,60,43,61,5,4,139.53,20,7.94,159,7,team1,616be51c65ff323064b6beb3
4,suresh raina,c finch b maxwell,6,10,11,0,0,60.00,20,7.94,159,7,team1,616be51c65ff323064b6beb3
5,ms dhoni (c)†,b starc,24,20,36,1,1,120.00,20,7.94,159,7,team1,616be51c65ff323064b6beb3
6,ravindra jadeja,run out (watson),3,3,9,0,0,100.00,20,7.94,159,7,team1,616be51c65ff323064b6beb3
7,ravichandran ashwin,not out,2,3,5,0,0,66.66,20,7.94,159,7,team1,616be51c65ff323064b6beb3
8,bhuvneshwar kumar,not out,0,1,1,0,0,0.00,20,7.94,159,7,team1,616be51c65ff323064b6beb3
9,aaron finch,c kohli b ashwin,6,11,15,1,0,54.54,16.2,5.26,86,10,team2,616be51c65ff323064b6beb3
10,david warner,c rg sharma b ashwin,19,21,33,1,1,90.47,16.2,5.26,86,10,team2,616be51c65ff323064b6beb3
11,cameron white,c jadeja b kumar,0,2,4,0,0,0.00,16.2,5.26,86,10,team2,616be51c65ff323064b6beb3
12,shane watson,b mm sharma,1,4,5,0,0,25.00,16.2,5.26,86,10,team2,616be51c65ff323064b6beb3
13,glenn maxwell,b ashwin,23,12,16,0,3,191.66,16.2,5.26,86,10,team2,616be51c65ff323064b6beb3
14,george bailey (c),c kohli b jadeja,8,10,10,0,1,80.00,16.2,5.26,86,10,team2,616be51c65ff323064b6beb3
15,brad hodge,c jadeja b mishra,13,18,19,0,0,72.22,16.2,5.26,86,10,team2,616be51c65ff323064b6beb3
16,brad haddin †,c rahane b mishra,6,8,8,1,0,75.00,16.2,5.26,86,10,team2,616be51c65ff323064b6beb3
17,mitchell starc,run out (raina/†dhoni),2,4,4,0,0,50.00,16.2,5.26,86,10,team2,616be51c65ff323064b6beb3
18,james muirhead,c †dhoni b ashwin,3,7,6,0,0,42.85,16.2,5.26,86,10,team2,616be51c65ff323064b6beb3
19,doug bollinger,not out,1,1,3,0,0,100.00,16.2,5.26,86,10,team2,616be51c65ff323064b6beb3
