,player,batting,r,b,m,4s,6s,sr,overs,run_rate,total_run,wickets,team,id
0,tamim iqbal,c reifer b tonge,7,6,12,1,0,116.66,20,5.90,118,9,team1,616be1b665ff323064b6bd9a
1,junaid siddique,c smith b sammy,5,6,7,1,0,83.33,20,5.90,118,9,team1,616be1b665ff323064b6bd9a
2,mohammad ashraful,c tonge b sammy,0,1,1,0,0,0.00,20,5.90,118,9,team1,616be1b665ff323064b6bd9a
3,naeem islam,run out (†thomas),27,18,25,2,2,150.00,20,5.90,118,9,team1,616be1b665ff323064b6bd9a
4,shakib al hasan (c),b miller,17,16,12,3,0,106.25,20,5.90,118,9,team1,616be1b665ff323064b6bd9a
5,mushfiqur rahim †,run out (fletcher),3,9,14,0,0,33.33,20,5.90,118,9,team1,616be1b665ff323064b6bd9a
6,mahmudullah,run out (sammy),21,27,39,2,0,77.77,20,5.90,118,9,team1,616be1b665ff323064b6bd9a
7,raqibul hasan,lbw b miller,1,4,4,0,0,25.00,20,5.90,118,9,team1,616be1b665ff323064b6bd9a
8,mehrab hossain jnr,run out (sammy),10,17,16,1,0,58.82,20,5.90,118,9,team1,616be1b665ff323064b6bd9a
9,nazmul hossain,not out,3,12,14,0,0,25.00,20,5.90,118,9,team1,616be1b665ff323064b6bd9a
10,rubel hossain,not out,8,5,4,1,0,160.00,20,5.90,118,9,team1,616be1b665ff323064b6bd9a
11,dale richards,b shakib al hasan,0,1,1,0,0,0.00,16.5,7.06,119,5,team2,616be1b665ff323064b6bd9a
12,andre fletcher,lbw b nazmul hossain,8,14,22,1,0,57.14,16.5,7.06,119,5,team2,616be1b665ff323064b6bd9a
13,devon smith,c †mushfiqur rahim b rubel hossain,37,27,34,3,2,137.03,16.5,7.06,119,5,team2,616be1b665ff323064b6bd9a
14,travis dowlin,not out,37,37,41,5,0,100.00,16.5,7.06,119,5,team2,616be1b665ff323064b6bd9a
15,floyd reifer (c),c mahmudullah b mohammad ashraful,22,20,23,2,1,110.00,16.5,7.06,119,5,team2,616be1b665ff323064b6bd9a
16,daren sammy,c mahmudullah b mohammad ashraful,6,2,3,0,1,300.00,16.5,7.06,119,5,team2,616be1b665ff323064b6bd9a
17,david bernard,not out,1,1,2,0,0,100.00,16.5,7.06,119,5,team2,616be1b665ff323064b6bd9a
