,player,batting,r,b,m,4s,6s,sr,overs,run_rate,total_run,wickets,team,id
0,martin guptill,b abdur razzak,11,14,17,0,1,78.57,20,9.54,191,3,team1,616be3ab65ff323064b6be32
1,james franklin,c elias sunny b mashrafe mortaza,35,36,64,2,1,97.22,20,9.54,191,3,team1,616be3ab65ff323064b6be32
2,brendon mccullum †,c tamim iqbal b abdur razzak,123,58,72,11,7,212.06,20,9.54,191,3,team1,616be3ab65ff323064b6be32
3,ross taylor (c),not out,14,12,26,2,0,116.66,20,9.54,191,3,team1,616be3ab65ff323064b6be32
4,tamim iqbal,c guptill b mills,0,3,3,0,0,0.00,20,6.60,132,8,team2,616be3ab65ff323064b6be32
5,mohammad ashraful,lbw b southee,21,21,32,3,0,100.00,20,6.60,132,8,team2,616be3ab65ff323064b6be32
6,shakib al hasan,c williamson b mills,11,8,12,2,0,137.50,20,6.60,132,8,team2,616be3ab65ff323064b6be32
7,mushfiqur rahim (c)†,c williamson b mills,4,6,9,0,0,66.66,20,6.60,132,8,team2,616be3ab65ff323064b6be32
8,mahmudullah,c williamson b nl mccullum,15,19,35,0,1,78.94,20,6.60,132,8,team2,616be3ab65ff323064b6be32
9,nasir hossain,c guptill b southee,50,39,38,6,1,128.20,20,6.60,132,8,team2,616be3ab65ff323064b6be32
10,ziaur rahman,not out,14,16,29,0,1,87.50,20,6.60,132,8,team2,616be3ab65ff323064b6be32
11,mashrafe mortaza,c franklin b oram,5,3,6,1,0,166.66,20,6.60,132,8,team2,616be3ab65ff323064b6be32
12,elias sunny,c oram b southee,5,3,5,1,0,166.66,20,6.60,132,8,team2,616be3ab65ff323064b6be32
13,abdur razzak,not out,0,2,5,0,0,0.00,20,6.60,132,8,team2,616be3ab65ff323064b6be32
