,player,batting,r,b,m,4s,6s,sr,overs,run_rate,total_run,wickets,team,id
0,nazmus sadat,c chigumbura b brent,4,3,3,0,0,133.33,19.5,8.36,166,10,team1,616be07165ff323064b6bd2d
1,shahriar nafees (c),b chigumbura,25,17,26,3,1,147.05,19.5,8.36,166,10,team1,616be07165ff323064b6bd2d
2,aftab ahmed,c & b utseya,28,19,28,4,1,147.36,19.5,8.36,166,10,team1,616be07165ff323064b6bd2d
3,shakib al hasan,c masakadza b dabengwa,26,28,32,2,0,92.85,19.5,8.36,166,10,team1,616be07165ff323064b6bd2d
4,nadif chowdhury,c brent b utseya,10,7,7,1,0,142.85,19.5,8.36,166,10,team1,616be07165ff323064b6bd2d
5,farhad reza,c brent b utseya,7,5,4,1,0,140.00,19.5,8.36,166,10,team1,616be07165ff323064b6bd2d
6,mushfiqur rahim †,c dabengwa b williams,2,5,3,0,0,40.00,19.5,8.36,166,10,team1,616be07165ff323064b6bd2d
7,mashrafe mortaza,b chibhabha,36,26,31,2,2,138.46,19.5,8.36,166,10,team1,616be07165ff323064b6bd2d
8,mohammad rafique,c chibhabha b brent,13,5,11,3,0,260.00,19.5,8.36,166,10,team1,616be07165ff323064b6bd2d
9,abdur razzak,b ireland,0,2,5,0,0,0.00,19.5,8.36,166,10,team1,616be07165ff323064b6bd2d
10,shahadat hossain,not out,3,4,3,0,0,75.00,19.5,8.36,166,10,team1,616be07165ff323064b6bd2d
11,brendan taylor †,b mashrafe mortaza,5,4,12,1,0,125.00,20,6.15,123,9,team2,616be07165ff323064b6bd2d
12,stuart matsikenyeri,c shahriar nafees b shahadat hossain,15,13,12,3,0,115.38,20,6.15,123,9,team2,616be07165ff323064b6bd2d
13,elton chigumbura,b shahadat hossain,4,6,6,1,0,66.66,20,6.15,123,9,team2,616be07165ff323064b6bd2d
14,hamilton masakadza,b abdur razzak,35,24,35,4,1,145.83,20,6.15,123,9,team2,616be07165ff323064b6bd2d
15,sean williams,c farhad reza b shakib al hasan,38,39,42,2,2,97.43,20,6.15,123,9,team2,616be07165ff323064b6bd2d
16,keith dabengwa,b abdur razzak,7,13,13,0,0,53.84,20,6.15,123,9,team2,616be07165ff323064b6bd2d
17,mluleki nkala,st †mushfiqur rahim b mohammad rafique,1,3,5,0,0,33.33,20,6.15,123,9,team2,616be07165ff323064b6bd2d
18,gary brent,b abdur razzak,2,5,6,0,0,40.00,20,6.15,123,9,team2,616be07165ff323064b6bd2d
19,prosper utseya (c),not out,7,8,11,0,0,87.50,20,6.15,123,9,team2,616be07165ff323064b6bd2d
20,chamu chibhabha,run out (shahriar nafees/nazmus sadat),2,2,2,0,0,100.00,20,6.15,123,9,team2,616be07165ff323064b6bd2d
21,anthony ireland,not out,2,3,4,0,0,66.66,20,6.15,123,9,team2,616be07165ff323064b6bd2d
