,player,batting,r,b,m,4s,6s,sr,overs,run_rate,total_run,wickets,team,id
0,brendon mccullum,b kulasekara,1,7,5,0,0,14.28,17.3,4.62,81,10,team1,616be25c65ff323064b6bddb
1,aaron redmond,lbw b kulasekara,1,2,3,0,0,50.00,17.3,4.62,81,10,team1,616be25c65ff323064b6bddb
2,ross taylor,lbw b mathews,5,5,5,0,0,100.00,17.3,4.62,81,10,team1,616be25c65ff323064b6bddb
3,rob nicol,lbw b kulasekara,0,1,1,0,0,0.00,17.3,4.62,81,10,team1,616be25c65ff323064b6bddb
4,daniel vettori (c),c †sangakkara b mendis,27,24,39,2,0,112.50,17.3,4.62,81,10,team1,616be25c65ff323064b6bddb
5,gareth hopkins †,run out (kapugedera/†sangakkara),1,8,10,0,0,12.50,17.3,4.62,81,10,team1,616be25c65ff323064b6bddb
6,nathan mccullum,not out,36,39,53,2,0,92.30,17.3,4.62,81,10,team1,616be25c65ff323064b6bddb
7,jacob oram,c kapugedera b malinga,3,7,10,0,0,42.85,17.3,4.62,81,10,team1,616be25c65ff323064b6bddb
8,kyle mills,lbw b mendis,0,2,1,0,0,0.00,17.3,4.62,81,10,team1,616be25c65ff323064b6bddb
9,tim southee,b malinga,4,9,7,0,0,44.44,17.3,4.62,81,10,team1,616be25c65ff323064b6bddb
10,andy mckay,b malinga,0,1,1,0,0,0.00,17.3,4.62,81,10,team1,616be25c65ff323064b6bddb
11,mahela jayawardene,c bb mccullum b oram,17,12,15,2,1,141.66,15.3,5.29,82,3,team2,616be25c65ff323064b6bddb
12,tillakaratne dilshan,not out,33,49,61,2,0,67.34,15.3,5.29,82,3,team2,616be25c65ff323064b6bddb
13,thisara perera,c nicol b nl mccullum,24,17,25,2,1,141.17,15.3,5.29,82,3,team2,616be25c65ff323064b6bddb
14,kumar sangakkara (c)†,st †hopkins b nl mccullum,5,11,13,0,0,45.45,15.3,5.29,82,3,team2,616be25c65ff323064b6bddb
15,angelo mathews,not out,0,4,2,0,0,0.00,15.3,5.29,82,3,team2,616be25c65ff323064b6bddb
