,player,batting,r,b,m,4s,6s,sr,overs,run_rate,total_run,wickets,team,id
0,shaun marsh,c marshall b roach,29,22,44,1,2,131.81,11,8.81,97,3,team1,616be0ff65ff323064b6bd5d
1,luke ronchi †,c taylor b roach,36,22,33,6,1,163.63,11,8.81,97,3,team1,616be0ff65ff323064b6bd5d
2,shane watson,not out,17,15,27,1,1,113.33,11,8.81,97,3,team1,616be0ff65ff323064b6bd5d
3,david hussey,c perkins b bravo,0,2,3,0,0,0.00,11,8.81,97,3,team1,616be0ff65ff323064b6bd5d
4,cameron white,not out,10,6,12,1,0,166.66,11,8.81,97,3,team1,616be0ff65ff323064b6bd5d
5,xavier marshall,run out (watson),36,15,24,3,3,240.00,9.1,11.12,102,3,team2,616be0ff65ff323064b6bd5d
6,william perkins,run out (ponting),9,11,32,1,0,81.81,9.1,11.12,102,3,team2,616be0ff65ff323064b6bd5d
7,denesh ramdin †,c johnson b watson,8,6,11,1,0,133.33,9.1,11.12,102,3,team2,616be0ff65ff323064b6bd5d
8,dwayne bravo (c),not out,28,15,23,1,3,186.66,9.1,11.12,102,3,team2,616be0ff65ff323064b6bd5d
9,andre fletcher,not out,6,8,19,1,0,75.00,9.1,11.12,102,3,team2,616be0ff65ff323064b6bd5d
