,player,batting,r,b,m,4s,6s,sr,overs,run_rate,total_run,wickets,team,id
0,dwayne smith,b southee,9,6,8,2,0,150.00,20,8.25,165,6,team1,616be5d165ff323064b6bebd
1,lendl simmons,c anderson b sodhi,36,34,44,3,2,105.88,20,8.25,165,6,team1,616be5d165ff323064b6bebd
2,andre fletcher,b boult,62,49,72,3,3,126.53,20,8.25,165,6,team1,616be5d165ff323064b6bebd
3,darren bravo,b williamson,14,7,12,1,1,200.00,20,8.25,165,6,team1,616be5d165ff323064b6bebd
4,kieron pollard,c boult b anderson,13,12,17,2,0,108.33,20,8.25,165,6,team1,616be5d165ff323064b6bebd
5,daren sammy (c),c anderson b boult,10,3,9,1,1,333.33,20,8.25,165,6,team1,616be5d165ff323064b6bebd
6,andre russell,not out,14,7,9,2,0,200.00,20,8.25,165,6,team1,616be5d165ff323064b6bebd
7,denesh ramdin †,not out,2,2,6,0,0,100.00,20,8.25,165,6,team1,616be5d165ff323064b6bebd
8,kane williamson (c),b pollard,37,28,48,5,0,132.14,19.1,6.57,126,10,team2,616be5d165ff323064b6bebd
9,james neesham,c bravo b cottrell,7,5,5,1,0,140.00,19.1,6.57,126,10,team2,616be5d165ff323064b6bebd
10,brendon mccullum,c simmons b badree,21,16,18,2,1,131.25,19.1,6.57,126,10,team2,616be5d165ff323064b6bebd
11,ross taylor,b narine,21,23,32,2,0,91.30,19.1,6.57,126,10,team2,616be5d165ff323064b6bebd
12,corey anderson,c sammy b cottrell,14,16,31,0,1,87.50,19.1,6.57,126,10,team2,616be5d165ff323064b6bebd
13,luke ronchi †,c russell b narine,12,12,17,0,1,100.00,19.1,6.57,126,10,team2,616be5d165ff323064b6bebd
14,bj watling,run out (sammy/†ramdin),1,2,4,0,0,50.00,19.1,6.57,126,10,team2,616be5d165ff323064b6bebd
15,tom latham,c bravo b cottrell,3,5,7,0,0,60.00,19.1,6.57,126,10,team2,616be5d165ff323064b6bebd
16,tim southee,c cottrell b russell,2,3,8,0,0,66.66,19.1,6.57,126,10,team2,616be5d165ff323064b6bebd
17,trent boult,run out (bravo),5,5,6,0,0,100.00,19.1,6.57,126,10,team2,616be5d165ff323064b6bebd
18,ish sodhi,not out,0,0,2,0,0,-,19.1,6.57,126,10,team2,616be5d165ff323064b6bebd
