,player,batting,r,b,m,4s,6s,sr,overs,run_rate,total_run,wickets,team,id
0,william porterfield (c),c yk pathan b khan,5,8,13,0,0,62.50,18,6.22,112,8,team1,616be1b665ff323064b6bd8a
1,jeremy bray,b khan,0,7,8,0,0,0.00,18,6.22,112,8,team1,616be1b665ff323064b6bd8a
2,gary wilson †,b harbhajan singh,19,23,29,1,0,82.60,18,6.22,112,8,team1,616be1b665ff323064b6bd8a
3,andre botha,c yk pathan b khan,8,5,3,1,0,160.00,18,6.22,112,8,team1,616be1b665ff323064b6bd8a
4,kevin o'brien,b ojha,2,4,8,0,0,50.00,18,6.22,112,8,team1,616be1b665ff323064b6bd8a
5,john mooney,c yuvraj singh b ojha,19,22,30,1,0,86.36,18,6.22,112,8,team1,616be1b665ff323064b6bd8a
6,andrew white,c †dhoni b khan,29,25,19,3,1,116.00,18,6.22,112,8,team1,616be1b665ff323064b6bd8a
7,regan west,run out (raina/†dhoni),1,1,1,0,0,100.00,18,6.22,112,8,team1,616be1b665ff323064b6bd8a
8,alex cusack,not out,12,6,15,2,0,200.00,18,6.22,112,8,team1,616be1b665ff323064b6bd8a
9,kyle mccallan,not out,9,7,6,1,0,128.57,18,6.22,112,8,team1,616be1b665ff323064b6bd8a
10,gautam gambhir,c rankin b west,37,31,42,3,1,119.35,15.3,7.29,113,2,team2,616be1b665ff323064b6bd8a
11,rohit sharma,not out,52,45,61,4,1,115.55,15.3,7.29,113,2,team2,616be1b665ff323064b6bd8a
12,ms dhoni (c)†,c bray b mccallan,14,13,9,1,0,107.69,15.3,7.29,113,2,team2,616be1b665ff323064b6bd8a
13,yuvraj singh,not out,3,4,7,0,0,75.00,15.3,7.29,113,2,team2,616be1b665ff323064b6bd8a
