,player,batting,r,b,m,4s,6s,sr,overs,run_rate,total_run,wickets,team,id
0,david warner,c ingram b morkel,0,9,8,0,0,0.00,20,7.35,147,8,team1,616be30465ff323064b6bdfa
1,matthew wade †,c †kuhn b tsotsobe,10,13,21,0,1,76.92,20,7.35,147,8,team1,616be30465ff323064b6bdfa
2,shaun marsh,c †kuhn b theron,26,23,34,2,2,113.04,20,7.35,147,8,team1,616be30465ff323064b6bdfa
3,david hussey,c miller b botha,12,14,29,1,0,85.71,20,7.35,147,8,team1,616be30465ff323064b6bdfa
4,cameron white (c),run out (parnell),39,26,32,4,1,150.00,20,7.35,147,8,team1,616be30465ff323064b6bdfa
5,steven smith,c miller b tsotsobe,9,8,14,0,0,112.50,20,7.35,147,8,team1,616be30465ff323064b6bdfa
6,mitchell marsh,b morkel,36,21,28,0,4,171.42,20,7.35,147,8,team1,616be30465ff323064b6bdfa
7,steve o'keefe,c †kuhn b theron,3,3,6,0,0,100.00,20,7.35,147,8,team1,616be30465ff323064b6bdfa
8,james pattinson,not out,5,3,10,1,0,166.66,20,7.35,147,8,team1,616be30465ff323064b6bdfa
9,hashim amla (c),b bollinger,4,6,5,1,0,66.66,19.1,7.72,148,7,team2,616be30465ff323064b6bdfa
10,graeme smith,c & b hussey,24,22,38,1,1,109.09,19.1,7.72,148,7,team2,616be30465ff323064b6bdfa
11,colin ingram,b cummins,5,6,11,1,0,83.33,19.1,7.72,148,7,team2,616be30465ff323064b6bdfa
12,jean-paul duminy,c hussey b cummins,0,4,4,0,0,0.00,19.1,7.72,148,7,team2,616be30465ff323064b6bdfa
13,johan botha,c pattinson b o'keefe,34,28,40,3,1,121.42,19.1,7.72,148,7,team2,616be30465ff323064b6bdfa
14,david miller,b pattinson,10,13,17,1,0,76.92,19.1,7.72,148,7,team2,616be30465ff323064b6bdfa
15,heino kuhn †,c & b pattinson,3,9,7,0,0,33.33,19.1,7.72,148,7,team2,616be30465ff323064b6bdfa
16,wayne parnell,not out,29,11,28,3,2,263.63,19.1,7.72,148,7,team2,616be30465ff323064b6bdfa
17,rusty theron,not out,31,16,25,3,1,193.75,19.1,7.72,148,7,team2,616be30465ff323064b6bdfa
