,player,batting,r,b,m,4s,6s,sr,overs,run_rate,total_run,wickets,team,id
0,brendon mccullum †,b jarvis,64,37,46,2,6,172.97,18,10.38,187,3,team1,616be30465ff323064b6bdfb
1,martin guptill,c chibhabha b jarvis,67,46,68,7,2,145.65,18,10.38,187,3,team1,616be30465ff323064b6bdfb
2,jesse ryder,not out,30,23,32,3,0,130.43,18,10.38,187,3,team1,616be30465ff323064b6bdfb
3,ross taylor (c),run out (†mutizwa/coventry),8,5,7,1,0,160.00,18,10.38,187,3,team1,616be30465ff323064b6bdfb
4,hamilton masakadza,c †bb mccullum b bracewell,9,5,8,2,0,180.00,16.5,9.14,154,10,team2,616be30465ff323064b6bdfb
5,chamu chibhabha,st †bb mccullum b nl mccullum,65,39,56,4,5,166.66,16.5,9.14,154,10,team2,616be30465ff323064b6bdfb
6,brendan taylor (c),b aldridge,1,5,5,0,0,20.00,16.5,9.14,154,10,team2,616be30465ff323064b6bdfb
7,elton chigumbura,c & b nl mccullum,39,22,24,4,2,177.27,16.5,9.14,154,10,team2,616be30465ff323064b6bdfb
8,charles coventry,c & b nl mccullum,0,2,1,0,0,0.00,16.5,9.14,154,10,team2,616be30465ff323064b6bdfb
9,forster mutizwa †,run out (oram/†bb mccullum),22,17,37,2,0,129.41,16.5,9.14,154,10,team2,616be30465ff323064b6bdfb
10,malcolm waller,c taylor b oram,12,6,8,2,0,200.00,16.5,9.14,154,10,team2,616be30465ff323064b6bdfb
11,prosper utseya,not out,2,2,7,0,0,100.00,16.5,9.14,154,10,team2,616be30465ff323064b6bdfb
12,ray price,run out (†bb mccullum/oram),0,1,1,0,0,0.00,16.5,9.14,154,10,team2,616be30465ff323064b6bdfb
13,kyle jarvis,c †bb mccullum b bracewell,0,1,1,0,0,0.00,16.5,9.14,154,10,team2,616be30465ff323064b6bdfb
14,chris mpofu,c aldridge b bracewell,0,1,1,0,0,0.00,16.5,9.14,154,10,team2,616be30465ff323064b6bdfb
