,player,batting,r,b,m,4s,6s,sr,overs,run_rate,total_run,wickets,team,id
0,stephan myburgh,b aga,41,32,-,4,1,128.12,20,8.60,172,5,team1,616be46a65ff323064b6be61
1,michael swart (c),run out (obuya),89,55,-,6,5,161.81,20,8.60,172,5,team1,616be46a65ff323064b6be61
2,tom cooper,c †ouma b aga,25,13,-,3,1,192.30,20,8.60,172,5,team1,616be46a65ff323064b6be61
3,mudassar bukhari,b aga,4,6,-,0,0,66.66,20,8.60,172,5,team1,616be46a65ff323064b6be61
4,tom de grooth,run out (aga),1,1,-,0,0,100.00,20,8.60,172,5,team1,616be46a65ff323064b6be61
5,wesley barresi †,not out,3,6,-,0,0,50.00,20,8.60,172,5,team1,616be46a65ff323064b6be61
6,daan van bunge,not out,4,7,-,0,0,57.14,20,8.60,172,5,team1,616be46a65ff323064b6be61
7,alex obanda,c gruijters b ahsan malik,47,40,-,7,1,117.50,19,9.26,176,5,team2,616be46a65ff323064b6be61
8,tanmay mishra,c mudassar bukhari b gruijters,1,3,-,0,0,33.33,19,9.26,176,5,team2,616be46a65ff323064b6be61
9,morris ouma †,c seelaar b swart,3,9,-,0,0,33.33,19,9.26,176,5,team2,616be46a65ff323064b6be61
10,collins obuya (c),not out,75,37,-,7,4,202.70,19,9.26,176,5,team2,616be46a65ff323064b6be61
11,rakep patel,c seelaar b ahsan malik,36,22,-,1,3,163.63,19,9.26,176,5,team2,616be46a65ff323064b6be61
12,ragheb aga,c rippon b mudassar bukhari,2,2,-,0,0,100.00,19,9.26,176,5,team2,616be46a65ff323064b6be61
13,nehemiah odhiambo,not out,3,1,-,0,0,300.00,19,9.26,176,5,team2,616be46a65ff323064b6be61
