,player,batting,r,b,m,4s,6s,sr,overs,run_rate,total_run,wickets,team,id
0,adam gilchrist †,c mohammad hafeez b sohail tanvir,24,12,18,5,0,200.00,20,8.19,164,7,team1,616be07165ff323064b6bd49
1,matthew hayden,c younis khan b sohail tanvir,1,5,6,0,0,20.00,20,8.19,164,7,team1,616be07165ff323064b6bd49
2,ricky ponting (c),b mohammad hafeez,27,26,40,3,0,103.84,20,8.19,164,7,team1,616be07165ff323064b6bd49
3,andrew symonds,b shahid afridi,29,18,18,5,0,161.11,20,8.19,164,7,team1,616be07165ff323064b6bd49
4,michael hussey,c imran nazir b sohail tanvir,37,25,37,3,1,148.00,20,8.19,164,7,team1,616be07165ff323064b6bd49
5,brad hodge,c younis khan b mohammad asif,36,29,36,3,0,124.13,20,8.19,164,7,team1,616be07165ff323064b6bd49
6,michael clarke,run out (shahid afridi),0,1,3,0,0,0.00,20,8.19,164,7,team1,616be07165ff323064b6bd49
7,brett lee,not out,2,3,6,0,0,66.66,20,8.19,164,7,team1,616be07165ff323064b6bd49
8,mitchell johnson,not out,1,1,1,0,0,100.00,20,8.19,164,7,team1,616be07165ff323064b6bd49
9,imran nazir,c johnson b clark,10,10,12,1,1,100.00,19.1,8.60,165,4,team2,616be07165ff323064b6bd49
10,mohammad hafeez,c clarke b clark,15,11,15,2,1,136.36,19.1,8.60,165,4,team2,616be07165ff323064b6bd49
11,salman butt,lbw b johnson,11,12,16,2,0,91.66,19.1,8.60,165,4,team2,616be07165ff323064b6bd49
12,younis khan,c lee b clark,4,3,5,1,0,133.33,19.1,8.60,165,4,team2,616be07165ff323064b6bd49
13,shoaib malik (c),not out,52,38,58,4,2,136.84,19.1,8.60,165,4,team2,616be07165ff323064b6bd49
14,misbah-ul-haq,not out,66,42,51,7,1,157.14,19.1,8.60,165,4,team2,616be07165ff323064b6bd49
