,player,batting,r,b,m,4s,6s,sr,overs,run_rate,total_run,wickets,team,id
0,upul tharanga,c †mushfiqur rahim b syed rasel,23,14,21,3,0,164.28,20,7.35,147,5,team1,616be07165ff323064b6bd4a
1,sanath jayasuriya,c mahmudullah b mashrafe mortaza,0,1,2,0,0,0.00,20,7.35,147,5,team1,616be07165ff323064b6bd4a
2,kumar sangakkara †,b mahmudullah,20,29,36,2,0,68.96,20,7.35,147,5,team1,616be07165ff323064b6bd4a
3,mahela jayawardene (c),b abdur razzak,30,30,36,1,0,100.00,20,7.35,147,5,team1,616be07165ff323064b6bd4a
4,chamara silva,lbw b shakib al hasan,12,12,10,0,1,100.00,20,7.35,147,5,team1,616be07165ff323064b6bd4a
5,tillakaratne dilshan,not out,21,16,28,2,0,131.25,20,7.35,147,5,team1,616be07165ff323064b6bd4a
6,jehan mubarak,not out,31,19,20,2,1,163.15,20,7.35,147,5,team1,616be07165ff323064b6bd4a
7,tamim iqbal,c malinga b fernando,3,10,15,0,0,30.00,15.5,5.24,83,10,team2,616be07165ff323064b6bd4a
8,nazimuddin,lbw b vaas,0,1,3,0,0,0.00,15.5,5.24,83,10,team2,616be07165ff323064b6bd4a
9,aftab ahmed,b fernando,18,11,13,3,0,163.63,15.5,5.24,83,10,team2,616be07165ff323064b6bd4a
10,mohammad ashraful (c),c dilshan b vaas,4,8,14,0,0,50.00,15.5,5.24,83,10,team2,616be07165ff323064b6bd4a
11,shakib al hasan,b maharoof,18,19,30,2,0,94.73,15.5,5.24,83,10,team2,616be07165ff323064b6bd4a
12,nadif chowdhury,run out (malinga/dilshan),5,6,10,0,0,83.33,15.5,5.24,83,10,team2,616be07165ff323064b6bd4a
13,mahmudullah,c mubarak b jayasuriya,16,16,29,0,1,100.00,15.5,5.24,83,10,team2,616be07165ff323064b6bd4a
14,mashrafe mortaza,b malinga,12,12,11,2,0,100.00,15.5,5.24,83,10,team2,616be07165ff323064b6bd4a
15,mushfiqur rahim †,run out (maharoof/†sangakkara),1,1,1,0,0,100.00,15.5,5.24,83,10,team2,616be07165ff323064b6bd4a
16,abdur razzak,c †sangakkara b jayasuriya,5,12,10,0,0,41.66,15.5,5.24,83,10,team2,616be07165ff323064b6bd4a
17,syed rasel,not out,0,0,1,0,0,-,15.5,5.24,83,10,team2,616be07165ff323064b6bd4a
