,player,batting,r,b,m,4s,6s,sr,overs,run_rate,total_run,wickets,team,id
0,william porterfield (c),b sharif,2,5,-,0,0,40.00,20,7.94,159,5,team1,616be30465ff323064b6be11
1,paul stirling,c mommsen b parker,0,1,-,0,0,0.00,20,7.94,159,5,team1,616be30465ff323064b6be11
2,ed joyce,not out,78,58,-,6,3,134.48,20,7.94,159,5,team1,616be30465ff323064b6be11
3,alex cusack,st †wallace b haq,22,13,-,5,0,169.23,20,7.94,159,5,team1,616be30465ff323064b6be11
4,kevin o'brien,b mommsen,16,13,-,0,1,123.07,20,7.94,159,5,team1,616be30465ff323064b6be11
5,gary wilson †,c coetzer b haq,26,26,-,1,1,100.00,20,7.94,159,5,team1,616be30465ff323064b6be11
6,john mooney,not out,4,4,-,0,0,100.00,20,7.94,159,5,team1,616be30465ff323064b6be11
7,richie berrington,b johnston,0,2,-,0,0,0.00,20,7.10,142,7,team2,616be30465ff323064b6be11
8,calum macleod,lbw b rankin,5,6,-,1,0,83.33,20,7.10,142,7,team2,616be30465ff323064b6be11
9,preston mommsen,lbw b johnston,13,11,-,3,0,118.18,20,7.10,142,7,team2,616be30465ff323064b6be11
10,kyle coetzer (c),c & b o'brien,62,52,-,2,4,119.23,20,7.10,142,7,team2,616be30465ff323064b6be11
11,fraser watts,c johnston b o'brien,33,29,-,1,1,113.79,20,7.10,142,7,team2,616be30465ff323064b6be11
12,jan stander,run out (porterfield/o'brien),0,0,-,0,0,-,20,7.10,142,7,team2,616be30465ff323064b6be11
13,ryan flannigan,c johnston b o'brien,18,13,-,1,0,138.46,20,7.10,142,7,team2,616be30465ff323064b6be11
14,craig wallace †,not out,1,1,-,0,0,100.00,20,7.10,142,7,team2,616be30465ff323064b6be11
15,majid haq,not out,7,6,-,1,0,116.66,20,7.10,142,7,team2,616be30465ff323064b6be11
