,player,batting,r,b,m,4s,6s,sr,overs,run_rate,total_run,wickets,team,id
0,tamim iqbal,c mooney b stirling,31,31,46,3,0,100.00,20,9.50,190,5,team1,616be3ab65ff323064b6be1f
1,mohammad ashraful,b sorensen,15,13,20,2,0,115.38,20,9.50,190,5,team1,616be3ab65ff323064b6be1f
2,shakib al hasan,b stirling,57,33,33,9,0,172.72,20,9.50,190,5,team1,616be3ab65ff323064b6be1f
3,mushfiqur rahim (c)†,c porterfield b rankin,6,5,14,1,0,120.00,20,9.50,190,5,team1,616be3ab65ff323064b6be1f
4,mahmudullah,c stirling b sorensen,23,15,17,1,2,153.33,20,9.50,190,5,team1,616be3ab65ff323064b6be1f
5,ziaur rahman,not out,40,17,25,0,5,235.29,20,9.50,190,5,team1,616be3ab65ff323064b6be1f
6,nasir hossain,not out,8,6,14,0,0,133.33,20,9.50,190,5,team1,616be3ab65ff323064b6be1f
7,william porterfield (c),st †mushfiqur rahim b abdur razzak,26,16,15,2,2,162.50,20,5.95,119,8,team2,616be3ab65ff323064b6be1f
8,paul stirling,run out (abdur razzak),4,8,18,0,0,50.00,20,5.95,119,8,team2,616be3ab65ff323064b6be1f
9,ed joyce,c mohammad ashraful b elias sunny,11,18,18,0,0,61.11,20,5.95,119,8,team2,616be3ab65ff323064b6be1f
10,niall o'brien,st †mushfiqur rahim b elias sunny,8,8,16,0,1,100.00,20,5.95,119,8,team2,616be3ab65ff323064b6be1f
11,kevin o'brien,b abdur razzak,0,2,3,0,0,0.00,20,5.95,119,8,team2,616be3ab65ff323064b6be1f
12,gary wilson †,not out,41,36,42,4,1,113.88,20,5.95,119,8,team2,616be3ab65ff323064b6be1f
13,john mooney,b elias sunny,1,6,4,0,0,16.66,20,5.95,119,8,team2,616be3ab65ff323064b6be1f
14,alex cusack,b elias sunny,1,7,7,0,0,14.28,20,5.95,119,8,team2,616be3ab65ff323064b6be1f
15,trent johnston,c abdur razzak b elias sunny,7,5,5,1,0,140.00,20,5.95,119,8,team2,616be3ab65ff323064b6be1f
16,max sorensen,not out,12,13,20,0,1,92.30,20,5.95,119,8,team2,616be3ab65ff323064b6be1f
