,player,batting,r,b,m,4s,6s,sr,overs,run_rate,total_run,wickets,team,id
0,karim sadiq,c seelaar b jonkman,18,17,18,1,0,105.88,20,6.40,128,9,team1,616be1b665ff323064b6bdb3
1,nawroz mangal (c),b jonkman,10,11,21,1,0,90.90,20,6.40,128,9,team1,616be1b665ff323064b6bdb3
2,mohammad shahzad †,run out (szwarczynski/borren),11,10,18,0,1,110.00,20,6.40,128,9,team1,616be1b665ff323064b6bdb3
3,mohammad nabi,c borren b ten doeschate,1,3,4,0,0,33.33,20,6.40,128,9,team1,616be1b665ff323064b6bdb3
4,raees ahmadzai,c ten doeschate b mohammad kashif,23,23,32,2,0,100.00,20,6.40,128,9,team1,616be1b665ff323064b6bdb3
5,noor ali zadran,run out (borren/†buurman),18,25,27,0,0,72.00,20,6.40,128,9,team1,616be1b665ff323064b6bdb3
6,shafiqullah,c mohammad kashif b seelaar,2,6,10,0,0,33.33,20,6.40,128,9,team1,616be1b665ff323064b6bdb3
7,samiullah shinwari,run out (ten doeschate/†buurman),19,14,17,1,0,135.71,20,6.40,128,9,team1,616be1b665ff323064b6bdb3
8,mirwais ashraf,run out (van bunge/†buurman),19,9,16,0,2,211.11,20,6.40,128,9,team1,616be1b665ff323064b6bdb3
9,hamid hassan,not out,2,2,4,0,0,100.00,20,6.40,128,9,team1,616be1b665ff323064b6bdb3
10,alexei kervezee,b mohammad nabi,39,33,34,5,0,118.18,18.5,7.00,132,6,team2,616be1b665ff323064b6bdb3
11,eric szwarczynski,c & b mohammad nabi,21,24,41,0,1,87.50,18.5,7.00,132,6,team2,616be1b665ff323064b6bdb3
12,daan van bunge,c mirwais ashraf b mohammad nabi,24,22,29,0,1,109.09,18.5,7.00,132,6,team2,616be1b665ff323064b6bdb3
13,bas zuiderent,lbw b samiullah shinwari,2,3,4,0,0,66.66,18.5,7.00,132,6,team2,616be1b665ff323064b6bdb3
14,ryan ten doeschate,not out,24,20,35,2,0,120.00,18.5,7.00,132,6,team2,616be1b665ff323064b6bdb3
15,peter borren (c),run out (raees ahmadzai),1,5,6,0,0,20.00,18.5,7.00,132,6,team2,616be1b665ff323064b6bdb3
16,atse buurman †,b hamid hassan,0,2,2,0,0,0.00,18.5,7.00,132,6,team2,616be1b665ff323064b6bdb3
17,mudassar bukhari,not out,3,4,9,0,0,75.00,18.5,7.00,132,6,team2,616be1b665ff323064b6bdb3
