,player,batting,r,b,m,4s,6s,sr,overs,run_rate,total_run,wickets,team,id
0,william porterfield (c),c mishra b so ngoche,3,7,9,0,0,42.85,20,5.35,107,9,team1,616be30465ff323064b6be09
1,paul stirling,run out (varaiya),0,0,1,0,0,-,20,5.35,107,9,team1,616be30465ff323064b6be09
2,kevin o'brien,c varaiya b so ngoche,4,4,2,1,0,100.00,20,5.35,107,9,team1,616be30465ff323064b6be09
3,gary wilson,run out (co obuya),32,38,44,4,0,84.21,20,5.35,107,9,team1,616be30465ff323064b6be09
4,ed joyce,b so ngoche,38,46,55,3,0,82.60,20,5.35,107,9,team1,616be30465ff323064b6be09
5,john mooney,c allan b varaiya,5,7,9,0,0,71.42,20,5.35,107,9,team1,616be30465ff323064b6be09
6,nigel jones,c so ngoche b varaiya,0,3,2,0,0,0.00,20,5.35,107,9,team1,616be30465ff323064b6be09
7,andrew white,b so ngoche,5,5,7,1,0,100.00,20,5.35,107,9,team1,616be30465ff323064b6be09
8,rory mccann †,b odhiambo,1,2,2,0,0,50.00,20,5.35,107,9,team1,616be30465ff323064b6be09
9,boyd rankin,not out,7,6,3,1,0,116.66,20,5.35,107,9,team1,616be30465ff323064b6be09
10,george dockrell,not out,2,2,2,0,0,100.00,20,5.35,107,9,team1,616be30465ff323064b6be09
11,david obuya †,lbw b rankin,3,10,6,0,0,30.00,20,5.25,105,7,team2,616be30465ff323064b6be09
12,duncan allan,st †mccann b dockrell,1,7,10,0,0,14.28,20,5.25,105,7,team2,616be30465ff323064b6be09
13,collins obuya (c),b rankin,42,38,38,5,0,110.52,20,5.25,105,7,team2,616be30465ff323064b6be09
14,tanmay mishra,c porterfield b white,37,40,54,2,0,92.50,20,5.25,105,7,team2,616be30465ff323064b6be09
15,rakep patel,st †mccann b white,1,3,4,0,0,33.33,20,5.25,105,7,team2,616be30465ff323064b6be09
16,ragheb aga,c & b dockrell,12,12,10,0,0,100.00,20,5.25,105,7,team2,616be30465ff323064b6be09
17,alex obanda,c porterfield b mooney,3,7,11,0,0,42.85,20,5.25,105,7,team2,616be30465ff323064b6be09
18,nelson odhiambo,not out,1,1,10,0,0,100.00,20,5.25,105,7,team2,616be30465ff323064b6be09
19,shem ngoche,not out,2,2,2,0,0,100.00,20,5.25,105,7,team2,616be30465ff323064b6be09
