,player,batting,r,b,m,4s,6s,sr,overs,run_rate,total_run,wickets,team,id
0,mohammad shahzad †,c aga b odhiambo,1,3,4,0,0,33.33,20,7.40,148,9,team1,616be46a65ff323064b6be82
1,karim sadiq,c obuya b ngoche,30,21,27,5,0,142.85,20,7.40,148,9,team1,616be46a65ff323064b6be82
2,noor ali zadran,lbw b obuya,50,48,81,4,1,104.16,20,7.40,148,9,team1,616be46a65ff323064b6be82
3,nawroz mangal,c varaiya b odoyo,7,7,7,0,1,100.00,20,7.40,148,9,team1,616be46a65ff323064b6be82
4,mohammad nabi (c),c obanda b aga,6,9,9,0,0,66.66,20,7.40,148,9,team1,616be46a65ff323064b6be82
5,samiullah shinwari,run out (patel),2,2,5,0,0,100.00,20,7.40,148,9,team1,616be46a65ff323064b6be82
6,najibullah zadran,c allan b obuya,33,25,39,1,1,132.00,20,7.40,148,9,team1,616be46a65ff323064b6be82
7,shafiqullah,c varaiya b allan,8,5,8,0,1,160.00,20,7.40,148,9,team1,616be46a65ff323064b6be82
8,mirwais ashraf,c odhiambo b allan,0,1,1,0,0,0.00,20,7.40,148,9,team1,616be46a65ff323064b6be82
9,amir hamza,not out,3,2,2,0,0,150.00,20,7.40,148,9,team1,616be46a65ff323064b6be82
10,steve tikolo,b amir hamza,25,16,16,5,0,156.25,18.2,6.21,114,10,team2,616be46a65ff323064b6be82
11,nehemiah odhiambo,st †mohammad shahzad b samiullah shinwari,7,4,10,0,1,175.00,18.2,6.21,114,10,team2,616be46a65ff323064b6be82
12,alex obanda,c mohammad nabi b samiullah shinwari,0,1,1,0,0,0.00,18.2,6.21,114,10,team2,616be46a65ff323064b6be82
13,duncan allan,lbw b samiullah shinwari,1,4,8,0,0,25.00,18.2,6.21,114,10,team2,616be46a65ff323064b6be82
14,collins obuya (c),st †mohammad shahzad b samiullah shinwari,12,26,27,0,0,46.15,18.2,6.21,114,10,team2,616be46a65ff323064b6be82
15,rakep patel,c najibullah zadran b shapoor zadran,52,38,47,2,3,136.84,18.2,6.21,114,10,team2,616be46a65ff323064b6be82
16,irfan karim †,c mirwais ashraf b samiullah shinwari,3,6,9,0,0,50.00,18.2,6.21,114,10,team2,616be46a65ff323064b6be82
17,thomas odoyo,b mirwais ashraf,7,5,7,0,1,140.00,18.2,6.21,114,10,team2,616be46a65ff323064b6be82
18,ragheb aga,c karim sadiq b shapoor zadran,2,4,4,0,0,50.00,18.2,6.21,114,10,team2,616be46a65ff323064b6be82
19,shem ngoche,not out,1,2,8,0,0,50.00,18.2,6.21,114,10,team2,616be46a65ff323064b6be82
20,hiren varaiya,c mohammad nabi b mirwais ashraf,2,4,5,0,0,50.00,18.2,6.21,114,10,team2,616be46a65ff323064b6be82
