,player,batting,r,b,m,4s,6s,sr,overs,run_rate,total_run,wickets,team,id
0,mahela jayawardene,c hussey b lee,86,63,86,12,1,136.50,20,7.85,157,9,team1,616be30465ff323064b6bdf1
1,tillakaratne dilshan (c),lbw b lee,4,6,9,0,0,66.66,20,7.85,157,9,team1,616be30465ff323064b6bdf1
2,dinesh chandimal,c & b smith,13,11,24,2,0,118.18,20,7.85,157,9,team1,616be30465ff323064b6bdf1
3,thisara perera,c watson b johnson,9,6,4,1,0,150.00,20,7.85,157,9,team1,616be30465ff323064b6bdf1
4,kumar sangakkara †,c white b hastings,24,16,20,1,1,150.00,20,7.85,157,9,team1,616be30465ff323064b6bdf1
5,jeevan mendis,b hastings,1,4,3,0,0,25.00,20,7.85,157,9,team1,616be30465ff323064b6bdf1
6,angelo mathews,b hastings,5,4,7,1,0,125.00,20,7.85,157,9,team1,616be30465ff323064b6bdf1
7,dilruwan perera,c smith b o'keefe,0,3,5,0,0,0.00,20,7.85,157,9,team1,616be30465ff323064b6bdf1
8,nuwan kulasekara,b lee,4,6,11,0,0,66.66,20,7.85,157,9,team1,616be30465ff323064b6bdf1
9,rangana herath,not out,1,1,4,0,0,100.00,20,7.85,157,9,team1,616be30465ff323064b6bdf1
10,ajantha mendis,not out,0,1,1,0,0,0.00,20,7.85,157,9,team1,616be30465ff323064b6bdf1
11,shane watson,c nltc perera b baw mendis,57,24,22,6,5,237.50,20,7.45,149,9,team2,616be30465ff323064b6bdf1
12,david warner,c jayawardene b baw mendis,16,18,29,2,0,88.88,20,7.45,149,9,team2,616be30465ff323064b6bdf1
13,david hussey,b herath,2,3,13,0,0,66.66,20,7.45,149,9,team2,616be30465ff323064b6bdf1
14,shaun marsh,st †sangakkara b baw mendis,0,3,3,0,0,0.00,20,7.45,149,9,team2,616be30465ff323064b6bdf1
15,cameron white (c),b nltc perera,39,32,49,1,3,121.87,20,7.45,149,9,team2,616be30465ff323064b6bdf1
16,steven smith,b baw mendis,12,19,21,1,0,63.15,20,7.45,149,9,team2,616be30465ff323064b6bdf1
17,brad haddin †,b baw mendis,0,1,1,0,0,0.00,20,7.45,149,9,team2,616be30465ff323064b6bdf1
18,mitchell johnson,b baw mendis,7,11,9,0,0,63.63,20,7.45,149,9,team2,616be30465ff323064b6bdf1
19,steve o'keefe,run out (jayawardene/baw mendis),1,1,2,0,0,100.00,20,7.45,149,9,team2,616be30465ff323064b6bdf1
20,john hastings,not out,3,6,14,0,0,50.00,20,7.45,149,9,team2,616be30465ff323064b6bdf1
21,brett lee,not out,4,3,4,0,0,133.33,20,7.45,149,9,team2,616be30465ff323064b6bdf1
