,player,batting,r,b,m,4s,6s,sr,overs,run_rate,total_run,wickets,team,id
0,chris gayle (c),run out (sub [kd karthik]/†dhoni),98,66,88,5,7,148.48,20,8.45,169,6,team1,616be25c65ff323064b6bdcf
1,shivnarine chanderpaul,c †dhoni b nehra,23,29,48,2,0,79.31,20,8.45,169,6,team1,616be25c65ff323064b6bdcf
2,daren sammy,c vijay b jadeja,19,10,14,2,1,190.00,20,8.45,169,6,team1,616be25c65ff323064b6bdcf
3,kieron pollard,c pathan b khan,17,11,14,0,2,154.54,20,8.45,169,6,team1,616be25c65ff323064b6bdcf
4,dwayne bravo,c sharma b nehra,1,2,1,0,0,50.00,20,8.45,169,6,team1,616be25c65ff323064b6bdcf
5,ramnaresh sarwan,c sharma b nehra,0,1,2,0,0,0.00,20,8.45,169,6,team1,616be25c65ff323064b6bdcf
6,wavell hinds,not out,0,0,1,0,0,-,20,8.45,169,6,team1,616be25c65ff323064b6bdcf
7,denesh ramdin †,not out,4,2,1,1,0,200.00,20,8.45,169,6,team1,616be25c65ff323064b6bdcf
8,murali vijay,c pollard b sammy,7,14,14,0,0,50.00,20,7.75,155,9,team2,616be25c65ff323064b6bdcf
9,gautam gambhir,c †ramdin b roach,15,14,22,3,0,107.14,20,7.75,155,9,team2,616be25c65ff323064b6bdcf
10,suresh raina,c sammy b gayle,32,25,38,4,1,128.00,20,7.75,155,9,team2,616be25c65ff323064b6bdcf
11,rohit sharma,c †ramdin b pollard,5,8,10,1,0,62.50,20,7.75,155,9,team2,616be25c65ff323064b6bdcf
12,yuvraj singh,c chanderpaul b benn,12,14,22,1,0,85.71,20,7.75,155,9,team2,616be25c65ff323064b6bdcf
13,ms dhoni (c)†,run out (bravo),29,18,30,2,2,161.11,20,7.75,155,9,team2,616be25c65ff323064b6bdcf
14,yusuf pathan,c hinds b taylor,17,10,12,0,2,170.00,20,7.75,155,9,team2,616be25c65ff323064b6bdcf
15,harbhajan singh,c bravo b roach,14,10,18,1,1,140.00,20,7.75,155,9,team2,616be25c65ff323064b6bdcf
16,ravindra jadeja,not out,5,6,10,0,0,83.33,20,7.75,155,9,team2,616be25c65ff323064b6bdcf
17,ashish nehra,c benn b bravo,0,2,1,0,0,0.00,20,7.75,155,9,team2,616be25c65ff323064b6bdcf
18,zaheer khan,not out,0,1,1,0,0,0.00,20,7.75,155,9,team2,616be25c65ff323064b6bdcf
