,player,batting,r,b,m,4s,6s,sr,overs,run_rate,total_run,wickets,team,id
0,stephan myburgh,c guptill b boult,16,23,24,1,1,69.56,20,7.55,151,4,team1,616be51c65ff323064b6beb0
1,michael swart,st †ronchi b nl mccullum,26,26,49,3,0,100.00,20,7.55,151,4,team1,616be51c65ff323064b6beb0
2,wesley barresi †,c †ronchi b mcclenaghan,4,8,8,0,0,50.00,20,7.55,151,4,team1,616be51c65ff323064b6beb0
3,peter borren (c),c williamson b mills,49,35,40,7,1,140.00,20,7.55,151,4,team1,616be51c65ff323064b6beb0
4,tom cooper,not out,40,23,31,4,2,173.91,20,7.55,151,4,team1,616be51c65ff323064b6beb0
5,ben cooper,not out,1,6,7,0,0,16.66,20,7.55,151,4,team1,616be51c65ff323064b6beb0
6,martin guptill,c †barresi b van der gugten,9,15,13,1,0,60.00,19,8.00,152,4,team2,616be51c65ff323064b6beb0
7,kane williamson,c †barresi b van beek,29,22,36,5,0,131.81,19,8.00,152,4,team2,616be51c65ff323064b6beb0
8,brendon mccullum (c),c mudassar bukhari b van der gugten,65,45,61,4,3,144.44,19,8.00,152,4,team2,616be51c65ff323064b6beb0
9,ross taylor,c †barresi b van der gugten,18,11,16,1,1,163.63,19,8.00,152,4,team2,616be51c65ff323064b6beb0
10,corey anderson,not out,20,14,30,1,1,142.85,19,8.00,152,4,team2,616be51c65ff323064b6beb0
11,james neesham,not out,7,7,9,0,0,100.00,19,8.00,152,4,team2,616be51c65ff323064b6beb0
