,player,batting,r,b,m,4s,6s,sr,overs,run_rate,total_run,wickets,team,id
0,aaron finch,b samuels,16,11,14,2,1,145.45,20,8.90,178,8,team1,616be51c65ff323064b6beae
1,david warner,b badree,20,14,21,4,0,142.85,20,8.90,178,8,team1,616be51c65ff323064b6beae
2,shane watson,st †ramdin b narine,2,8,12,0,0,25.00,20,8.90,178,8,team1,616be51c65ff323064b6beae
3,glenn maxwell,c bravo b badree,45,22,28,5,3,204.54,20,8.90,178,8,team1,616be51c65ff323064b6beae
4,george bailey (c),c sammy b samuels,12,12,15,0,1,100.00,20,8.90,178,8,team1,616be51c65ff323064b6beae
5,brad hodge,b narine,35,26,39,2,1,134.61,20,8.90,178,8,team1,616be51c65ff323064b6beae
6,james faulkner,c bravo b santokie,13,17,32,1,0,76.47,20,8.90,178,8,team1,616be51c65ff323064b6beae
7,brad haddin †,not out,15,7,15,1,1,214.28,20,8.90,178,8,team1,616be51c65ff323064b6beae
8,mitchell starc,c russell b bravo,4,4,9,0,0,100.00,20,8.90,178,8,team1,616be51c65ff323064b6beae
9,james muirhead,not out,1,1,3,0,0,100.00,20,8.90,178,8,team1,616be51c65ff323064b6beae
10,dwayne smith,c †haddin b starc,17,19,21,4,0,89.47,19.4,9.10,179,4,team2,616be51c65ff323064b6beae
11,chris gayle,c maxwell b muirhead,53,35,52,6,2,151.42,19.4,9.10,179,4,team2,616be51c65ff323064b6beae
12,lendl simmons,c maxwell b bollinger,26,24,39,3,0,108.33,19.4,9.10,179,4,team2,616be51c65ff323064b6beae
13,marlon samuels,c †haddin b starc,12,15,21,1,0,80.00,19.4,9.10,179,4,team2,616be51c65ff323064b6beae
14,dwayne bravo,not out,27,12,30,2,2,225.00,19.4,9.10,179,4,team2,616be51c65ff323064b6beae
15,daren sammy (c),not out,34,13,16,2,3,261.53,19.4,9.10,179,4,team2,616be51c65ff323064b6beae
