,player,batting,r,b,m,4s,6s,sr,overs,run_rate,total_run,wickets,team,id
0,brendon mccullum,c fawad alam b abdul razzaq,12,6,8,2,0,200.00,18.3,5.35,99,10,team1,616be1b665ff323064b6bd90
1,aaron redmond,c umar gul b mohammad amir,15,14,18,2,0,107.14,18.3,5.35,99,10,team1,616be1b665ff323064b6bd90
2,martin guptill,lbw b abdul razzaq,8,8,14,1,0,100.00,18.3,5.35,99,10,team1,616be1b665ff323064b6bd90
3,scott styris,c shahid afridi b umar gul,22,29,33,0,1,75.86,18.3,5.35,99,10,team1,616be1b665ff323064b6bd90
4,jacob oram,c misbah-ul-haq b shahid afridi,5,11,12,0,0,45.45,18.3,5.35,99,10,team1,616be1b665ff323064b6bd90
5,peter mcglashan †,lbw b umar gul,8,8,14,1,0,100.00,18.3,5.35,99,10,team1,616be1b665ff323064b6bd90
6,nathan mccullum,b umar gul,7,11,9,1,0,63.63,18.3,5.35,99,10,team1,616be1b665ff323064b6bd90
7,james franklin,b umar gul,7,13,16,0,0,53.84,18.3,5.35,99,10,team1,616be1b665ff323064b6bd90
8,daniel vettori (c),run out (younis khan/abdul razzaq),8,9,11,1,0,88.88,18.3,5.35,99,10,team1,616be1b665ff323064b6bd90
9,kyle mills,c shahzaib hasan b umar gul,0,1,1,0,0,0.00,18.3,5.35,99,10,team1,616be1b665ff323064b6bd90
10,ian butler,not out,1,1,4,0,0,100.00,18.3,5.35,99,10,team1,616be1b665ff323064b6bd90
11,kamran akmal †,c guptill b mills,19,14,18,1,1,135.71,13.1,7.59,100,4,team2,616be1b665ff323064b6bd90
12,shahzaib hasan,run out (bb mccullum/†mcglashan),35,28,37,4,2,125.00,13.1,7.59,100,4,team2,616be1b665ff323064b6bd90
13,abdul razzaq,c †mcglashan b vettori,5,8,13,0,0,62.50,13.1,7.59,100,4,team2,616be1b665ff323064b6bd90
14,shoaib malik,c bb mccullum b vettori,4,3,5,1,0,133.33,13.1,7.59,100,4,team2,616be1b665ff323064b6bd90
15,shahid afridi,not out,29,18,19,3,0,161.11,13.1,7.59,100,4,team2,616be1b665ff323064b6bd90
16,younis khan (c),not out,6,9,17,0,0,66.66,13.1,7.59,100,4,team2,616be1b665ff323064b6bd90
