,player,batting,r,b,m,4s,6s,sr,overs,run_rate,total_run,wickets,team,id
0,mohammad shahzad †,lbw b tanwir afzal,4,4,-,1,0,100.00,20,8.10,162,6,team1,616be67b65ff323064b6bf08
1,usman ghani,c nadeem ahmed b haseeb amjad,10,12,-,2,0,83.33,20,8.10,162,6,team1,616be67b65ff323064b6bf08
2,asghar afghan (c),run out (†carter),51,37,-,2,3,137.83,20,8.10,162,6,team1,616be67b65ff323064b6bf08
3,karim sadiq,c tanwir afzal b aizaz khan,22,19,-,1,2,115.78,20,8.10,162,6,team1,616be67b65ff323064b6bf08
4,samiullah shinwari,run out (haseeb amjad),34,27,-,3,1,125.92,20,8.10,162,6,team1,616be67b65ff323064b6bf08
5,shafiqullah,run out (†carter),30,16,-,2,2,187.50,20,8.10,162,6,team1,616be67b65ff323064b6bf08
6,gulbadin naib,not out,4,4,-,0,0,100.00,20,8.10,162,6,team1,616be67b65ff323064b6bf08
7,mirwais ashraf,not out,1,1,-,0,0,100.00,20,8.10,162,6,team1,616be67b65ff323064b6bf08
8,anshy rath,lbw b rokhan barakzai,18,17,-,2,0,105.88,19.4,8.44,166,6,team2,616be67b65ff323064b6bf08
9,kinchit shah,st †mohammad shahzad b karim sadiq,2,6,-,0,0,33.33,19.4,8.44,166,6,team2,616be67b65ff323064b6bf08
10,babar hayat,c nasim baras b rokhan barakzai,35,18,-,1,3,194.44,19.4,8.44,166,6,team2,616be67b65ff323064b6bf08
11,mark chapman,c usman ghani b karim sadiq,22,21,-,1,0,104.76,19.4,8.44,166,6,team2,616be67b65ff323064b6bf08
12,nizakat khan,c nasim baras b aftab alam,26,20,-,1,1,130.00,19.4,8.44,166,6,team2,616be67b65ff323064b6bf08
13,tanwir afzal (c),c usman ghani b aftab alam,42,22,-,2,3,190.90,19.4,8.44,166,6,team2,616be67b65ff323064b6bf08
14,aizaz khan,not out,12,8,-,1,0,150.00,19.4,8.44,166,6,team2,616be67b65ff323064b6bf08
15,waqas barkat,not out,7,6,-,1,0,116.66,19.4,8.44,166,6,team2,616be67b65ff323064b6bf08
