,player,batting,r,b,m,4s,6s,sr,overs,run_rate,total_run,wickets,team,id
0,chris foggo,lbw b nel,6,11,15,1,0,54.54,20,4.94,99,7,team1,616be0ff65ff323064b6bd61
1,oliver pitcher,run out (watson/maiden),13,18,34,1,0,72.22,20,4.94,99,7,team1,616be0ff65ff323064b6bd61
2,david hemp,c blain b watson,20,30,26,2,1,66.66,20,4.94,99,7,team1,616be0ff65ff323064b6bd61
3,james celestine,c watson b berrington,0,1,2,0,0,0.00,20,4.94,99,7,team1,616be0ff65ff323064b6bd61
4,steven outerbridge,not out,37,35,39,1,1,105.71,20,4.94,99,7,team1,616be0ff65ff323064b6bd61
5,irving romaine (c),b nel,8,12,18,0,0,66.66,20,4.94,99,7,team1,616be0ff65ff323064b6bd61
6,jekon edness †,b nel,0,1,1,0,0,0.00,20,4.94,99,7,team1,616be0ff65ff323064b6bd61
7,rodney trott,st †smith b drummond,0,5,2,0,0,0.00,20,4.94,99,7,team1,616be0ff65ff323064b6bd61
8,george o'brien,not out,7,7,10,0,0,100.00,20,4.94,99,7,team1,616be0ff65ff323064b6bd61
9,fraser watts,lbw b o'brien,7,11,11,1,0,63.63,17.4,5.66,100,2,team2,616be0ff65ff323064b6bd61
10,ryan watson (c),c romaine b o'brien,0,1,1,0,0,0.00,17.4,5.66,100,2,team2,616be0ff65ff323064b6bd61
11,navdeep poonia,not out,38,54,63,0,0,70.37,17.4,5.66,100,2,team2,616be0ff65ff323064b6bd61
12,colin smith †,not out,46,42,52,4,0,109.52,17.4,5.66,100,2,team2,616be0ff65ff323064b6bd61
