,player,batting,r,b,m,4s,6s,sr,overs,run_rate,total_run,wickets,team,id
0,jacques kallis,c pollard b simmons,45,31,50,6,1,145.16,20,9.14,183,7,team1,616be1b665ff323064b6bd8f
1,graeme smith (c),c fletcher b benn,31,18,29,6,0,172.22,20,9.14,183,7,team1,616be1b665ff323064b6bd8f
2,herschelle gibbs,c taylor b pollard,55,35,27,8,1,157.14,20,9.14,183,7,team1,616be1b665ff323064b6bd8f
3,ab de villiers,c gayle b taylor,17,10,15,2,0,170.00,20,9.14,183,7,team1,616be1b665ff323064b6bd8f
4,albie morkel,b taylor,10,8,10,2,0,125.00,20,9.14,183,7,team1,616be1b665ff323064b6bd8f
5,mark boucher †,not out,17,12,19,0,1,141.66,20,9.14,183,7,team1,616be1b665ff323064b6bd8f
6,jean-paul duminy,c sarwan b edwards,0,1,3,0,0,0.00,20,9.14,183,7,team1,616be1b665ff323064b6bd8f
7,roelof van der merwe,c †ramdin b taylor,1,3,1,0,0,33.33,20,9.14,183,7,team1,616be1b665ff323064b6bd8f
8,johan botha,not out,4,2,6,0,0,200.00,20,9.14,183,7,team1,616be1b665ff323064b6bd8f
9,chris gayle (c),c botha b parnell,5,8,13,0,0,62.50,20,8.15,163,9,team2,616be1b665ff323064b6bd8f
10,andre fletcher,b parnell,0,5,6,0,0,0.00,20,8.15,163,9,team2,616be1b665ff323064b6bd8f
11,lendl simmons,c de villiers b van der merwe,77,50,59,12,1,154.00,20,8.15,163,9,team2,616be1b665ff323064b6bd8f
12,dwayne bravo,c steyn b van der merwe,19,17,24,2,0,111.76,20,8.15,163,9,team2,616be1b665ff323064b6bd8f
13,shivnarine chanderpaul,c & b duminy,8,7,8,1,0,114.28,20,8.15,163,9,team2,616be1b665ff323064b6bd8f
14,ramnaresh sarwan,c botha b steyn,8,11,16,0,0,72.72,20,8.15,163,9,team2,616be1b665ff323064b6bd8f
15,kieron pollard,c smith b parnell,6,4,4,1,0,150.00,20,8.15,163,9,team2,616be1b665ff323064b6bd8f
16,denesh ramdin †,b steyn,8,7,15,1,0,114.28,20,8.15,163,9,team2,616be1b665ff323064b6bd8f
17,jerome taylor,b parnell,0,1,1,0,0,0.00,20,8.15,163,9,team2,616be1b665ff323064b6bd8f
18,sulieman benn,not out,13,9,10,2,0,144.44,20,8.15,163,9,team2,616be1b665ff323064b6bd8f
19,fidel edwards,not out,2,2,3,0,0,100.00,20,8.15,163,9,team2,616be1b665ff323064b6bd8f
