,player,batting,r,b,m,4s,6s,sr,overs,run_rate,total_run,wickets,team,id
0,michael lumb,c rutherford b mcclenaghan,22,15,35,1,2,146.66,20,10.70,214,7,team1,616be46a65ff323064b6be54
1,alex hales,st †bb mccullum b hira,21,16,14,2,1,131.25,20,10.70,214,7,team1,616be46a65ff323064b6be54
2,luke wright,c hira b ellis,42,20,16,3,4,210.00,20,10.70,214,7,team1,616be46a65ff323064b6be54
3,eoin morgan,c taylor b hira,46,26,32,4,3,176.92,20,10.70,214,7,team1,616be46a65ff323064b6be54
4,jonny bairstow,c guptill b boult,38,22,36,3,2,172.72,20,10.70,214,7,team1,616be46a65ff323064b6be54
5,jos buttler †,not out,32,16,19,2,3,200.00,20,10.70,214,7,team1,616be46a65ff323064b6be54
6,samit patel,c †bb mccullum b ellis,2,3,2,0,0,66.66,20,10.70,214,7,team1,616be46a65ff323064b6be54
7,stuart broad (c),c †bb mccullum b boult,4,3,5,1,0,133.33,20,10.70,214,7,team1,616be46a65ff323064b6be54
8,james tredwell,not out,0,0,2,0,0,-,20,10.70,214,7,team1,616be46a65ff323064b6be54
9,hamish rutherford,c tredwell b broad,18,11,15,2,1,163.63,20,8.69,174,9,team2,616be46a65ff323064b6be54
10,martin guptill,c broad b wright,44,32,58,3,2,137.50,20,8.69,174,9,team2,616be46a65ff323064b6be54
11,brendon mccullum (c)†,c morgan b finn,10,5,6,2,0,200.00,20,8.69,174,9,team2,616be46a65ff323064b6be54
12,ross taylor,c bairstow b finn,13,14,19,1,0,92.85,20,8.69,174,9,team2,616be46a65ff323064b6be54
13,colin munro,b broad,28,19,25,0,3,147.36,20,8.69,174,9,team2,616be46a65ff323064b6be54
14,james franklin,c †buttler b broad,8,5,6,0,1,160.00,20,8.69,174,9,team2,616be46a65ff323064b6be54
15,nathan mccullum,c †buttler b wright,3,6,8,0,0,50.00,20,8.69,174,9,team2,616be46a65ff323064b6be54
16,andrew ellis,c wright b finn,4,5,7,0,0,80.00,20,8.69,174,9,team2,616be46a65ff323064b6be54
17,ronnie hira,not out,20,11,18,2,1,181.81,20,8.69,174,9,team2,616be46a65ff323064b6be54
18,trent boult,c patel b broad,4,6,9,0,0,66.66,20,8.69,174,9,team2,616be46a65ff323064b6be54
19,mitchell mcclenaghan,not out,6,7,6,1,0,85.71,20,8.69,174,9,team2,616be46a65ff323064b6be54
