,player,batting,r,b,m,4s,6s,sr,overs,run_rate,total_run,wickets,team,id
0,hamilton masakadza,c sohag gazi b shakib al hasan,59,48,69,4,1,122.91,20,8.39,168,5,team1,616be46a65ff323064b6be63
1,vusi sibanda,c sajedul islam b sohag gazi,0,2,1,0,0,0.00,20,8.39,168,5,team1,616be46a65ff323064b6be63
2,brendan taylor (c)†,c tamim iqbal b shakib al hasan,40,25,30,6,1,160.00,20,8.39,168,5,team1,616be46a65ff323064b6be63
3,sean williams,st †mushfiqur rahim b mahmudullah,6,8,11,0,0,75.00,20,8.39,168,5,team1,616be46a65ff323064b6be63
4,sikandar raza,c shakib al hasan b shafiul islam,14,14,13,1,0,100.00,20,8.39,168,5,team1,616be46a65ff323064b6be63
5,malcolm waller,not out,26,14,21,3,1,185.71,20,8.39,168,5,team1,616be46a65ff323064b6be63
6,tinotenda mutombodzi,not out,12,9,10,1,0,133.33,20,8.39,168,5,team1,616be46a65ff323064b6be63
7,tamim iqbal,b vitori,2,2,1,0,0,100.00,20,8.10,162,8,team2,616be46a65ff323064b6be63
8,shamsur rahman,c †taylor b utseya,53,48,61,7,1,110.41,20,8.10,162,8,team2,616be46a65ff323064b6be63
9,shakib al hasan,c waller b utseya,65,40,56,8,2,162.50,20,8.10,162,8,team2,616be46a65ff323064b6be63
10,mushfiqur rahim (c)†,c williams b panyangara,28,14,32,1,2,200.00,20,8.10,162,8,team2,616be46a65ff323064b6be63
11,nasir hossain,run out (sikandar raza/mutombodzi),0,0,2,0,0,-,20,8.10,162,8,team2,616be46a65ff323064b6be63
12,mahmudullah,run out (mutombodzi/†taylor),2,2,5,0,0,100.00,20,8.10,162,8,team2,616be46a65ff323064b6be63
13,ziaur rahman,c sibanda b panyangara,2,7,8,0,0,28.57,20,8.10,162,8,team2,616be46a65ff323064b6be63
14,sohag gazi,not out,2,4,17,0,0,50.00,20,8.10,162,8,team2,616be46a65ff323064b6be63
15,abdur razzak,lbw b panyangara,2,4,4,0,0,50.00,20,8.10,162,8,team2,616be46a65ff323064b6be63
