,player,batting,r,b,m,4s,6s,sr,overs,run_rate,total_run,wickets,team,id
0,ravi bopara,b baker,13,11,13,2,0,118.18,19.1,6.31,121,10,team1,616be0ff65ff323064b6bd7b
1,steven davies †,b bravo,27,21,31,5,0,128.57,19.1,6.31,121,10,team1,616be0ff65ff323064b6bd7b
2,kevin pietersen,lbw b benn,12,16,23,0,0,75.00,19.1,6.31,121,10,team1,616be0ff65ff323064b6bd7b
3,owais shah,c pollard b benn,6,12,14,0,0,50.00,19.1,6.31,121,10,team1,616be0ff65ff323064b6bd7b
4,paul collingwood,c simmons b sammy,14,11,17,2,0,127.27,19.1,6.31,121,10,team1,616be0ff65ff323064b6bd7b
5,andrew strauss (c),run out (chanderpaul/sammy),22,25,25,2,0,88.00,19.1,6.31,121,10,team1,616be0ff65ff323064b6bd7b
6,dimitri mascarenhas,run out (sarwan/sammy),0,3,6,0,0,0.00,19.1,6.31,121,10,team1,616be0ff65ff323064b6bd7b
7,gareth batty,run out (sarwan),4,7,12,0,0,57.14,19.1,6.31,121,10,team1,616be0ff65ff323064b6bd7b
8,stuart broad,c benn b edwards,2,5,8,0,0,40.00,19.1,6.31,121,10,team1,616be0ff65ff323064b6bd7b
9,amjad khan,b benn,2,4,3,0,0,50.00,19.1,6.31,121,10,team1,616be0ff65ff323064b6bd7b
10,james anderson,not out,0,0,2,0,0,-,19.1,6.31,121,10,team1,616be0ff65ff323064b6bd7b
11,ramnaresh sarwan,b khan,59,46,69,4,2,128.26,18,6.83,123,4,team2,616be0ff65ff323064b6bd7b
12,andre fletcher,c mascarenhas b broad,6,5,8,1,0,120.00,18,6.83,123,4,team2,616be0ff65ff323064b6bd7b
13,shivnarine chanderpaul,c collingwood b anderson,12,13,17,3,0,92.30,18,6.83,123,4,team2,616be0ff65ff323064b6bd7b
14,lendl simmons,not out,23,32,54,1,0,71.87,18,6.83,123,4,team2,616be0ff65ff323064b6bd7b
15,dwayne bravo,c pietersen b khan,8,11,11,1,0,72.72,18,6.83,123,4,team2,616be0ff65ff323064b6bd7b
16,kieron pollard,not out,4,1,2,1,0,400.00,18,6.83,123,4,team2,616be0ff65ff323064b6bd7b
