,player,batting,r,b,m,4s,6s,sr,overs,run_rate,total_run,wickets,team,id
0,alex obanda,c rizwan cheema b aulakh,12,14,-,2,0,85.71,20,6.95,139,7,team1,616be46a65ff323064b6be5f
1,irfan karim,c raza-ur-rehman b hansra,15,17,-,2,0,88.23,20,6.95,139,7,team1,616be46a65ff323064b6be5f
2,morris ouma †,b patel,13,13,-,2,0,100.00,20,6.95,139,7,team1,616be46a65ff323064b6be5f
3,collins obuya (c),lbw b patel,11,17,-,0,0,64.70,20,6.95,139,7,team1,616be46a65ff323064b6be5f
4,tanmay mishra,c & b junaid siddiqui,19,15,-,1,0,126.66,20,6.95,139,7,team1,616be46a65ff323064b6be5f
5,rakep patel,b aulakh,23,17,-,2,1,135.29,20,6.95,139,7,team1,616be46a65ff323064b6be5f
6,ragheb aga,c osinde b rizwan cheema,31,23,-,2,1,134.78,20,6.95,139,7,team1,616be46a65ff323064b6be5f
7,nehemiah odhiambo,not out,1,4,-,0,0,25.00,20,6.95,139,7,team1,616be46a65ff323064b6be5f
8,rizwan cheema (c),c obuya b ngoche,9,8,-,2,0,112.50,18.5,6.26,118,10,team2,616be46a65ff323064b6be5f
9,hiral patel,c karim b obuya,24,24,-,2,0,100.00,18.5,6.26,118,10,team2,616be46a65ff323064b6be5f
10,ruvindu gunasekera,b obuya,38,36,-,5,0,105.55,18.5,6.26,118,10,team2,616be46a65ff323064b6be5f
11,nitish kumar,c varaiya b otieno,5,10,-,0,0,50.00,18.5,6.26,118,10,team2,616be46a65ff323064b6be5f
12,raza-ur-rehman,run out (varaiya),5,6,-,0,0,83.33,18.5,6.26,118,10,team2,616be46a65ff323064b6be5f
13,jimmy hansra,lbw b obuya,1,2,-,0,0,50.00,18.5,6.26,118,10,team2,616be46a65ff323064b6be5f
14,usman limbada,not out,21,12,-,3,0,175.00,18.5,6.26,118,10,team2,616be46a65ff323064b6be5f
15,hamza tariq †,b varaiya,4,7,-,0,0,57.14,18.5,6.26,118,10,team2,616be46a65ff323064b6be5f
16,junaid siddiqui,run out (mishra),0,0,-,0,0,-,18.5,6.26,118,10,team2,616be46a65ff323064b6be5f
17,henry osinde,c aga b otieno,4,6,-,0,0,66.66,18.5,6.26,118,10,team2,616be46a65ff323064b6be5f
18,manny aulakh,b otieno,0,2,-,0,0,0.00,18.5,6.26,118,10,team2,616be46a65ff323064b6be5f
