,player,batting,r,b,m,4s,6s,sr,overs,run_rate,total_run,wickets,team,id
0,subash khakurel †,c aizaz khan b haseeb amjad,2,8,-,0,0,25.00,20,3.59,72,10,team1,616be5d165ff323064b6bec8
1,naresh budayair,c aizaz khan b irfan ahmed,5,15,-,0,0,33.33,20,3.59,72,10,team1,616be5d165ff323064b6bec8
2,sagar pun,c †atkinson b tanwir afzal,2,4,-,0,0,50.00,20,3.59,72,10,team1,616be5d165ff323064b6bec8
3,paras khadka (c),b tanwir afzal,0,1,-,0,0,0.00,20,3.59,72,10,team1,616be5d165ff323064b6bec8
4,gyanendra malla,b aizaz khan,5,15,-,0,0,33.33,20,3.59,72,10,team1,616be5d165ff323064b6bec8
5,rajesh pulami,lbw b aizaz khan,1,7,-,0,0,14.28,20,3.59,72,10,team1,616be5d165ff323064b6bec8
6,binod bhandari,c waqas barkat b nadeem ahmed,1,2,-,0,0,50.00,20,3.59,72,10,team1,616be5d165ff323064b6bec8
7,basant regmi,c †atkinson b nadeem ahmed,3,9,-,0,0,33.33,20,3.59,72,10,team1,616be5d165ff323064b6bec8
8,shakti gauchan,not out,5,25,-,0,0,20.00,20,3.59,72,10,team1,616be5d165ff323064b6bec8
9,sompal kami,b irfan ahmed,40,31,-,6,2,129.03,20,3.59,72,10,team1,616be5d165ff323064b6bec8
10,amrit bhattarai,run out (anas khan/†atkinson),2,3,-,0,0,66.66,20,3.59,72,10,team1,616be5d165ff323064b6bec8
11,irfan ahmed,c bhandari b bhattarai,8,20,-,0,0,40.00,19.5,3.68,73,8,team2,616be5d165ff323064b6bec8
12,waqas barkat,b gauchan,4,8,-,1,0,50.00,19.5,3.68,73,8,team2,616be5d165ff323064b6bec8
13,jamie atkinson (c)†,st †khakurel b gauchan,0,2,-,0,0,0.00,19.5,3.68,73,8,team2,616be5d165ff323064b6bec8
14,babar hayat,lbw b sompal kami,0,2,-,0,0,0.00,19.5,3.68,73,8,team2,616be5d165ff323064b6bec8
15,kinchit shah,run out (†khakurel),0,10,-,0,0,0.00,19.5,3.68,73,8,team2,616be5d165ff323064b6bec8
16,aizaz khan,c bhandari b sagar pun,21,31,-,1,1,67.74,19.5,3.68,73,8,team2,616be5d165ff323064b6bec8
17,anas khan,not out,21,28,-,2,0,75.00,19.5,3.68,73,8,team2,616be5d165ff323064b6bec8
18,haseeb amjad,c bhandari b sagar pun,2,3,-,0,0,66.66,19.5,3.68,73,8,team2,616be5d165ff323064b6bec8
19,tanwir afzal,st †khakurel b khadka,9,12,-,0,0,75.00,19.5,3.68,73,8,team2,616be5d165ff323064b6bec8
20,nadeem ahmed,not out,1,3,-,0,0,33.33,19.5,3.68,73,8,team2,616be5d165ff323064b6bec8
