,player,batting,r,b,m,4s,6s,sr,overs,run_rate,total_run,wickets,team,id
0,reeza hendricks,lbw b cottrell,12,12,16,1,0,100.00,20,8.25,165,4,team1,616be5d165ff323064b6becb
1,morne van wyk †,c gayle b holder,17,15,21,2,1,113.33,20,8.25,165,4,team1,616be5d165ff323064b6becb
2,faf du plessis (c),c sammy b russell,38,20,25,5,2,190.00,20,8.25,165,4,team1,616be5d165ff323064b6becb
3,rilee rossouw,not out,51,40,68,5,0,127.50,20,8.25,165,4,team1,616be5d165ff323064b6becb
4,david miller,c bravo b cottrell,24,21,30,1,0,114.28,20,8.25,165,4,team1,616be5d165ff323064b6becb
5,farhaan behardien,not out,18,12,18,0,1,150.00,20,8.25,165,4,team1,616be5d165ff323064b6becb
6,dwayne smith,lbw b imran tahir,20,20,26,3,0,100.00,19.2,8.68,168,6,team2,616be5d165ff323064b6becb
7,chris gayle,c †van wyk b imran tahir,77,31,44,5,8,248.38,19.2,8.68,168,6,team2,616be5d165ff323064b6becb
8,marlon samuels,c rossouw b imran tahir,41,32,47,5,1,128.12,19.2,8.68,168,6,team2,616be5d165ff323064b6becb
9,dwayne bravo,c hendricks b parnell,8,13,20,0,0,61.53,19.2,8.68,168,6,team2,616be5d165ff323064b6becb
10,kieron pollard,not out,8,9,21,1,0,88.88,19.2,8.68,168,6,team2,616be5d165ff323064b6becb
11,andre russell,c abbott b parnell,6,6,5,1,0,100.00,19.2,8.68,168,6,team2,616be5d165ff323064b6becb
12,denesh ramdin †,c abbott b wiese,2,5,7,0,0,40.00,19.2,8.68,168,6,team2,616be5d165ff323064b6becb
13,daren sammy (c),not out,0,0,1,0,0,-,19.2,8.68,168,6,team2,616be5d165ff323064b6becb
