,player,batting,r,b,m,4s,6s,sr,overs,run_rate,total_run,wickets,team,id
0,martin guptill,b shahid afridi,32,30,47,2,1,106.66,20,6.75,135,7,team1,616be5d165ff323064b6bec9
1,kane williamson (c),lbw b anwar ali,0,1,1,0,0,0.00,20,6.75,135,7,team1,616be5d165ff323064b6bec9
2,anton devcich,lbw b sohail tanvir,1,5,8,0,0,20.00,20,6.75,135,7,team1,616be5d165ff323064b6bec9
3,ross taylor,c umar akmal b mohammad irfan,4,5,7,1,0,80.00,20,6.75,135,7,team1,616be5d165ff323064b6bec9
4,corey anderson,c saad nasim b raza hasan,48,37,56,1,4,129.72,20,6.75,135,7,team1,616be5d165ff323064b6bec9
5,luke ronchi †,b sohail tanvir,33,28,43,4,0,117.85,20,6.75,135,7,team1,616be5d165ff323064b6bec9
6,james neesham,c umar akmal b mohammad irfan,6,9,14,0,0,66.66,20,6.75,135,7,team1,616be5d165ff323064b6bec9
7,nathan mccullum,not out,1,3,8,0,0,33.33,20,6.75,135,7,team1,616be5d165ff323064b6bec9
8,adam milne,not out,2,3,4,0,0,66.66,20,6.75,135,7,team1,616be5d165ff323064b6bec9
9,sarfaraz ahmed †,not out,76,64,93,8,2,118.75,19.1,7.30,140,3,team2,616be5d165ff323064b6bec9
10,awais zia,run out (devcich/mccullum),20,21,35,2,0,95.23,19.1,7.30,140,3,team2,616be5d165ff323064b6bec9
11,mohammad hafeez,run out (†ronchi),2,4,10,0,0,50.00,19.1,7.30,140,3,team2,616be5d165ff323064b6bec9
12,haris sohail,c mccullum b mcclenaghan,11,12,24,1,0,91.66,19.1,7.30,140,3,team2,616be5d165ff323064b6bec9
13,umar akmal,not out,27,14,24,3,1,192.85,19.1,7.30,140,3,team2,616be5d165ff323064b6bec9
