,player,batting,r,b,m,4s,6s,sr,overs,run_rate,total_run,wickets,team,id
0,tamim iqbal,run out (mohammad hafeez),24,12,28,5,0,200.00,20,8.75,175,6,team1,616be3ab65ff323064b6be39
1,mohammad ashraful,b sohail tanvir,14,13,16,3,0,107.69,20,8.75,175,6,team1,616be3ab65ff323064b6be39
2,shakib al hasan,c umar akmal b yasir arafat,84,54,71,11,2,155.55,20,8.75,175,6,team1,616be3ab65ff323064b6be39
3,mushfiqur rahim (c)†,c imran nazir b yasir arafat,25,26,36,1,1,96.15,20,8.75,175,6,team1,616be3ab65ff323064b6be39
4,mahmudullah,c umar akmal b shahid afridi,0,2,3,0,0,0.00,20,8.75,175,6,team1,616be3ab65ff323064b6be39
5,nasir hossain,b yasir arafat,16,13,21,2,0,123.07,20,8.75,175,6,team1,616be3ab65ff323064b6be39
6,ziaur rahman,not out,1,1,2,0,0,100.00,20,8.75,175,6,team1,616be3ab65ff323064b6be39
7,mohammad hafeez (c),c †mushfiqur rahim b abul hasan,45,47,65,6,0,95.74,18.4,9.53,178,2,team2,616be3ab65ff323064b6be39
8,imran nazir,c sub (farhad reza) b abul hasan,72,36,61,9,3,200.00,18.4,9.53,178,2,team2,616be3ab65ff323064b6be39
9,nasir jamshed,not out,29,14,23,2,2,207.14,18.4,9.53,178,2,team2,616be3ab65ff323064b6be39
10,kamran akmal †,not out,22,15,20,4,0,146.66,18.4,9.53,178,2,team2,616be3ab65ff323064b6be39
