,player,batting,r,b,m,4s,6s,sr,overs,run_rate,total_run,wickets,team,id
0,mahela jayawardene (c),c shoaib malik b sohail tanvir,2,3,2,0,0,66.66,20,6.60,132,7,team1,616be30465ff323064b6be1a
1,tillakaratne dilshan,c umar gul b sohail tanvir,5,8,13,0,0,62.50,20,6.60,132,7,team1,616be30465ff323064b6be1a
2,kumar sangakkara †,b sohail tanvir,19,12,22,3,0,158.33,20,6.60,132,7,team1,616be30465ff323064b6be1a
3,dinesh chandimal,b mohammad sami,10,15,24,0,0,66.66,20,6.60,132,7,team1,616be30465ff323064b6be1a
4,angelo mathews,b saeed ajmal,9,25,31,0,0,36.00,20,6.60,132,7,team1,616be30465ff323064b6be1a
5,lahiru thirimanne,c umar gul b saeed ajmal,30,25,32,5,0,120.00,20,6.60,132,7,team1,616be30465ff323064b6be1a
6,kaushal lokuarachchi,run out (†shakeel ansar),11,10,11,1,0,110.00,20,6.60,132,7,team1,616be30465ff323064b6be1a
7,thisara perera,not out,32,16,17,2,2,200.00,20,6.60,132,7,team1,616be30465ff323064b6be1a
8,nuwan kulasekara,not out,6,6,15,1,0,100.00,20,6.60,132,7,team1,616be30465ff323064b6be1a
9,mohammad hafeez (c),c dilshan b kulasekara,0,1,1,0,0,0.00,17.4,5.37,95,10,team2,616be30465ff323064b6be1a
10,ahmed shehzad,b senanayake,36,42,80,3,1,85.71,17.4,5.37,95,10,team2,616be30465ff323064b6be1a
11,shakeel ansar †,c dilshan b kulasekara,0,1,1,0,0,0.00,17.4,5.37,95,10,team2,616be30465ff323064b6be1a
12,khalid latif,c †sangakkara b mathews,3,12,19,0,0,25.00,17.4,5.37,95,10,team2,616be30465ff323064b6be1a
13,shoaib malik,c perera b mathews,9,16,24,0,0,56.25,17.4,5.37,95,10,team2,616be30465ff323064b6be1a
14,umar akmal,c kulasekara b malinga,12,10,14,2,0,120.00,17.4,5.37,95,10,team2,616be30465ff323064b6be1a
15,shahid afridi,c lokuarachchi b senanayake,1,2,4,0,0,50.00,17.4,5.37,95,10,team2,616be30465ff323064b6be1a
16,sohail tanvir,run out (dilshan/†sangakkara),1,1,2,0,0,100.00,17.4,5.37,95,10,team2,616be30465ff323064b6be1a
17,umar gul,c thirimanne b malinga,5,10,12,0,0,50.00,17.4,5.37,95,10,team2,616be30465ff323064b6be1a
18,mohammad sami,not out,4,7,9,0,0,57.14,17.4,5.37,95,10,team2,616be30465ff323064b6be1a
19,saeed ajmal,c †sangakkara b perera,5,4,6,1,0,125.00,17.4,5.37,95,10,team2,616be30465ff323064b6be1a
