,player,batting,r,b,m,4s,6s,sr,overs,run_rate,total_run,wickets,team,id
0,tony ura,c †mohammad shahzad b shapoor zadran,5,13,18,0,0,38.46,20,6.35,127,6,team1,616be67b65ff323064b6beeb
1,lega siaka,c †mohammad shahzad b dawlat zadran,5,9,17,0,0,55.55,20,6.35,127,6,team1,616be67b65ff323064b6beeb
2,assad vala,lbw b mirwais ashraf,7,15,25,0,0,46.66,20,6.35,127,6,team1,616be67b65ff323064b6beeb
3,vani morea,lbw b mohammad nabi,9,12,16,1,0,75.00,20,6.35,127,6,team1,616be67b65ff323064b6beeb
4,mahuru dai,c nawroz mangal b shapoor zadran,11,14,21,1,0,78.57,20,6.35,127,6,team1,616be67b65ff323064b6beeb
5,charles amini,not out,37,37,43,1,1,100.00,20,6.35,127,6,team1,616be67b65ff323064b6beeb
6,jack vare (c)†,b hamid hassan,13,10,18,1,0,130.00,20,6.35,127,6,team1,616be67b65ff323064b6beeb
7,norman vanua,not out,22,10,12,3,1,220.00,20,6.35,127,6,team1,616be67b65ff323064b6beeb
8,mohammad shahzad †,c †vare b vanua,0,1,1,0,0,0.00,18.2,6.98,128,4,team2,616be67b65ff323064b6beeb
9,nawroz mangal,not out,65,56,73,2,3,116.07,18.2,6.98,128,4,team2,616be67b65ff323064b6beeb
10,asghar afghan (c),st †vare b amini,22,30,39,2,0,73.33,18.2,6.98,128,4,team2,616be67b65ff323064b6beeb
11,samiullah shinwari,c dai b amini,6,11,12,0,0,54.54,18.2,6.98,128,4,team2,616be67b65ff323064b6beeb
12,mohammad nabi,c dai b vanua,11,9,11,1,0,122.22,18.2,6.98,128,4,team2,616be67b65ff323064b6beeb
13,najibullah zadran,not out,14,6,9,0,2,233.33,18.2,6.98,128,4,team2,616be67b65ff323064b6beeb
