,player,batting,r,b,m,4s,6s,sr,overs,run_rate,total_run,wickets,team,id
0,gautam gambhir,c simmons b bravo,14,13,23,2,0,107.69,20,7.65,153,7,team1,616be1b665ff323064b6bd8e
1,rohit sharma,c simmons b edwards,5,3,6,1,0,166.66,20,7.65,153,7,team1,616be1b665ff323064b6bd8e
2,suresh raina,c †ramdin b edwards,5,8,12,0,0,62.50,20,7.65,153,7,team1,616be1b665ff323064b6bd8e
3,yuvraj singh,c & b edwards,67,43,55,6,2,155.81,20,7.65,153,7,team1,616be1b665ff323064b6bd8e
4,ms dhoni (c)†,c fletcher b bravo,11,23,24,0,0,47.82,20,7.65,153,7,team1,616be1b665ff323064b6bd8e
5,yusuf pathan,b bravo,31,23,27,3,1,134.78,20,7.65,153,7,team1,616be1b665ff323064b6bd8e
6,irfan pathan,c simmons b bravo,2,3,7,0,0,66.66,20,7.65,153,7,team1,616be1b665ff323064b6bd8e
7,harbhajan singh,not out,13,4,3,3,0,325.00,20,7.65,153,7,team1,616be1b665ff323064b6bd8e
8,zaheer khan,not out,0,0,1,0,0,-,20,7.65,153,7,team1,616be1b665ff323064b6bd8e
9,chris gayle (c),c khan b yk pathan,22,28,33,4,0,78.57,18.4,8.35,156,3,team2,616be1b665ff323064b6bd8e
10,andre fletcher,c yuvraj singh b ik pathan,0,2,6,0,0,0.00,18.4,8.35,156,3,team2,616be1b665ff323064b6bd8e
11,lendl simmons,c ik pathan b ojha,44,37,50,5,0,118.91,18.4,8.35,156,3,team2,616be1b665ff323064b6bd8e
12,dwayne bravo,not out,66,36,45,4,3,183.33,18.4,8.35,156,3,team2,616be1b665ff323064b6bd8e
13,shivnarine chanderpaul,not out,18,9,20,3,0,200.00,18.4,8.35,156,3,team2,616be1b665ff323064b6bd8e
