,player,batting,r,b,m,4s,6s,sr,overs,run_rate,total_run,wickets,team,id
0,irfan ahmed,c poynter b young,6,7,6,1,0,85.71,20,6.44,129,8,team1,616be67b65ff323064b6bee8
1,anshy rath,b dockrell,22,35,42,3,0,62.85,20,6.44,129,8,team1,616be67b65ff323064b6bee8
2,nizakat khan,st †wilson b o'brien,25,21,43,1,2,119.04,20,6.44,129,8,team1,616be67b65ff323064b6bee8
3,mark chapman,c thompson b mooney,30,24,45,5,0,125.00,20,6.44,129,8,team1,616be67b65ff323064b6bee8
4,babar hayat,lbw b dockrell,7,6,3,0,1,116.66,20,6.44,129,8,team1,616be67b65ff323064b6bee8
5,jamie atkinson †,b o'brien,9,5,3,2,0,180.00,20,6.44,129,8,team1,616be67b65ff323064b6bee8
6,aizaz khan,c stirling b o'brien,3,7,6,0,0,42.85,20,6.44,129,8,team1,616be67b65ff323064b6bee8
7,tanwir afzal (c),c porterfield b mooney,18,15,17,0,1,120.00,20,6.44,129,8,team1,616be67b65ff323064b6bee8
8,haseeb amjad,not out,0,0,4,0,0,-,20,6.44,129,8,team1,616be67b65ff323064b6bee8
9,andy balbirnie,c aizaz khan b haseeb amjad,9,10,9,2,0,90.00,20,6.20,124,8,team2,616be67b65ff323064b6bee8
10,paul stirling,c nadeem ahmed b irfan ahmed,34,26,37,4,1,130.76,20,6.20,124,8,team2,616be67b65ff323064b6bee8
11,william porterfield (c),b haseeb amjad,28,40,68,2,0,70.00,20,6.20,124,8,team2,616be67b65ff323064b6bee8
12,kevin o'brien,run out (irfan ahmed/nizakat khan),5,10,11,0,0,50.00,20,6.20,124,8,team2,616be67b65ff323064b6bee8
13,gary wilson †,c †atkinson b aizaz khan,16,16,15,2,0,100.00,20,6.20,124,8,team2,616be67b65ff323064b6bee8
14,stuart poynter,c †atkinson b irfan ahmed,7,7,17,1,0,100.00,20,6.20,124,8,team2,616be67b65ff323064b6bee8
15,stuart thompson,run out (tanwir afzal),0,1,1,0,0,0.00,20,6.20,124,8,team2,616be67b65ff323064b6bee8
16,john mooney,not out,18,8,10,2,1,225.00,20,6.20,124,8,team2,616be67b65ff323064b6bee8
17,george dockrell,c babar hayat b irfan ahmed,0,2,2,0,0,0.00,20,6.20,124,8,team2,616be67b65ff323064b6bee8
18,alex cusack,not out,0,0,4,0,0,-,20,6.20,124,8,team2,616be67b65ff323064b6bee8
