,player,batting,r,b,m,4s,6s,sr,overs,run_rate,total_run,wickets,team,id
0,cameron white,c †buttler b jordan,41,37,65,4,1,110.81,20,9.75,195,6,team1,616be51c65ff323064b6be8d
1,aaron finch,c broad b bresnan,30,21,29,1,3,142.85,20,9.75,195,6,team1,616be51c65ff323064b6be8d
2,glenn maxwell,c hales b broad,14,7,7,0,2,200.00,20,9.75,195,6,team1,616be51c65ff323064b6be8d
3,ben cutting,c & b root,29,16,22,1,3,181.25,20,9.75,195,6,team1,616be51c65ff323064b6be8d
4,george bailey (c),not out,49,20,30,4,3,245.00,20,9.75,195,6,team1,616be51c65ff323064b6be8d
5,brad hodge,c dernbach b broad,7,7,7,1,0,100.00,20,9.75,195,6,team1,616be51c65ff323064b6be8d
6,dan christian,b broad,0,2,2,0,0,0.00,20,9.75,195,6,team1,616be51c65ff323064b6be8d
7,matthew wade †,not out,19,10,17,1,1,190.00,20,9.75,195,6,team1,616be51c65ff323064b6be8d
8,luke wright,c cutting b starc,8,12,12,1,0,66.66,17.2,6.40,111,10,team2,616be51c65ff323064b6be8d
9,alex hales,c muirhead b coulter-nile,6,8,16,1,0,75.00,17.2,6.40,111,10,team2,616be51c65ff323064b6be8d
10,ben stokes,c cutting b maxwell,5,4,9,1,0,125.00,17.2,6.40,111,10,team2,616be51c65ff323064b6be8d
11,joe root,c cutting b maxwell,11,21,22,1,0,52.38,17.2,6.40,111,10,team2,616be51c65ff323064b6be8d
12,eoin morgan,c starc b cutting,34,20,31,2,2,170.00,17.2,6.40,111,10,team2,616be51c65ff323064b6be8d
13,jos buttler †,c maxwell b christian,8,9,11,1,0,88.88,17.2,6.40,111,10,team2,616be51c65ff323064b6be8d
14,ravi bopara,b coulter-nile,4,5,10,0,0,80.00,17.2,6.40,111,10,team2,616be51c65ff323064b6be8d
15,tim bresnan,st †wade b muirhead,14,7,9,1,1,200.00,17.2,6.40,111,10,team2,616be51c65ff323064b6be8d
16,chris jordan,not out,10,12,16,2,0,83.33,17.2,6.40,111,10,team2,616be51c65ff323064b6be8d
17,stuart broad (c),b muirhead,2,4,7,0,0,50.00,17.2,6.40,111,10,team2,616be51c65ff323064b6be8d
18,jade dernbach,run out (christian/†wade),1,2,6,0,0,50.00,17.2,6.40,111,10,team2,616be51c65ff323064b6be8d
