,player,batting,r,b,m,4s,6s,sr,overs,run_rate,total_run,wickets,team,id
0,salman butt,c thushara b mendis,44,41,72,4,1,107.31,20,6.60,132,7,team1,616be0ff65ff323064b6bd71
1,shoaib khan,c & b fernando,0,5,7,0,0,0.00,20,6.60,132,7,team1,616be0ff65ff323064b6bd71
2,shahid afridi,c mubarak b thushara,14,13,18,1,0,107.69,20,6.60,132,7,team1,616be0ff65ff323064b6bd71
3,younis khan,run out (weeraratne),0,4,6,0,0,0.00,20,6.60,132,7,team1,616be0ff65ff323064b6bd71
4,shoaib malik (c),c mubarak b mendis,19,19,27,1,1,100.00,20,6.60,132,7,team1,616be0ff65ff323064b6bd71
5,misbah-ul-haq,not out,23,25,38,2,0,92.00,20,6.60,132,7,team1,616be0ff65ff323064b6bd71
6,fawad alam,c & b maharoof,2,4,11,0,0,50.00,20,6.60,132,7,team1,616be0ff65ff323064b6bd71
7,kamran akmal †,st †dilshan b mendis,12,8,11,1,0,150.00,20,6.60,132,7,team1,616be0ff65ff323064b6bd71
8,umar gul,not out,2,1,2,0,0,200.00,20,6.60,132,7,team1,616be0ff65ff323064b6bd71
9,sanath jayasuriya,b shoaib malik,40,34,45,3,2,117.64,19,7.00,133,5,team2,616be0ff65ff323064b6bd71
10,mahela udawatte,c shoaib akhtar b shahid afridi,25,19,37,3,1,131.57,19,7.00,133,5,team2,616be0ff65ff323064b6bd71
11,mahela jayawardene (c),b shoaib malik,5,12,14,0,0,41.66,19,7.00,133,5,team2,616be0ff65ff323064b6bd71
12,jehan mubarak,lbw b fawad alam,8,11,15,0,0,72.72,19,7.00,133,5,team2,616be0ff65ff323064b6bd71
13,chamara kapugedera,not out,17,22,37,2,0,77.27,19,7.00,133,5,team2,616be0ff65ff323064b6bd71
14,kaushalya weeraratne,b umar gul,12,10,13,2,0,120.00,19,7.00,133,5,team2,616be0ff65ff323064b6bd71
15,tillakaratne dilshan †,not out,7,9,15,0,0,77.77,19,7.00,133,5,team2,616be0ff65ff323064b6bd71
