,player,batting,r,b,m,4s,6s,sr,overs,run_rate,total_run,wickets,team,id
0,michael swart,run out (chatara),3,8,15,0,0,37.50,20,7.00,140,5,team1,616be51c65ff323064b6be9e
1,stephan myburgh,lbw b utseya,0,1,2,0,0,0.00,20,7.00,140,5,team1,616be51c65ff323064b6be9e
2,wesley barresi †,b panyangara,12,6,6,3,0,200.00,20,7.00,140,5,team1,616be51c65ff323064b6be9e
3,peter borren (c),c chigumbura b utseya,8,7,12,2,0,114.28,20,7.00,140,5,team1,616be51c65ff323064b6be9e
4,tom cooper,not out,72,58,62,9,1,124.13,20,7.00,140,5,team1,616be51c65ff323064b6be9e
5,ben cooper,c panyangara b m'shangwe,20,24,13,1,0,83.33,20,7.00,140,5,team1,616be51c65ff323064b6be9e
6,mudassar bukhari,not out,14,16,25,0,0,87.50,20,7.00,140,5,team1,616be51c65ff323064b6be9e
7,hamilton masakadza,b seelaar,43,45,53,3,1,95.55,20,7.29,146,5,team2,616be51c65ff323064b6be9e
8,sikandar raza,c seelaar b ahsan malik,13,12,19,2,0,108.33,20,7.29,146,5,team2,616be51c65ff323064b6be9e
9,brendan taylor (c)†,c borren b van der gugten,49,39,57,2,1,125.64,20,7.29,146,5,team2,616be51c65ff323064b6be9e
10,elton chigumbura,c borren b seelaar,0,2,2,0,0,0.00,20,7.29,146,5,team2,616be51c65ff323064b6be9e
11,sean williams,run out (ahsan malik),26,19,29,2,0,136.84,20,7.29,146,5,team2,616be51c65ff323064b6be9e
12,vusi sibanda,not out,9,3,9,0,1,300.00,20,7.29,146,5,team2,616be51c65ff323064b6be9e
13,timycen maruma,not out,0,0,1,0,0,-,20,7.29,146,5,team2,616be51c65ff323064b6be9e
