,player,batting,r,b,m,4s,6s,sr,overs,run_rate,total_run,wickets,team,id
0,chris gayle (c),c broad b collingwood,61,37,55,8,1,164.86,20,8.45,169,7,team1,616be07165ff323064b6bd34
1,lendl simmons,c broad b anderson,9,12,22,2,0,75.00,20,8.45,169,7,team1,616be07165ff323064b6bd34
2,austin richards,lbw b broad,10,15,12,1,0,66.66,20,8.45,169,7,team1,616be07165ff323064b6bd34
3,marlon samuels,c mascarenhas b collingwood,42,20,23,3,3,210.00,20,8.45,169,7,team1,616be07165ff323064b6bd34
4,denesh ramdin †,c collingwood b sidebottom,10,8,14,1,0,125.00,20,8.45,169,7,team1,616be07165ff323064b6bd34
5,runako morton,c & b sidebottom,18,16,12,0,1,112.50,20,8.45,169,7,team1,616be07165ff323064b6bd34
6,dwayne smith,run out (pietersen/†prior),5,4,5,0,0,125.00,20,8.45,169,7,team1,616be07165ff323064b6bd34
7,dwayne bravo,not out,0,1,6,0,0,0.00,20,8.45,169,7,team1,616be07165ff323064b6bd34
8,daren sammy,not out,7,7,3,0,0,100.00,20,8.45,169,7,team1,616be07165ff323064b6bd34
9,alastair cook,b powell,9,9,13,2,0,100.00,19.3,8.87,173,5,team2,616be07165ff323064b6bd34
10,matt prior †,b rampaul,22,14,19,4,0,157.14,19.3,8.87,173,5,team2,616be07165ff323064b6bd34
11,jonathan trott,c †ramdin b rampaul,2,5,9,0,0,40.00,19.3,8.87,173,5,team2,616be07165ff323064b6bd34
12,kevin pietersen,c & b sammy,19,15,17,3,0,126.66,19.3,8.87,173,5,team2,616be07165ff323064b6bd34
13,paul collingwood (c),st †ramdin b samuels,27,24,30,1,1,112.50,19.3,8.87,173,5,team2,616be07165ff323064b6bd34
14,owais shah,not out,55,35,43,7,0,157.14,19.3,8.87,173,5,team2,616be07165ff323064b6bd34
15,dimitri mascarenhas,not out,18,16,25,1,0,112.50,19.3,8.87,173,5,team2,616be07165ff323064b6bd34
