,player,batting,r,b,m,4s,6s,sr,overs,run_rate,total_run,wickets,team,id
0,mohammad shahzad †,b bilal khan,60,46,-,4,3,130.43,20,8.00,160,4,team1,616be67b65ff323064b6bf0a
1,usman ghani,c mohammad nadeem b bilal khan,5,7,-,1,0,71.42,20,8.00,160,4,team1,616be67b65ff323064b6bf0a
2,asghar afghan (c),lbw b zeeshan maqsood,19,19,-,2,0,100.00,20,8.00,160,4,team1,616be67b65ff323064b6bf0a
3,karim sadiq,c jatinder singh b zeeshan maqsood,24,19,-,4,0,126.31,20,8.00,160,4,team1,616be67b65ff323064b6bf0a
4,shafiqullah,not out,32,18,-,1,2,177.77,20,8.00,160,4,team1,616be67b65ff323064b6bf0a
5,gulbadin naib,not out,18,11,-,0,0,163.63,20,8.00,160,4,team1,616be67b65ff323064b6bf0a
6,zeeshan maqsood,c gulbadin naib b rokhan barakzai,24,14,-,4,1,171.42,20,7.40,148,8,team2,616be67b65ff323064b6bf0a
7,aqib ilyas,c shafiqullah b sayed shirzad,3,8,-,0,0,37.50,20,7.40,148,8,team2,616be67b65ff323064b6bf0a
8,khawar ali,c & b nasim baras,38,40,-,3,1,95.00,20,7.40,148,8,team2,616be67b65ff323064b6bf0a
9,jatinder singh,c karim sadiq b rokhan barakzai,28,26,-,2,0,107.69,20,7.40,148,8,team2,616be67b65ff323064b6bf0a
10,adnan ilyas,b yamin ahmadzai,20,14,-,0,1,142.85,20,7.40,148,8,team2,616be67b65ff323064b6bf0a
11,aamir kaleem,c †mohammad shahzad b sayed shirzad,8,5,-,1,0,160.00,20,7.40,148,8,team2,616be67b65ff323064b6bf0a
12,sultan ahmed (c)†,lbw b yamin ahmadzai,0,1,-,0,0,0.00,20,7.40,148,8,team2,616be67b65ff323064b6bf0a
13,ajay lalcheta,not out,14,9,-,2,0,155.55,20,7.40,148,8,team2,616be67b65ff323064b6bf0a
14,mohammad nadeem,c sub (mirwais ashraf) b yamin ahmadzai,6,3,-,1,0,200.00,20,7.40,148,8,team2,616be67b65ff323064b6bf0a
15,bilal khan,not out,0,0,-,0,0,-,20,7.40,148,8,team2,616be67b65ff323064b6bf0a
