,player,batting,r,b,m,4s,6s,sr,overs,run_rate,total_run,wickets,team,id
0,nasir jamshed,st †de kock b phangiso,19,19,33,3,0,100.00,20,8.79,176,4,team1,616be46a65ff323064b6be80
1,ahmed shehzad,c amla b parnell,9,11,17,0,1,81.81,20,8.79,176,4,team1,616be46a65ff323064b6be80
2,mohammad hafeez (c),c de villiers b steyn,63,41,53,5,3,153.65,20,8.79,176,4,team1,616be46a65ff323064b6be80
3,umar akmal †,c duminy b steyn,64,37,55,5,4,172.97,20,8.79,176,4,team1,616be46a65ff323064b6be80
4,shahid afridi,not out,13,14,17,2,0,92.85,20,8.79,176,4,team1,616be46a65ff323064b6be80
5,sohaib maqsood,not out,0,0,1,0,0,-,20,8.79,176,4,team1,616be46a65ff323064b6be80
6,hashim amla,c bilawal bhatti b saeed ajmal,48,40,67,5,0,120.00,20,8.50,170,4,team2,616be46a65ff323064b6be80
7,quinton de kock †,c nasir jamshed b shahid afridi,26,24,30,4,0,108.33,20,8.50,170,4,team2,616be46a65ff323064b6be80
8,faf du plessis (c),c mohammad hafeez b shahid afridi,6,10,9,0,0,60.00,20,8.50,170,4,team2,616be46a65ff323064b6be80
9,ab de villiers,b shahid afridi,13,8,7,2,0,162.50,20,8.50,170,4,team2,616be46a65ff323064b6be80
10,jean-paul duminy,not out,47,26,41,3,2,180.76,20,8.50,170,4,team2,616be46a65ff323064b6be80
11,david miller,not out,22,13,24,1,1,169.23,20,8.50,170,4,team2,616be46a65ff323064b6be80
