,player,batting,r,b,m,4s,6s,sr,overs,run_rate,total_run,wickets,team,id
0,shaiman anwar,c †taylor b chatara,6,6,4,1,0,100.00,20,5.80,116,9,team1,616be51c65ff323064b6bea2
1,faizan asif,run out (sikandar raza),1,3,7,0,0,33.33,20,5.80,116,9,team1,616be51c65ff323064b6bea2
2,khurram khan (c),c chigumbura b williams,26,27,31,3,0,96.29,20,5.80,116,9,team1,616be51c65ff323064b6bea2
3,swapnil patil †,lbw b sikandar raza,30,26,33,5,0,115.38,20,5.80,116,9,team1,616be51c65ff323064b6bea2
4,rohan mustafa,run out (chatara/†taylor),4,8,12,0,0,50.00,20,5.80,116,9,team1,616be51c65ff323064b6bea2
5,amjad ali,lbw b williams,1,4,3,0,0,25.00,20,5.80,116,9,team1,616be51c65ff323064b6bea2
6,amjad javed,c panyangara b sikandar raza,8,10,16,0,0,80.00,20,5.80,116,9,team1,616be51c65ff323064b6bea2
7,ahmed raza,c m'shangwe b williams,0,4,1,0,0,0.00,20,5.80,116,9,team1,616be51c65ff323064b6bea2
8,shadeep silva,not out,13,16,24,1,0,81.25,20,5.80,116,9,team1,616be51c65ff323064b6bea2
9,kamran shazad,b chatara,21,15,13,1,2,140.00,20,5.80,116,9,team1,616be51c65ff323064b6bea2
10,manjula guruge,not out,1,1,1,0,0,100.00,20,5.80,116,9,team1,616be51c65ff323064b6bea2
11,hamilton masakadza,b guruge,2,4,5,0,0,50.00,13.4,8.63,118,5,team2,616be51c65ff323064b6bea2
12,sikandar raza,c kamran shazad b ahmed raza,9,14,28,1,0,64.28,13.4,8.63,118,5,team2,616be51c65ff323064b6bea2
13,brendan taylor (c)†,c shaiman anwar b silva,15,7,5,2,1,214.28,13.4,8.63,118,5,team2,616be51c65ff323064b6bea2
14,sean williams,c & b guruge,0,3,3,0,0,0.00,13.4,8.63,118,5,team2,616be51c65ff323064b6bea2
15,vusi sibanda,c & b khurram khan,16,19,24,0,1,84.21,13.4,8.63,118,5,team2,616be51c65ff323064b6bea2
16,elton chigumbura,not out,53,21,28,6,3,252.38,13.4,8.63,118,5,team2,616be51c65ff323064b6bea2
17,timycen maruma,not out,22,14,18,3,0,157.14,13.4,8.63,118,5,team2,616be51c65ff323064b6bea2
