,player,batting,r,b,m,4s,6s,sr,overs,run_rate,total_run,wickets,team,id
0,anshy rath,c lalcheta b bilal khan,5,4,-,1,0,125.00,20,5.30,106,9,team1,616be67b65ff323064b6bf02
1,waqas barkat,c †sultan ahmed b ansari,5,9,-,0,0,55.55,20,5.30,106,9,team1,616be67b65ff323064b6bf02
2,babar hayat,c adnan ilyas b bilal khan,16,7,-,4,0,228.57,20,5.30,106,9,team1,616be67b65ff323064b6bf02
3,mark chapman,c †sultan ahmed b mehran khan,18,21,-,2,0,85.71,20,5.30,106,9,team1,616be67b65ff323064b6bf02
4,nizakat khan,b lalcheta,1,2,-,0,0,50.00,20,5.30,106,9,team1,616be67b65ff323064b6bf02
5,tanwir afzal (c),c lalcheta b mehran khan,7,11,-,0,0,63.63,20,5.30,106,9,team1,616be67b65ff323064b6bf02
6,christopher carter †,c adnan ilyas b bilal khan,15,21,-,1,0,71.42,20,5.30,106,9,team1,616be67b65ff323064b6bf02
7,waqas khan,run out (khawar ali),19,28,-,1,0,67.85,20,5.30,106,9,team1,616be67b65ff323064b6bf02
8,aizaz khan,not out,7,6,-,0,0,116.66,20,5.30,106,9,team1,616be67b65ff323064b6bf02
9,haseeb amjad,run out (†sultan ahmed),1,2,-,0,0,50.00,20,5.30,106,9,team1,616be67b65ff323064b6bf02
10,nadeem ahmed,not out,6,9,-,0,0,66.66,20,5.30,106,9,team1,616be67b65ff323064b6bf02
11,khawar ali,lbw b tanwir afzal,4,7,-,0,0,57.14,18.3,5.78,107,4,team2,616be67b65ff323064b6bf02
12,aqib ilyas,c †carter b aizaz khan,12,14,-,1,0,85.71,18.3,5.78,107,4,team2,616be67b65ff323064b6bf02
13,jatinder singh,b anshuman rath,16,22,-,1,0,72.72,18.3,5.78,107,4,team2,616be67b65ff323064b6bf02
14,adnan ilyas,b tanwir afzal,1,4,-,0,0,25.00,18.3,5.78,107,4,team2,616be67b65ff323064b6bf02
15,zeeshan siddiqui,not out,33,32,-,4,0,103.12,18.3,5.78,107,4,team2,616be67b65ff323064b6bf02
16,sultan ahmed (c)†,not out,37,32,-,4,0,115.62,18.3,5.78,107,4,team2,616be67b65ff323064b6bf02
