,player,batting,r,b,m,4s,6s,sr,overs,run_rate,total_run,wickets,team,id
0,faizan asif,c van der gugten b ahsan malik,17,13,20,2,1,130.76,20,5.95,119,7,team1,616be5d165ff323064b6bee0
1,mohammad shahzad,b van der gugten,13,10,13,2,0,130.00,20,5.95,119,7,team1,616be5d165ff323064b6bee0
2,shaiman anwar,c ahsan malik b rippon,15,21,32,1,0,71.42,20,5.95,119,7,team1,616be5d165ff323064b6bee0
3,swapnil patil †,b rippon,34,33,27,3,0,103.03,20,5.95,119,7,team1,616be5d165ff323064b6bee0
4,abdul shakoor,b van der merwe,7,12,15,0,0,58.33,20,5.95,119,7,team1,616be5d165ff323064b6bee0
5,fayyaz ahmed,c swart b van der merwe,11,12,11,2,0,91.66,20,5.95,119,7,team1,616be5d165ff323064b6bee0
6,umair ali,not out,8,7,13,1,0,114.28,20,5.95,119,7,team1,616be5d165ff323064b6bee0
7,mohammad naveed,c borren b ahsan malik,9,10,11,1,0,90.00,20,5.95,119,7,team1,616be5d165ff323064b6bee0
8,mohammad tauqir (c),not out,0,2,1,0,0,0.00,20,5.95,119,7,team1,616be5d165ff323064b6bee0
9,wesley barresi †,c fayyaz ahmed b mohammad naveed,18,16,21,3,0,112.50,17.1,7.28,125,3,team2,616be5d165ff323064b6bee0
10,stephan myburgh,c mohammad tauqir b guruge,10,10,11,2,0,100.00,17.1,7.28,125,3,team2,616be5d165ff323064b6bee0
11,ben cooper,not out,50,38,52,3,3,131.57,17.1,7.28,125,3,team2,616be5d165ff323064b6bee0
12,michael swart,b fayyaz ahmed,19,29,32,1,0,65.51,17.1,7.28,125,3,team2,616be5d165ff323064b6bee0
13,peter borren (c),not out,23,10,10,3,1,230.00,17.1,7.28,125,3,team2,616be5d165ff323064b6bee0
