,player,batting,r,b,m,4s,6s,sr,overs,run_rate,total_run,wickets,team,id
0,david warner,c aftab ahmed b shakib al hasan,16,11,17,2,1,145.45,20,7.05,141,7,team1,616be25c65ff323064b6bdc7
1,shane watson,c aftab ahmed b mashrafe mortaza,4,7,10,0,0,57.14,20,7.05,141,7,team1,616be25c65ff323064b6bdc7
2,michael clarke (c),c jahurul islam b mohammad ashraful,16,21,27,0,1,76.19,20,7.05,141,7,team1,616be25c65ff323064b6bdc7
3,brad haddin †,c shafiul islam b abdur razzak,6,9,9,0,0,66.66,20,7.05,141,7,team1,616be25c65ff323064b6bdc7
4,david hussey,c †mushfiqur rahim b mashrafe mortaza,9,13,15,0,0,69.23,20,7.05,141,7,team1,616be25c65ff323064b6bdc7
5,cameron white,b shakib al hasan,8,11,11,0,0,72.72,20,7.05,141,7,team1,616be25c65ff323064b6bdc7
6,michael hussey,not out,47,29,37,4,1,162.06,20,7.05,141,7,team1,616be25c65ff323064b6bdc7
7,steven smith,run out (†mushfiqur rahim),27,18,29,1,2,150.00,20,7.05,141,7,team1,616be25c65ff323064b6bdc7
8,ryan harris,not out,2,1,1,0,0,200.00,20,7.05,141,7,team1,616be25c65ff323064b6bdc7
9,imrul kayes,c dj hussey b tait,0,6,2,0,0,0.00,18.4,6.10,114,10,team2,616be25c65ff323064b6bdc7
10,mohammad ashraful,c tait b nannes,0,3,5,0,0,0.00,18.4,6.10,114,10,team2,616be25c65ff323064b6bdc7
11,aftab ahmed,c warner b nannes,1,3,12,0,0,33.33,18.4,6.10,114,10,team2,616be25c65ff323064b6bdc7
12,shakib al hasan (c),c mek hussey b smith,28,28,35,0,1,100.00,18.4,6.10,114,10,team2,616be25c65ff323064b6bdc7
13,mahmudullah,c mek hussey b nannes,2,3,2,0,0,66.66,18.4,6.10,114,10,team2,616be25c65ff323064b6bdc7
14,mushfiqur rahim †,c mek hussey b dj hussey,24,25,31,2,1,96.00,18.4,6.10,114,10,team2,616be25c65ff323064b6bdc7
15,naeem islam,c smith b dj hussey,7,6,2,0,1,116.66,18.4,6.10,114,10,team2,616be25c65ff323064b6bdc7
16,jahurul islam,c clarke b nannes,18,12,17,1,1,150.00,18.4,6.10,114,10,team2,616be25c65ff323064b6bdc7
17,shafiul islam,b smith,16,13,7,1,1,123.07,18.4,6.10,114,10,team2,616be25c65ff323064b6bdc7
18,mashrafe mortaza,b harris,6,5,10,1,0,120.00,18.4,6.10,114,10,team2,616be25c65ff323064b6bdc7
19,abdur razzak,not out,3,8,6,0,0,37.50,18.4,6.10,114,10,team2,616be25c65ff323064b6bdc7
