,player,batting,r,b,m,4s,6s,sr,overs,run_rate,total_run,wickets,team,id
0,gautam gambhir,c bresnan b wright,17,27,52,1,0,62.96,20,8.85,177,8,team1,616be3ab65ff323064b6be4d
1,ajinkya rahane,c root b dernbach,3,5,8,0,0,60.00,20,8.85,177,8,team1,616be3ab65ff323064b6be4d
2,virat kohli,lbw b meaker,38,20,25,7,0,190.00,20,8.85,177,8,team1,616be3ab65ff323064b6be4d
3,yuvraj singh,c root b wright,4,5,6,0,0,80.00,20,8.85,177,8,team1,616be3ab65ff323064b6be4d
4,rohit sharma,b tredwell,24,19,28,1,1,126.31,20,8.85,177,8,team1,616be3ab65ff323064b6be4d
5,suresh raina,not out,35,24,50,3,1,145.83,20,8.85,177,8,team1,616be3ab65ff323064b6be4d
6,ms dhoni (c)†,c patel b bresnan,38,18,23,3,2,211.11,20,8.85,177,8,team1,616be3ab65ff323064b6be4d
7,ravichandran ashwin,c lumb b dernbach,1,3,5,0,0,33.33,20,8.85,177,8,team1,616be3ab65ff323064b6be4d
8,piyush chawla,run out (hales/†buttler),0,1,3,0,0,0.00,20,8.85,177,8,team1,616be3ab65ff323064b6be4d
9,michael lumb,st †dhoni b yuvraj singh,50,34,43,6,2,147.05,20,9.05,181,4,team2,616be3ab65ff323064b6be4d
10,alex hales,c dinda b yuvraj singh,42,33,74,4,1,127.27,20,9.05,181,4,team2,616be3ab65ff323064b6be4d
11,luke wright,lbw b yuvraj singh,5,10,15,0,0,50.00,20,9.05,181,4,team2,616be3ab65ff323064b6be4d
12,eoin morgan (c),not out,49,26,51,5,2,188.46,20,9.05,181,4,team2,616be3ab65ff323064b6be4d
13,samit patel,c gambhir b dinda,9,10,17,1,0,90.00,20,9.05,181,4,team2,616be3ab65ff323064b6be4d
14,jos buttler †,not out,15,7,20,1,1,214.28,20,9.05,181,4,team2,616be3ab65ff323064b6be4d
