,player,batting,r,b,m,4s,6s,sr,overs,run_rate,total_run,wickets,team,id
0,shane watson,b pathan,54,32,40,1,6,168.75,20,9.20,184,5,team1,616be25c65ff323064b6bdcb
1,david warner,c †dhoni b yuvraj singh,72,42,54,2,7,171.42,20,9.20,184,5,team1,616be25c65ff323064b6bdcb
2,david hussey,c vijay b nehra,35,22,27,3,2,159.09,20,9.20,184,5,team1,616be25c65ff323064b6bdcb
3,brad haddin †,st †dhoni b yuvraj singh,8,7,9,0,1,114.28,20,9.20,184,5,team1,616be25c65ff323064b6bdcb
4,cameron white,not out,5,6,16,0,0,83.33,20,9.20,184,5,team1,616be25c65ff323064b6bdcb
5,michael hussey,b nehra,8,10,9,0,0,80.00,20,9.20,184,5,team1,616be25c65ff323064b6bdcb
6,steven smith,not out,1,1,1,0,0,100.00,20,9.20,184,5,team1,616be25c65ff323064b6bdcb
7,murali vijay,c white b nannes,2,7,8,0,0,28.57,17.4,7.64,135,10,team2,616be25c65ff323064b6bdcb
8,gautam gambhir,c mek hussey b nannes,9,10,14,2,0,90.00,17.4,7.64,135,10,team2,616be25c65ff323064b6bdcb
9,suresh raina,c clarke b tait,5,5,7,1,0,100.00,17.4,7.64,135,10,team2,616be25c65ff323064b6bdcb
10,rohit sharma,not out,79,46,65,4,6,171.73,17.4,7.64,135,10,team2,616be25c65ff323064b6bdcb
11,yuvraj singh,b nannes,1,2,5,0,0,50.00,17.4,7.64,135,10,team2,616be25c65ff323064b6bdcb
12,ms dhoni (c)†,c dj hussey b smith,2,8,10,0,0,25.00,17.4,7.64,135,10,team2,616be25c65ff323064b6bdcb
13,yusuf pathan,c warner b johnson,1,5,6,0,0,20.00,17.4,7.64,135,10,team2,616be25c65ff323064b6bdcb
14,ravindra jadeja,run out (dj hussey),4,5,6,0,0,80.00,17.4,7.64,135,10,team2,616be25c65ff323064b6bdcb
15,harbhajan singh,c dj hussey b watson,13,11,15,1,1,118.18,17.4,7.64,135,10,team2,616be25c65ff323064b6bdcb
16,zaheer khan,c clarke b tait,9,6,6,0,1,150.00,17.4,7.64,135,10,team2,616be25c65ff323064b6bdcb
17,ashish nehra,b tait,0,1,1,0,0,0.00,17.4,7.64,135,10,team2,616be25c65ff323064b6bdcb
