,player,batting,r,b,m,4s,6s,sr,overs,run_rate,total_run,wickets,team,id
0,mohammad shahzad †,c obuya b ngoche,36,19,-,4,3,189.47,20,8.10,162,6,team1,616be46a65ff323064b6be72
1,karim sadiq,b nm odhiambo,4,7,-,0,0,57.14,20,8.10,162,6,team1,616be46a65ff323064b6be72
2,nawroz mangal,b obuya,9,19,-,0,0,47.36,20,8.10,162,6,team1,616be46a65ff323064b6be72
3,asghar afghan,st †ouma b varaiya,43,34,-,3,2,126.47,20,8.10,162,6,team1,616be46a65ff323064b6be72
4,mohammad nabi (c),c karim b ngoche,26,24,-,1,2,108.33,20,8.10,162,6,team1,616be46a65ff323064b6be72
5,samiullah shinwari,not out,39,14,-,2,4,278.57,20,8.10,162,6,team1,616be46a65ff323064b6be72
6,mirwais ashraf,b aga,1,2,-,0,0,50.00,20,8.10,162,6,team1,616be46a65ff323064b6be72
7,hashmatullah shahidi,not out,1,1,-,0,0,100.00,20,8.10,162,6,team1,616be46a65ff323064b6be72
8,alex obanda,c †mohammad shahzad b shapoor zadran,6,6,-,1,0,100.00,18.4,3.00,56,10,team2,616be46a65ff323064b6be72
9,morris ouma †,b hamid hassan,0,2,-,0,0,0.00,18.4,3.00,56,10,team2,616be46a65ff323064b6be72
10,collins obuya (c),lbw b hamid hassan,1,6,-,0,0,16.66,18.4,3.00,56,10,team2,616be46a65ff323064b6be72
11,irfan karim,b hamid hassan,0,1,-,0,0,0.00,18.4,3.00,56,10,team2,616be46a65ff323064b6be72
12,rakep patel,c shapoor zadran b mirwais ashraf,11,20,-,2,0,55.00,18.4,3.00,56,10,team2,616be46a65ff323064b6be72
13,ragheb aga,c nawroz mangal b amir hamza,3,4,-,0,0,75.00,18.4,3.00,56,10,team2,616be46a65ff323064b6be72
14,nelson odhiambo,c mirwais ashraf b samiullah shinwari,13,36,-,1,0,36.11,18.4,3.00,56,10,team2,616be46a65ff323064b6be72
15,nehemiah odhiambo,b mirwais ashraf,0,1,-,0,0,0.00,18.4,3.00,56,10,team2,616be46a65ff323064b6be72
16,shem ngoche,run out (shapoor zadran),3,10,-,0,0,30.00,18.4,3.00,56,10,team2,616be46a65ff323064b6be72
17,hiren varaiya,not out,7,16,-,0,0,43.75,18.4,3.00,56,10,team2,616be46a65ff323064b6be72
18,elijah otieno,st †mohammad shahzad b samiullah shinwari,8,10,-,0,1,80.00,18.4,3.00,56,10,team2,616be46a65ff323064b6be72
