,player,batting,r,b,m,4s,6s,sr,overs,run_rate,total_run,wickets,team,id
0,mohammad hafeez (c),c thirimanne b lokuarachchi,24,34,43,3,0,70.58,20,6.10,122,6,team1,616be30465ff323064b6be1b
1,ahmed shehzad,lbw b kulasekara,6,6,8,1,0,100.00,20,6.10,122,6,team1,616be30465ff323064b6be1b
2,khalid latif,run out (perera),1,6,11,0,0,16.66,20,6.10,122,6,team1,616be30465ff323064b6be1b
3,umar akmal,lbw b lokuarachchi,5,12,13,0,0,41.66,20,6.10,122,6,team1,616be30465ff323064b6be1b
4,shoaib malik,c dilshan b perera,27,26,47,3,0,103.84,20,6.10,122,6,team1,616be30465ff323064b6be1b
5,shahid afridi,not out,52,33,46,5,1,157.57,20,6.10,122,6,team1,616be30465ff323064b6be1b
6,yasir arafat,c dilshan b kulasekara,2,3,4,0,0,66.66,20,6.10,122,6,team1,616be30465ff323064b6be1b
7,sohail tanvir,not out,0,0,2,0,0,-,20,6.10,122,6,team1,616be30465ff323064b6be1b
8,kumar sangakkara †,c shoaib malik b yasir arafat,8,9,15,1,0,88.88,19.2,5.12,99,10,team2,616be30465ff323064b6be1b
9,tillakaratne dilshan,b shahid afridi,18,21,38,4,0,85.71,19.2,5.12,99,10,team2,616be30465ff323064b6be1b
10,nuwan kulasekara,c shoaib malik b yasir arafat,0,4,2,0,0,0.00,19.2,5.12,99,10,team2,616be30465ff323064b6be1b
11,chamara kapugedera,b shahid afridi,19,23,34,2,1,82.60,19.2,5.12,99,10,team2,616be30465ff323064b6be1b
12,dinesh chandimal,b sohail tanvir,12,18,27,0,0,66.66,19.2,5.12,99,10,team2,616be30465ff323064b6be1b
13,lahiru thirimanne,c †shakeel ansar b mohammad sami,18,19,20,2,0,94.73,19.2,5.12,99,10,team2,616be30465ff323064b6be1b
14,angelo mathews (c),c shahid afridi b yasir arafat,11,11,28,0,0,100.00,19.2,5.12,99,10,team2,616be30465ff323064b6be1b
15,thisara perera,b mohammad sami,0,2,2,0,0,0.00,19.2,5.12,99,10,team2,616be30465ff323064b6be1b
16,kaushal lokuarachchi,st †shakeel ansar b saeed ajmal,0,3,4,0,0,0.00,19.2,5.12,99,10,team2,616be30465ff323064b6be1b
17,sachithra senanayake,c sohail tanvir b mohammad sami,1,4,5,0,0,25.00,19.2,5.12,99,10,team2,616be30465ff323064b6be1b
18,isuru udana,not out,1,2,5,0,0,50.00,19.2,5.12,99,10,team2,616be30465ff323064b6be1b
