,player,batting,r,b,m,4s,6s,sr,overs,run_rate,total_run,wickets,team,id
0,tillakaratne dilshan,c jordan b dernbach,55,47,98,4,2,117.02,20,9.44,189,4,team1,616be51c65ff323064b6bead
1,kusal perera,c †buttler b dernbach,3,6,6,0,0,50.00,20,9.44,189,4,team1,616be51c65ff323064b6bead
2,mahela jayawardene,b jordan,89,51,86,11,3,174.50,20,9.44,189,4,team1,616be51c65ff323064b6bead
3,thisara perera,not out,23,12,22,2,1,191.66,20,9.44,189,4,team1,616be51c65ff323064b6bead
4,kumar sangakkara †,c hales b jordan,0,1,6,0,0,0.00,20,9.44,189,4,team1,616be51c65ff323064b6bead
5,angelo mathews,not out,11,5,10,0,1,220.00,20,9.44,189,4,team1,616be51c65ff323064b6bead
6,michael lumb,b kulasekara,0,5,2,0,0,0.00,19.2,9.82,190,4,team2,616be51c65ff323064b6bead
7,alex hales,not out,116,64,97,11,6,181.25,19.2,9.82,190,4,team2,616be51c65ff323064b6bead
8,moeen ali,c senanayake b kulasekara,0,1,1,0,0,0.00,19.2,9.82,190,4,team2,616be51c65ff323064b6bead
9,eoin morgan,c mathews b kulasekara,57,38,73,7,2,150.00,19.2,9.82,190,4,team2,616be51c65ff323064b6bead
10,jos buttler †,c chandimal b kulasekara,2,3,3,0,0,66.66,19.2,9.82,190,4,team2,616be51c65ff323064b6bead
11,ravi bopara,not out,11,6,15,2,0,183.33,19.2,9.82,190,4,team2,616be51c65ff323064b6bead
