,player,batting,r,b,m,4s,6s,sr,overs,run_rate,total_run,wickets,team,id
0,anton devcich,b mohammad hafeez,21,20,28,3,0,105.00,20,7.19,144,8,team1,616be5d165ff323064b6beca
1,kane williamson (c),b shahid afridi,32,31,40,3,1,103.22,20,7.19,144,8,team1,616be5d165ff323064b6beca
2,dean brownlie,lbw b shahid afridi,0,2,3,0,0,0.00,20,7.19,144,8,team1,616be5d165ff323064b6beca
3,ross taylor,lbw b raza hasan,7,13,21,0,0,53.84,20,7.19,144,8,team1,616be5d165ff323064b6beca
4,tom latham,c anwar ali b umar gul,26,22,26,3,0,118.18,20,7.19,144,8,team1,616be5d165ff323064b6beca
5,luke ronchi †,c ahmed shehzad b sohail tanvir,31,19,21,1,2,163.15,20,7.19,144,8,team1,616be5d165ff323064b6beca
6,james neesham,not out,7,4,20,1,0,175.00,20,7.19,144,8,team1,616be5d165ff323064b6beca
7,daniel vettori,b umar gul,0,3,3,0,0,0.00,20,7.19,144,8,team1,616be5d165ff323064b6beca
8,nathan mccullum,run out (ahmed shehzad/†sarfaraz ahmed),4,3,5,0,0,133.33,20,7.19,144,8,team1,616be5d165ff323064b6beca
9,kyle mills,not out,6,3,5,1,0,200.00,20,7.19,144,8,team1,616be5d165ff323064b6beca
10,sarfaraz ahmed †,lbw b devcich,1,3,2,0,0,33.33,18.5,6.74,127,10,team2,616be5d165ff323064b6beca
11,ahmed shehzad,b vettori,33,36,55,1,0,91.66,18.5,6.74,127,10,team2,616be5d165ff323064b6beca
12,mohammad hafeez,c & b devcich,9,8,10,2,0,112.50,18.5,6.74,127,10,team2,616be5d165ff323064b6beca
13,haris sohail,c latham b henry,3,9,9,0,0,33.33,18.5,6.74,127,10,team2,616be5d165ff323064b6beca
14,saad nasim,c brownlie b neesham,19,21,25,0,1,90.47,18.5,6.74,127,10,team2,616be5d165ff323064b6beca
15,umar akmal,b neesham,10,14,17,1,0,71.42,18.5,6.74,127,10,team2,616be5d165ff323064b6beca
16,shahid afridi (c),c †ronchi b neesham,28,11,23,1,3,254.54,18.5,6.74,127,10,team2,616be5d165ff323064b6beca
17,anwar ali,c williamson b mills,2,4,7,0,0,50.00,18.5,6.74,127,10,team2,616be5d165ff323064b6beca
18,sohail tanvir,c devcich b mills,11,6,15,2,0,183.33,18.5,6.74,127,10,team2,616be5d165ff323064b6beca
19,umar gul,c taylor b mills,0,2,4,0,0,0.00,18.5,6.74,127,10,team2,616be5d165ff323064b6beca
20,raza hasan,not out,0,0,3,0,0,-,18.5,6.74,127,10,team2,616be5d165ff323064b6beca
