,player,batting,r,b,m,4s,6s,sr,overs,run_rate,total_run,wickets,team,id
0,martin guptill,c sikandar raza b williams,33,24,35,5,0,137.50,20,9.89,198,5,team1,616be67b65ff323064b6bef3
1,kane williamson (c),c ervine b muzarabani,20,12,13,4,0,166.66,20,9.89,198,5,team1,616be67b65ff323064b6bef3
2,george worker,b williams,62,38,49,3,4,163.15,20,9.89,198,5,team1,616be67b65ff323064b6bef3
3,grant elliott,c masakadza b cremer,8,9,10,0,0,88.88,20,9.89,198,5,team1,616be67b65ff323064b6bef3
4,luke ronchi †,c ervine b williams,29,19,25,2,1,152.63,20,9.89,198,5,team1,616be67b65ff323064b6bef3
5,colin munro,not out,23,11,21,3,1,209.09,20,9.89,198,5,team1,616be67b65ff323064b6bef3
6,nathan mccullum,not out,18,7,12,2,1,257.14,20,9.89,198,5,team1,616be67b65ff323064b6bef3
7,hamilton masakadza,c †ronchi b milne,6,10,11,1,0,60.00,20,5.90,118,8,team2,616be67b65ff323064b6bef3
8,chamu chibhabha,b neesham,6,6,16,1,0,100.00,20,5.90,118,8,team2,616be67b65ff323064b6bef3
9,craig ervine,b elliott,42,46,78,4,0,91.30,20,5.90,118,8,team2,616be67b65ff323064b6bef3
10,sikandar raza,c †ronchi b mcclenaghan,8,10,13,2,0,80.00,20,5.90,118,8,team2,616be67b65ff323064b6bef3
11,elton chigumbura (c),c munro b mccullum,2,4,6,0,0,50.00,20,5.90,118,8,team2,616be67b65ff323064b6bef3
12,sean williams,c & b sodhi,16,15,17,1,0,106.66,20,5.90,118,8,team2,616be67b65ff323064b6bef3
13,regis chakabva †,c †ronchi b milne,13,17,20,1,0,76.47,20,5.90,118,8,team2,616be67b65ff323064b6bef3
14,graeme cremer,c munro b mcclenaghan,5,7,7,0,0,71.42,20,5.90,118,8,team2,616be67b65ff323064b6bef3
15,prosper utseya,not out,2,2,8,0,0,100.00,20,5.90,118,8,team2,616be67b65ff323064b6bef3
16,chris mpofu,not out,6,3,1,0,1,200.00,20,5.90,118,8,team2,616be67b65ff323064b6bef3
