,player,batting,r,b,m,4s,6s,sr,overs,run_rate,total_run,wickets,team,id
0,stephan myburgh,not out,67,60,-,5,1,111.66,20,6.70,134,5,team1,616be5d165ff323064b6bed6
1,michael swart,run out (karan kc),4,3,-,1,0,133.33,20,6.70,134,5,team1,616be5d165ff323064b6bed6
2,ben cooper,c regmi b karan kc,0,1,-,0,0,0.00,20,6.70,134,5,team1,616be5d165ff323064b6bed6
3,wesley barresi †,run out (sompal kami),6,6,-,1,0,100.00,20,6.70,134,5,team1,616be5d165ff323064b6bed6
4,peter borren (c),b regmi,15,22,-,1,0,68.18,20,6.70,134,5,team1,616be5d165ff323064b6bed6
5,pieter seelaar,lbw b regmi,6,3,-,1,0,200.00,20,6.70,134,5,team1,616be5d165ff323064b6bed6
6,michael rippon,not out,25,25,-,0,0,100.00,20,6.70,134,5,team1,616be5d165ff323064b6bed6
7,subash khakurel †,lbw b ahsan malik,2,7,-,0,0,28.57,20,5.80,116,7,team2,616be5d165ff323064b6bed6
8,gyanendra malla,c cooper b rippon,24,22,-,4,0,109.09,20,5.80,116,7,team2,616be5d165ff323064b6bed6
9,binod bhandari,c van meekeren b ahsan malik,5,9,-,1,0,55.55,20,5.80,116,7,team2,616be5d165ff323064b6bed6
10,paras khadka (c),not out,45,42,-,1,1,107.14,20,5.80,116,7,team2,616be5d165ff323064b6bed6
11,rajesh pulami,run out (van der gugten/borren),13,13,-,0,1,100.00,20,5.80,116,7,team2,616be5d165ff323064b6bed6
12,sharad vesawkar,c mudassar bukhari b van der gugten,10,14,-,1,0,71.42,20,5.80,116,7,team2,616be5d165ff323064b6bed6
13,pradeep airee,c cooper b ahsan malik,6,9,-,0,0,66.66,20,5.80,116,7,team2,616be5d165ff323064b6bed6
14,karan kc,c borren b van der gugten,2,3,-,0,0,66.66,20,5.80,116,7,team2,616be5d165ff323064b6bed6
15,basant regmi,not out,1,1,-,0,0,100.00,20,5.80,116,7,team2,616be5d165ff323064b6bed6
