,player,batting,r,b,m,4s,6s,sr,overs,run_rate,total_run,wickets,team,id
0,dilshan munaweera,run out (mpofu/†taylor),17,19,33,3,0,89.47,20,9.10,182,4,team1,616be3ab65ff323064b6be2e
1,tillakaratne dilshan,c †taylor b cremer,39,28,49,5,0,139.28,20,9.10,182,4,team1,616be3ab65ff323064b6be2e
2,mahela jayawardene (c),run out (waller/cremer),13,18,22,1,0,72.22,20,9.10,182,4,team1,616be3ab65ff323064b6be2e
3,kumar sangakkara †,run out (waller/†taylor),44,26,48,2,1,169.23,20,9.10,182,4,team1,616be3ab65ff323064b6be2e
4,jeevan mendis,not out,43,30,41,4,1,143.33,20,9.10,182,4,team1,616be3ab65ff323064b6be2e
5,thisara perera,not out,6,2,2,0,1,300.00,20,9.10,182,4,team1,616be3ab65ff323064b6be2e
6,hamilton masakadza,b baw mendis,20,23,36,3,0,86.95,17.3,5.71,100,10,team2,616be3ab65ff323064b6be2e
7,vusi sibanda,b baw mendis,11,16,23,1,0,68.75,17.3,5.71,100,10,team2,616be3ab65ff323064b6be2e
8,brendan taylor (c)†,st †sangakkara b baw mendis,0,1,3,0,0,0.00,17.3,5.71,100,10,team2,616be3ab65ff323064b6be2e
9,elton chigumbura,b baw mendis,19,19,36,1,1,100.00,17.3,5.71,100,10,team2,616be3ab65ff323064b6be2e
10,craig ervine,st †sangakkara b bmaj mendis,10,13,14,0,1,76.92,17.3,5.71,100,10,team2,616be3ab65ff323064b6be2e
11,malcolm waller,lbw b bmaj mendis,0,2,1,0,0,0.00,17.3,5.71,100,10,team2,616be3ab65ff323064b6be2e
12,graeme cremer,b bmaj mendis,17,20,22,2,0,85.00,17.3,5.71,100,10,team2,616be3ab65ff323064b6be2e
13,prosper utseya,c jayawardene b baw mendis,1,2,4,0,0,50.00,17.3,5.71,100,10,team2,616be3ab65ff323064b6be2e
14,kyle jarvis,lbw b baw mendis,0,3,1,0,0,0.00,17.3,5.71,100,10,team2,616be3ab65ff323064b6be2e
15,brian vitori,not out,7,4,9,0,0,175.00,17.3,5.71,100,10,team2,616be3ab65ff323064b6be2e
16,chris mpofu,c sub (ld chandimal) b malinga,0,2,5,0,0,0.00,17.3,5.71,100,10,team2,616be3ab65ff323064b6be2e
