,player,batting,r,b,m,4s,6s,sr,overs,run_rate,total_run,wickets,team,id
0,dinesh karthik,c & b malinga,13,12,20,2,0,108.33,20,8.15,163,5,team1,616be25c65ff323064b6bdd3
1,gautam gambhir,c †sangakkara b malinga,41,32,52,3,0,128.12,20,8.15,163,5,team1,616be25c65ff323064b6bdd3
2,suresh raina,c jayawardene b thushara,63,47,61,7,1,134.04,20,8.15,163,5,team1,616be25c65ff323064b6bdd3
3,ms dhoni (c)†,not out,23,19,43,0,1,121.05,20,8.15,163,5,team1,616be25c65ff323064b6bdd3
4,yuvraj singh,c jayawardene b thushara,1,2,2,0,0,50.00,20,8.15,163,5,team1,616be25c65ff323064b6bdd3
5,yusuf pathan,c kapugedera b perera,13,9,10,2,0,144.44,20,8.15,163,5,team1,616be25c65ff323064b6bdd3
6,mahela jayawardene,c pathan b nehra,4,3,2,1,0,133.33,20,8.35,167,5,team2,616be25c65ff323064b6bdd3
7,sanath jayasuriya,c karthik b vinay kumar,0,5,7,0,0,0.00,20,8.35,167,5,team2,616be25c65ff323064b6bdd3
8,tillakaratne dilshan,c yuvraj singh b pathan,33,26,30,5,0,126.92,20,8.35,167,5,team2,616be25c65ff323064b6bdd3
9,kumar sangakkara (c)†,b vinay kumar,46,33,48,2,3,139.39,20,8.35,167,5,team2,616be25c65ff323064b6bdd3
10,angelo mathews,run out (nehra),46,37,50,3,2,124.32,20,8.35,167,5,team2,616be25c65ff323064b6bdd3
11,chamara kapugedera,not out,37,16,27,2,3,231.25,20,8.35,167,5,team2,616be25c65ff323064b6bdd3
12,thisara perera,not out,0,0,1,0,0,-,20,8.35,167,5,team2,616be25c65ff323064b6bdd3
