,player,batting,r,b,m,4s,6s,sr,overs,run_rate,total_run,wickets,team,id
0,adam gilchrist †,b singh,12,5,3,3,0,240.00,20,8.30,166,5,team1,616be07165ff323064b6bd53
1,matthew hayden,b harbhajan singh,17,19,34,1,2,89.47,20,8.30,166,5,team1,616be07165ff323064b6bd53
2,ricky ponting (c),b pathan,76,53,79,13,0,143.39,20,8.30,166,5,team1,616be07165ff323064b6bd53
3,andrew symonds,run out (harbhajan singh/yuvraj singh),20,18,23,1,0,111.11,20,8.30,166,5,team1,616be07165ff323064b6bd53
4,brad hodge,b pathan,2,6,7,0,0,33.33,20,8.30,166,5,team1,616be07165ff323064b6bd53
5,michael clarke,not out,25,15,22,2,0,166.66,20,8.30,166,5,team1,616be07165ff323064b6bd53
6,brad haddin,not out,5,4,6,0,0,125.00,20,8.30,166,5,team1,616be07165ff323064b6bd53
7,gautam gambhir,c ponting b hilfenhaus,63,52,74,6,1,121.15,18.1,9.19,167,3,team2,616be07165ff323064b6bd53
8,virender sehwag,c †gilchrist b lee,5,4,12,1,0,125.00,18.1,9.19,167,3,team2,616be07165ff323064b6bd53
9,robin uthappa,c †gilchrist b clarke,35,26,38,6,0,134.61,18.1,9.19,167,3,team2,616be07165ff323064b6bd53
10,yuvraj singh,not out,31,25,34,1,3,124.00,18.1,9.19,167,3,team2,616be07165ff323064b6bd53
11,ms dhoni (c)†,not out,9,5,11,0,1,180.00,18.1,9.19,167,3,team2,616be07165ff323064b6bd53
