,player,batting,r,b,m,4s,6s,sr,overs,run_rate,total_run,wickets,team,id
0,lou vincent,c karthik b singh,3,6,8,0,0,50.00,20,9.50,190,10,team1,616be07165ff323064b6bd44
1,brendon mccullum †,c gambhir b harbhajan singh,45,31,44,9,0,145.16,20,9.50,190,10,team1,616be07165ff323064b6bd44
2,peter fulton,lbw b harbhajan singh,21,23,28,1,1,91.30,20,9.50,190,10,team1,616be07165ff323064b6bd44
3,ross taylor,lbw b yuvraj singh,11,9,10,0,1,122.22,20,9.50,190,10,team1,616be07165ff323064b6bd44
4,scott styris,run out (yuvraj singh),2,4,6,0,0,50.00,20,9.50,190,10,team1,616be07165ff323064b6bd44
5,craig mcmillan,run out (†dhoni),44,23,35,1,4,191.30,20,9.50,190,10,team1,616be07165ff323064b6bd44
6,jacob oram,c singh b sreesanth,35,15,20,2,3,233.33,20,9.50,190,10,team1,616be07165ff323064b6bd44
7,daniel vettori (c),b singh,15,5,6,3,0,300.00,20,9.50,190,10,team1,616be07165ff323064b6bd44
8,shane bond,run out (†dhoni/singh),4,2,1,1,0,200.00,20,9.50,190,10,team1,616be07165ff323064b6bd44
9,mark gillespie,not out,0,1,2,0,0,0.00,20,9.50,190,10,team1,616be07165ff323064b6bd44
10,jeetan patel,run out (†dhoni/singh),0,1,1,0,0,0.00,20,9.50,190,10,team1,616be07165ff323064b6bd44
11,gautam gambhir,c †mccullum b vettori,51,33,45,5,2,154.54,20,9.00,180,9,team2,616be07165ff323064b6bd44
12,virender sehwag,c styris b oram,40,17,24,6,2,235.29,20,9.00,180,9,team2,616be07165ff323064b6bd44
13,robin uthappa,c & b vettori,0,2,3,0,0,0.00,20,9.00,180,9,team2,616be07165ff323064b6bd44
14,ms dhoni (c)†,run out (vettori/styris),24,20,31,2,0,120.00,20,9.00,180,9,team2,616be07165ff323064b6bd44
15,yuvraj singh,c taylor b patel,5,7,8,0,0,71.42,20,9.00,180,9,team2,616be07165ff323064b6bd44
16,dinesh karthik,c bond b vettori,17,12,18,3,0,141.66,20,9.00,180,9,team2,616be07165ff323064b6bd44
17,irfan pathan,b vettori,11,10,9,2,0,110.00,20,9.00,180,9,team2,616be07165ff323064b6bd44
18,ajit agarkar,run out (vincent),1,2,4,0,0,50.00,20,9.00,180,9,team2,616be07165ff323064b6bd44
19,harbhajan singh,c vettori b bond,7,6,7,1,0,116.66,20,9.00,180,9,team2,616be07165ff323064b6bd44
20,sreesanth,not out,19,10,11,4,0,190.00,20,9.00,180,9,team2,616be07165ff323064b6bd44
21,rp singh,not out,1,1,5,0,0,100.00,20,9.00,180,9,team2,616be07165ff323064b6bd44
