,player,batting,r,b,m,4s,6s,sr,overs,run_rate,total_run,wickets,team,id
0,tillakaratne dilshan,c benn b simmons,74,47,82,11,1,157.44,20,9.60,192,5,team1,616be1b665ff323064b6bd89
1,sanath jayasuriya,lbw b simmons,81,47,55,10,3,172.34,20,9.60,192,5,team1,616be1b665ff323064b6bd89
2,kumar sangakkara (c)†,c fletcher b simmons,5,6,9,0,0,83.33,20,9.60,192,5,team1,616be1b665ff323064b6bd89
3,mahela jayawardene,c †ramdin b simmons,4,7,11,0,0,57.14,20,9.60,192,5,team1,616be1b665ff323064b6bd89
4,jehan mubarak,not out,8,5,13,1,0,160.00,20,9.60,192,5,team1,616be1b665ff323064b6bd89
5,chamara silva,c †ramdin b taylor,7,7,7,1,0,100.00,20,9.60,192,5,team1,616be1b665ff323064b6bd89
6,angelo mathews,not out,3,2,1,0,0,150.00,20,9.60,192,5,team1,616be1b665ff323064b6bd89
7,lendl simmons,c jayawardene b muralitharan,29,19,29,5,0,152.63,20,8.85,177,5,team2,616be1b665ff323064b6bd89
8,andre fletcher,b malinga,13,11,12,1,1,118.18,20,8.85,177,5,team2,616be1b665ff323064b6bd89
9,xavier marshall,c silva b mendis,14,11,16,1,0,127.27,20,8.85,177,5,team2,616be1b665ff323064b6bd89
10,shivnarine chanderpaul,b mendis,1,5,5,0,0,20.00,20,8.85,177,5,team2,616be1b665ff323064b6bd89
11,ramnaresh sarwan,not out,28,26,58,0,0,107.69,20,8.85,177,5,team2,616be1b665ff323064b6bd89
12,dwayne bravo,c mubarak b malinga,51,38,38,5,2,134.21,20,8.85,177,5,team2,616be1b665ff323064b6bd89
13,kieron pollard,not out,19,11,16,3,0,172.72,20,8.85,177,5,team2,616be1b665ff323064b6bd89
