,player,batting,r,b,m,4s,6s,sr,overs,run_rate,total_run,wickets,team,id
0,hamilton masakadza,c raina b vinay kumar,1,3,2,0,0,33.33,20,5.55,111,9,team1,616be25c65ff323064b6bddc
1,brendan taylor,lbw b vinay kumar,15,9,14,2,1,166.66,20,5.55,111,9,team1,616be25c65ff323064b6bddc
2,chamu chibhabha,lbw b chawla,40,30,40,5,1,133.33,20,5.55,111,9,team1,616be25c65ff323064b6bddc
3,tatenda taibu †,c sharma b ashwin,4,6,11,0,0,66.66,20,5.55,111,9,team1,616be25c65ff323064b6bddc
4,craig ervine,b dinda,30,42,44,2,0,71.42,20,5.55,111,9,team1,616be25c65ff323064b6bddc
5,elton chigumbura (c),c vijay b pp ojha,3,9,8,0,0,33.33,20,5.55,111,9,team1,616be25c65ff323064b6bddc
6,greg lamb,lbw b pp ojha,0,1,1,0,0,0.00,20,5.55,111,9,team1,616be25c65ff323064b6bddc
7,prosper utseya,b vinay kumar,6,15,23,0,0,40.00,20,5.55,111,9,team1,616be25c65ff323064b6bddc
8,ray price,b dinda,2,3,1,0,0,66.66,20,5.55,111,9,team1,616be25c65ff323064b6bddc
9,ed rainsford,not out,1,2,5,0,0,50.00,20,5.55,111,9,team1,616be25c65ff323064b6bddc
10,chris mpofu,not out,3,2,2,0,0,150.00,20,5.55,111,9,team1,616be25c65ff323064b6bddc
11,murali vijay,c utseya b mpofu,5,5,3,1,0,100.00,15,7.46,112,4,team2,616be25c65ff323064b6bddc
12,naman ojha †,c †taibu b mpofu,2,9,12,0,0,22.22,15,7.46,112,4,team2,616be25c65ff323064b6bddc
13,suresh raina (c),c chigumbura b price,28,17,28,3,1,164.70,15,7.46,112,4,team2,616be25c65ff323064b6bddc
14,rohit sharma,st †taibu b price,10,15,22,1,0,66.66,15,7.46,112,4,team2,616be25c65ff323064b6bddc
15,virat kohli,not out,26,21,30,3,1,123.80,15,7.46,112,4,team2,616be25c65ff323064b6bddc
16,yusuf pathan,not out,37,24,27,2,3,154.16,15,7.46,112,4,team2,616be25c65ff323064b6bddc
