,player,batting,r,b,m,4s,6s,sr,overs,run_rate,total_run,wickets,team,id
0,faizan asif,c najibullah zadran b mirwais ashraf,28,19,27,4,1,147.36,20,8.19,164,6,team1,616be5d165ff323064b6bede
1,mohammad shahzad,c dawlat zadran b mirwais ashraf,43,28,35,3,3,153.57,20,8.19,164,6,team1,616be5d165ff323064b6bede
2,shaiman anwar,c dawlat zadran b hamid hassan,35,25,36,1,3,140.00,20,8.19,164,6,team1,616be5d165ff323064b6bede
3,swapnil patil †,run out (mirwais ashraf/†mohammad shahzad),8,15,15,0,0,53.33,20,8.19,164,6,team1,616be5d165ff323064b6bede
4,abdul shakoor,not out,20,19,31,2,0,105.26,20,8.19,164,6,team1,616be5d165ff323064b6bede
5,amjad javed,b dawlat zadran,14,8,9,3,0,175.00,20,8.19,164,6,team1,616be5d165ff323064b6bede
6,mohammad naveed,c mohammad nabi b hamid hassan,10,5,4,1,1,200.00,20,8.19,164,6,team1,616be5d165ff323064b6bede
7,umair ali,not out,1,1,2,0,0,100.00,20,8.19,164,6,team1,616be5d165ff323064b6bede
8,mohammad shahzad †,c ahmed raza b umair ali,74,37,43,7,5,200.00,17.2,9.69,168,2,team2,616be5d165ff323064b6bede
9,nawroz mangal,b amjad javed,15,13,17,1,1,115.38,17.2,9.69,168,2,team2,616be5d165ff323064b6bede
10,asghar afghan (c),not out,44,33,51,2,3,133.33,17.2,9.69,168,2,team2,616be5d165ff323064b6bede
11,samiullah shinwari,not out,30,23,26,3,0,130.43,17.2,9.69,168,2,team2,616be5d165ff323064b6bede
