,player,batting,r,b,m,4s,6s,sr,overs,run_rate,total_run,wickets,team,id
0,david warner,c perera b fernando,2,8,-,0,0,25.00,20,6.65,133,8,team1,616be25c65ff323064b6bde6
1,michael clarke (c),c fernando b perera,16,19,-,1,1,84.21,20,6.65,133,8,team1,616be25c65ff323064b6bde6
2,shane watson,c muralitharan b perera,4,7,-,0,0,57.14,20,6.65,133,8,team1,616be25c65ff323064b6bde6
3,david hussey,c †sangakkara b randiv,7,10,-,0,0,70.00,20,6.65,133,8,team1,616be25c65ff323064b6bde6
4,cameron white,c †sangakkara b malinga,8,10,-,0,0,80.00,20,6.65,133,8,team1,616be25c65ff323064b6bde6
5,brad haddin †,c mathews b randiv,35,30,-,3,1,116.66,20,6.65,133,8,team1,616be25c65ff323064b6bde6
6,steven smith,st †sangakkara b randiv,34,23,-,3,1,147.82,20,6.65,133,8,team1,616be25c65ff323064b6bde6
7,john hastings,run out (randiv/†sangakkara),15,8,-,2,0,187.50,20,6.65,133,8,team1,616be25c65ff323064b6bde6
8,clint mckay,not out,6,6,-,1,0,100.00,20,6.65,133,8,team1,616be25c65ff323064b6bde6
9,mahela jayawardene,c †haddin b siddle,24,16,-,5,0,150.00,16.3,8.18,135,3,team2,616be25c65ff323064b6bde6
10,tillakaratne dilshan,st †haddin b smith,41,34,-,6,0,120.58,16.3,8.18,135,3,team2,616be25c65ff323064b6bde6
11,dinesh chandimal,lbw b nannes,2,3,-,0,0,66.66,16.3,8.18,135,3,team2,616be25c65ff323064b6bde6
12,kumar sangakkara (c)†,not out,44,43,-,6,0,102.32,16.3,8.18,135,3,team2,616be25c65ff323064b6bde6
13,thisara perera,not out,17,4,-,1,2,425.00,16.3,8.18,135,3,team2,616be25c65ff323064b6bde6
