,player,batting,r,b,m,4s,6s,sr,overs,run_rate,total_run,wickets,team,id
0,hiral patel,not out,88,61,80,9,2,144.26,20,8.79,176,3,team1,616be1b665ff323064b6bda8
1,rizwan cheema,b botha,34,30,39,5,1,113.33,20,8.79,176,3,team1,616be1b665ff323064b6bda8
2,ashish bagai (c)†,b botha,42,27,37,5,0,155.55,20,8.79,176,3,team1,616be1b665ff323064b6bda8
3,umar bhatti,c & b botha,6,2,1,0,1,300.00,20,8.79,176,3,team1,616be1b665ff323064b6bda8
4,khurram chohan,not out,0,0,1,0,0,-,20,8.79,176,3,team1,616be1b665ff323064b6bda8
5,william porterfield (c),c rizwan cheema b baidwan,19,13,20,3,0,146.15,20,8.60,172,8,team2,616be1b665ff323064b6bda8
6,niall o'brien †,lbw b khurram chohan,50,34,51,5,1,147.05,20,8.60,172,8,team2,616be1b665ff323064b6bda8
7,paul stirling,c rizwan cheema b bhatti,22,17,23,2,1,129.41,20,8.60,172,8,team2,616be1b665ff323064b6bda8
8,kevin o'brien,run out (patel/†bagai),5,2,3,1,0,250.00,20,8.60,172,8,team2,616be1b665ff323064b6bda8
9,gary wilson,b bhatti,26,22,24,4,0,118.18,20,8.60,172,8,team2,616be1b665ff323064b6bda8
10,andre botha,run out (rizwan cheema),11,11,25,1,0,100.00,20,8.60,172,8,team2,616be1b665ff323064b6bda8
11,trent johnston,c osinde b bhatti,2,3,5,0,0,66.66,20,8.60,172,8,team2,616be1b665ff323064b6bda8
12,john mooney,run out (patel),9,5,13,1,0,180.00,20,8.60,172,8,team2,616be1b665ff323064b6bda8
13,andrew white,not out,18,13,13,3,0,138.46,20,8.60,172,8,team2,616be1b665ff323064b6bda8
14,gary kidd,not out,1,1,1,0,0,100.00,20,8.60,172,8,team2,616be1b665ff323064b6bda8
