,player,batting,r,b,m,4s,6s,sr,overs,run_rate,total_run,wickets,team,id
0,richard levi,c munaweera b kulasekara,4,4,2,0,0,100.00,7,11.14,78,4,team1,616be3ab65ff323064b6be34
1,hashim amla,st †sangakkara b herath,16,9,14,3,0,177.77,7,11.14,78,4,team1,616be3ab65ff323064b6be34
2,faf du plessis,c mendis b perera,13,11,29,0,0,118.18,7,11.14,78,4,team1,616be3ab65ff323064b6be34
3,ab de villiers (c)†,c mendis b malinga,30,13,15,1,2,230.76,7,11.14,78,4,team1,616be3ab65ff323064b6be34
4,jean-paul duminy,not out,12,5,5,1,1,240.00,7,11.14,78,4,team1,616be3ab65ff323064b6be34
5,albie morkel,not out,0,0,2,0,0,-,7,11.14,78,4,team1,616be3ab65ff323064b6be34
6,mahela jayawardene (c),c behardien b steyn,4,6,12,1,0,66.66,7,6.57,46,5,team2,616be3ab65ff323064b6be34
7,tillakaratne dilshan,run out (ja morkel/†de villiers),0,0,5,0,0,-,7,6.57,46,5,team2,616be3ab65ff323064b6be34
8,dilshan munaweera,c behardien b ja morkel,13,14,30,1,0,92.85,7,6.57,46,5,team2,616be3ab65ff323064b6be34
9,kumar sangakkara †,c †de villiers b kallis,13,11,13,1,0,118.18,7,6.57,46,5,team2,616be3ab65ff323064b6be34
10,thisara perera,c duminy b steyn,1,3,5,0,0,33.33,7,6.57,46,5,team2,616be3ab65ff323064b6be34
11,jeevan mendis,not out,7,5,8,1,0,140.00,7,6.57,46,5,team2,616be3ab65ff323064b6be34
12,lahiru thirimanne,not out,5,3,2,0,0,166.66,7,6.57,46,5,team2,616be3ab65ff323064b6be34
