,player,batting,r,b,m,4s,6s,sr,overs,run_rate,total_run,wickets,team,id
0,robin peterson,b hopes,34,27,44,3,2,125.92,20,7.80,156,5,team1,616be0ff65ff323064b6bd7d
1,herschelle gibbs,b bracken,20,13,13,1,1,153.84,20,7.80,156,5,team1,616be0ff65ff323064b6bd7d
2,ab de villiers,c white b laughlin,0,5,5,0,0,0.00,20,7.80,156,5,team1,616be0ff65ff323064b6bd7d
3,jean-paul duminy,b harwood,23,28,42,1,0,82.14,20,7.80,156,5,team1,616be0ff65ff323064b6bd7d
4,roelof van der merwe,c †haddin b harwood,48,30,28,2,4,160.00,20,7.80,156,5,team1,616be0ff65ff323064b6bd7d
5,albie morkel,not out,14,10,24,1,1,140.00,20,7.80,156,5,team1,616be0ff65ff323064b6bd7d
6,mark boucher †,not out,9,8,12,0,1,112.50,20,7.80,156,5,team1,616be0ff65ff323064b6bd7d
7,michael clarke,b botha,27,33,43,2,0,81.81,20,6.95,139,8,team2,616be0ff65ff323064b6bd7d
8,david warner,b morkel,20,15,21,2,1,133.33,20,6.95,139,8,team2,616be0ff65ff323064b6bd7d
9,ricky ponting (c),c †boucher b abdulla,1,3,3,0,0,33.33,20,6.95,139,8,team2,616be0ff65ff323064b6bd7d
10,david hussey,c gibbs b van der merwe,27,18,34,3,1,150.00,20,6.95,139,8,team2,616be0ff65ff323064b6bd7d
11,callum ferguson,run out (van der merwe/botha),0,1,2,0,0,0.00,20,6.95,139,8,team2,616be0ff65ff323064b6bd7d
12,cameron white,c duminy b botha,23,22,18,2,1,104.54,20,6.95,139,8,team2,616be0ff65ff323064b6bd7d
13,brad haddin †,not out,16,13,24,0,1,123.07,20,6.95,139,8,team2,616be0ff65ff323064b6bd7d
14,james hopes,c morkel b louw,18,15,15,0,1,120.00,20,6.95,139,8,team2,616be0ff65ff323064b6bd7d
15,nathan bracken,c de villiers b louw,0,1,3,0,0,0.00,20,6.95,139,8,team2,616be0ff65ff323064b6bd7d
16,shane harwood,not out,0,0,-,0,0,-,20,6.95,139,8,team2,616be0ff65ff323064b6bd7d
