,player,batting,r,b,m,4s,6s,sr,overs,run_rate,total_run,wickets,team,id
0,michael swart,c parry b broad,13,15,17,2,0,86.66,20,6.65,133,5,team1,616be51c65ff323064b6beb4
1,stephan myburgh,c hales b bopara,39,31,45,6,1,125.80,20,6.65,133,5,team1,616be51c65ff323064b6beb4
2,wesley barresi †,b jordan,48,45,66,2,2,106.66,20,6.65,133,5,team1,616be51c65ff323064b6beb4
3,tom cooper,c jordan b broad,8,15,18,0,0,53.33,20,6.65,133,5,team1,616be51c65ff323064b6beb4
4,peter borren (c),c parry b broad,7,10,14,1,0,70.00,20,6.65,133,5,team1,616be51c65ff323064b6beb4
5,mudassar bukhari,not out,1,2,5,0,0,50.00,20,6.65,133,5,team1,616be51c65ff323064b6beb4
6,ben cooper,not out,0,2,3,0,0,0.00,20,6.65,133,5,team1,616be51c65ff323064b6beb4
7,alex hales,b mudassar bukhari,12,17,17,2,0,70.58,17.4,4.98,88,10,team2,616be51c65ff323064b6beb4
8,michael lumb,c tlw cooper b mudassar bukhari,6,8,11,0,0,75.00,17.4,4.98,88,10,team2,616be51c65ff323064b6beb4
9,moeen ali,c tlw cooper b borren,3,7,25,0,0,42.85,17.4,4.98,88,10,team2,616be51c65ff323064b6beb4
10,eoin morgan,c borren b van der gugten,6,8,6,1,0,75.00,17.4,4.98,88,10,team2,616be51c65ff323064b6beb4
11,jos buttler †,c seelaar b van beek,6,14,20,0,0,42.85,17.4,4.98,88,10,team2,616be51c65ff323064b6beb4
12,ravi bopara,c seelaar b van beek,18,20,29,0,0,90.00,17.4,4.98,88,10,team2,616be51c65ff323064b6beb4
13,tim bresnan,run out (mudassar bukhari/borren),5,6,7,0,0,83.33,17.4,4.98,88,10,team2,616be51c65ff323064b6beb4
14,chris jordan,c swart b van beek,14,14,17,0,0,100.00,17.4,4.98,88,10,team2,616be51c65ff323064b6beb4
15,stuart broad (c),c †barresi b mudassar bukhari,4,5,12,0,0,80.00,17.4,4.98,88,10,team2,616be51c65ff323064b6beb4
16,james tredwell,not out,8,6,8,1,0,133.33,17.4,4.98,88,10,team2,616be51c65ff323064b6beb4
17,stephen parry,run out (swart/†barresi),1,1,4,0,0,100.00,17.4,4.98,88,10,team2,616be51c65ff323064b6beb4
