,player,batting,r,b,m,4s,6s,sr,overs,run_rate,total_run,wickets,team,id
0,craig kieswetter †,b m morkel,50,32,51,3,3,156.25,11,10.72,118,5,team1,616be3ab65ff323064b6be2d
1,michael lumb,b parnell,5,4,8,1,0,125.00,11,10.72,118,5,team1,616be3ab65ff323064b6be2d
2,luke wright,c amla b botha,6,10,15,0,0,60.00,11,10.72,118,5,team1,616be3ab65ff323064b6be2d
3,eoin morgan,c ontong b botha,5,9,14,0,0,55.55,11,10.72,118,5,team1,616be3ab65ff323064b6be2d
4,jos buttler,not out,32,10,16,2,3,320.00,11,10.72,118,5,team1,616be3ab65ff323064b6be2d
5,jonny bairstow,b m morkel,4,2,2,1,0,200.00,11,10.72,118,5,team1,616be3ab65ff323064b6be2d
6,tim bresnan,not out,1,1,2,0,0,100.00,11,10.72,118,5,team1,616be3ab65ff323064b6be2d
7,richard levi,b bresnan,1,4,5,0,0,25.00,11,8.18,90,5,team2,616be3ab65ff323064b6be2d
8,hashim amla,c bairstow b swann,36,27,33,6,0,133.33,11,8.18,90,5,team2,616be3ab65ff323064b6be2d
9,faf du plessis,c morgan b briggs,8,6,15,1,0,133.33,11,8.18,90,5,team2,616be3ab65ff323064b6be2d
10,ab de villiers (c)†,c bairstow b swann,2,3,3,0,0,66.66,11,8.18,90,5,team2,616be3ab65ff323064b6be2d
11,albie morkel,not out,17,14,24,0,1,121.42,11,8.18,90,5,team2,616be3ab65ff323064b6be2d
12,justin ontong,c morgan b bresnan,10,7,9,0,1,142.85,11,8.18,90,5,team2,616be3ab65ff323064b6be2d
13,jacques kallis,not out,8,5,8,0,0,160.00,11,8.18,90,5,team2,616be3ab65ff323064b6be2d
