,player,batting,r,b,m,4s,6s,sr,overs,run_rate,total_run,wickets,team,id
0,william porterfield (c),b ahsan malik,47,32,36,5,2,146.87,20,9.44,189,4,team1,616be51c65ff323064b6bea3
1,paul stirling,c borren b van der gugten,7,9,14,1,0,77.77,20,9.44,189,4,team1,616be51c65ff323064b6bea3
2,ed joyce,run out (†barresi),28,25,35,1,1,112.00,20,9.44,189,4,team1,616be51c65ff323064b6bea3
3,andrew poynter,c van beek b ahsan malik,57,38,46,4,4,150.00,20,9.44,189,4,team1,616be51c65ff323064b6bea3
4,kevin o'brien,not out,42,16,31,2,4,262.50,20,9.44,189,4,team1,616be51c65ff323064b6bea3
5,peter borren (c),c dockrell b o'brien,31,15,25,4,2,206.66,13.5,13.95,193,4,team2,616be51c65ff323064b6bea3
6,stephan myburgh,c joyce b dockrell,63,23,29,4,7,273.91,13.5,13.95,193,4,team2,616be51c65ff323064b6bea3
7,wesley barresi †,not out,40,22,35,3,3,181.81,13.5,13.95,193,4,team2,616be51c65ff323064b6bea3
8,logan van beek,c porterfield b o'brien,1,3,4,0,0,33.33,13.5,13.95,193,4,team2,616be51c65ff323064b6bea3
9,tom cooper,c o'brien b murtagh,45,15,15,1,6,300.00,13.5,13.95,193,4,team2,616be51c65ff323064b6bea3
10,ben cooper,not out,9,5,11,0,1,180.00,13.5,13.95,193,4,team2,616be51c65ff323064b6bea3
