,player,batting,r,b,m,4s,6s,sr,overs,run_rate,total_run,wickets,team,id
0,mohammad hafeez,b shakib al hasan,25,31,38,2,1,80.64,20,6.75,135,7,team1,616be30465ff323064b6bdfe
1,imran farhat,c †mushfiqur rahim b shakib al hasan,16,10,15,3,0,160.00,20,6.75,135,7,team1,616be30465ff323064b6bdfe
2,asad shafiq,c abdur razzak b nasir hossain,19,22,39,1,0,86.36,20,6.75,135,7,team1,616be30465ff323064b6bdfe
3,umar akmal †,st †mushfiqur rahim b alok kapali,20,14,12,3,0,142.85,20,6.75,135,7,team1,616be30465ff323064b6bdfe
4,misbah-ul-haq (c),not out,21,20,32,1,0,105.00,20,6.75,135,7,team1,616be30465ff323064b6bdfe
5,shoaib malik,c & b abdur razzak,2,3,4,0,0,66.66,20,6.75,135,7,team1,616be30465ff323064b6bdfe
6,shahid afridi,c nasir hossain b alok kapali,8,6,6,0,1,133.33,20,6.75,135,7,team1,616be30465ff323064b6bdfe
7,sohail tanvir,run out (†mushfiqur rahim/shafiul islam),6,13,11,0,0,46.15,20,6.75,135,7,team1,616be30465ff323064b6bdfe
8,umar gul,not out,4,2,4,1,0,200.00,20,6.75,135,7,team1,616be30465ff323064b6bdfe
9,naeem islam,lbw b umar gul,3,9,5,0,0,33.33,20,4.25,85,9,team2,616be30465ff323064b6bdfe
10,imrul kayes,run out (mohammad hafeez/†umar akmal),2,8,24,0,0,25.00,20,4.25,85,9,team2,616be30465ff323064b6bdfe
11,alok kapali,c misbah-ul-haq b mohammad hafeez,0,3,4,0,0,0.00,20,4.25,85,9,team2,616be30465ff323064b6bdfe
12,shakib al hasan,b mohammad hafeez,7,14,17,0,0,50.00,20,4.25,85,9,team2,616be30465ff323064b6bdfe
13,mushfiqur rahim (c)†,run out (imran farhat/†umar akmal),10,18,23,0,0,55.55,20,4.25,85,9,team2,616be30465ff323064b6bdfe
14,mahmudullah,c †umar akmal b aizaz cheema,2,5,6,0,0,40.00,20,4.25,85,9,team2,616be30465ff323064b6bdfe
15,nasir hossain,not out,35,38,44,2,1,92.10,20,4.25,85,9,team2,616be30465ff323064b6bdfe
16,farhad reza,lbw b shahid afridi,6,10,6,0,0,60.00,20,4.25,85,9,team2,616be30465ff323064b6bdfe
17,abdur razzak,c shahid afridi b shoaib malik,9,9,10,1,0,100.00,20,4.25,85,9,team2,616be30465ff323064b6bdfe
18,shafiul islam,lbw b shoaib malik,0,1,1,0,0,0.00,20,4.25,85,9,team2,616be30465ff323064b6bdfe
19,rubel hossain,not out,0,5,11,0,0,0.00,20,4.25,85,9,team2,616be30465ff323064b6bdfe
