,player,batting,r,b,m,4s,6s,sr,overs,run_rate,total_run,wickets,team,id
0,devon smith,run out (ntini),12,7,13,2,0,171.42,20,6.54,131,7,team1,616be0ff65ff323064b6bd57
1,denesh ramdin †,c botha b m morkel,19,26,35,2,1,73.07,20,6.54,131,7,team1,616be0ff65ff323064b6bd57
2,marlon samuels,c †boucher b ntini,4,7,8,1,0,57.14,20,6.54,131,7,team1,616be0ff65ff323064b6bd57
3,shivnarine chanderpaul,c botha b ontong,10,20,39,0,0,50.00,20,6.54,131,7,team1,616be0ff65ff323064b6bd57
4,runako morton,b botha,12,18,19,2,0,66.66,20,6.54,131,7,team1,616be0ff65ff323064b6bd57
5,dwayne bravo (c),c duminy b ntini,24,17,23,0,2,141.17,20,6.54,131,7,team1,616be0ff65ff323064b6bd57
6,rawl lewis,c de villiers b pollock,0,4,4,0,0,0.00,20,6.54,131,7,team1,616be0ff65ff323064b6bd57
7,daren sammy,not out,14,16,24,1,1,87.50,20,6.54,131,7,team1,616be0ff65ff323064b6bd57
8,jerome taylor,not out,7,5,12,0,1,140.00,20,6.54,131,7,team1,616be0ff65ff323064b6bd57
9,herschelle gibbs,b taylor,0,3,2,0,0,0.00,19.2,6.93,134,6,team2,616be0ff65ff323064b6bd57
10,graeme smith (c),b taylor,4,4,13,0,0,100.00,19.2,6.93,134,6,team2,616be0ff65ff323064b6bd57
11,ab de villiers,c †ramdin b sammy,25,22,37,4,0,113.63,19.2,6.93,134,6,team2,616be0ff65ff323064b6bd57
12,jean-paul duminy,c chanderpaul b sammy,13,13,18,2,0,100.00,19.2,6.93,134,6,team2,616be0ff65ff323064b6bd57
13,justin ontong,c bravo b sammy,14,16,21,0,0,87.50,19.2,6.93,134,6,team2,616be0ff65ff323064b6bd57
14,mark boucher †,c lewis b samuels,6,17,24,0,0,35.29,19.2,6.93,134,6,team2,616be0ff65ff323064b6bd57
15,shaun pollock,not out,36,25,35,2,2,144.00,19.2,6.93,134,6,team2,616be0ff65ff323064b6bd57
16,albie morkel,not out,28,16,26,2,2,175.00,19.2,6.93,134,6,team2,616be0ff65ff323064b6bd57
