,player,batting,r,b,m,4s,6s,sr,overs,run_rate,total_run,wickets,team,id
0,kusal perera,c anamul haque b arafat sunny,64,44,61,7,1,145.45,20,8.39,168,7,team1,616be51c65ff323064b6be8e
1,tillakaratne dilshan,b mashrafe mortaza,0,3,4,0,0,0.00,20,8.39,168,7,team1,616be51c65ff323064b6be8e
2,dinesh chandimal (c),c farhad reza b shakib al hasan,18,15,24,2,1,120.00,20,8.39,168,7,team1,616be51c65ff323064b6be8e
3,kumar sangakkara †,c nasir hossain b shakib al hasan,11,6,7,1,0,183.33,20,8.39,168,7,team1,616be51c65ff323064b6be8e
4,seekkuge prasanna,c nasir hossain b arafat sunny,4,4,6,0,0,100.00,20,8.39,168,7,team1,616be51c65ff323064b6be8e
5,angelo mathews,run out (†mohammad mithun/mashrafe mortaza),11,11,23,0,0,100.00,20,8.39,168,7,team1,616be51c65ff323064b6be8e
6,thisara perera,not out,19,16,30,0,0,118.75,20,8.39,168,7,team1,616be51c65ff323064b6be8e
7,nuwan kulasekara,c shamsur rahman b mashrafe mortaza,31,21,21,1,2,147.61,20,8.39,168,7,team1,616be51c65ff323064b6be8e
8,sachithra senanayake,not out,0,0,1,0,0,-,20,8.39,168,7,team1,616be51c65ff323064b6be8e
9,tamim iqbal,c mathews b nltc perera,30,25,35,6,0,120.00,20,8.30,166,7,team2,616be51c65ff323064b6be8e
10,shamsur rahman,c & b mendis,22,15,28,4,0,146.66,20,8.30,166,7,team2,616be51c65ff323064b6be8e
11,anamul haque,c & b nltc perera,58,45,69,7,0,128.88,20,8.30,166,7,team2,616be51c65ff323064b6be8e
12,shakib al hasan,b kulasekara,26,17,22,2,1,152.94,20,8.30,166,7,team2,616be51c65ff323064b6be8e
13,nasir hossain,c nltc perera b malinga,16,13,15,0,1,123.07,20,8.30,166,7,team2,616be51c65ff323064b6be8e
14,mohammad mithun †,c mathews b kulasekara,0,1,2,0,0,0.00,20,8.30,166,7,team2,616be51c65ff323064b6be8e
15,farhad reza,run out (nltc perera/†sangakkara),7,5,12,1,0,140.00,20,8.30,166,7,team2,616be51c65ff323064b6be8e
16,sohag gazi,not out,0,0,6,0,0,-,20,8.30,166,7,team2,616be51c65ff323064b6be8e
