,player,batting,r,b,m,4s,6s,sr,overs,run_rate,total_run,wickets,team,id
0,rohit sharma,c senanayake b herath,29,26,41,3,0,111.53,20,6.50,130,4,team1,616be5d165ff323064b6beba
1,ajinkya rahane,b mathews,3,8,6,0,0,37.50,20,6.50,130,4,team1,616be5d165ff323064b6beba
2,virat kohli,run out (senanayake),77,58,75,5,4,132.75,20,6.50,130,4,team1,616be5d165ff323064b6beba
3,yuvraj singh,c nltc perera b kulasekara,11,21,30,0,0,52.38,20,6.50,130,4,team1,616be5d165ff323064b6beba
4,ms dhoni (c)†,not out,4,7,10,0,0,57.14,20,6.50,130,4,team1,616be5d165ff323064b6beba
5,kusal perera,c jadeja b mm sharma,5,7,4,1,0,71.42,17.5,7.51,134,4,team2,616be5d165ff323064b6beba
6,tillakaratne dilshan,c kohli b ashwin,18,16,27,4,0,112.50,17.5,7.51,134,4,team2,616be5d165ff323064b6beba
7,mahela jayawardene,c ashwin b raina,24,24,34,4,0,100.00,17.5,7.51,134,4,team2,616be5d165ff323064b6beba
8,kumar sangakkara †,not out,52,35,39,6,1,148.57,17.5,7.51,134,4,team2,616be5d165ff323064b6beba
9,lahiru thirimanne,c †dhoni b mishra,7,11,8,1,0,63.63,17.5,7.51,134,4,team2,616be5d165ff323064b6beba
10,thisara perera,not out,23,14,17,0,3,164.28,17.5,7.51,134,4,team2,616be5d165ff323064b6beba
