,player,batting,r,b,m,4s,6s,sr,overs,run_rate,total_run,wickets,team,id
0,tillakaratne dilshan (c)†,c raina b i sharma,61,47,74,7,1,129.78,20,8.55,171,4,team1,616be0ff65ff323064b6bd77
1,sanath jayasuriya,c i sharma b ik pathan,33,17,28,3,2,194.11,20,8.55,171,4,team1,616be0ff65ff323064b6bd77
2,jehan mubarak,c & b yk pathan,13,19,19,1,0,68.42,20,8.55,171,4,team1,616be0ff65ff323064b6bd77
3,chamara kapugedera,c sehwag b yk pathan,16,9,7,3,0,177.77,20,8.55,171,4,team1,616be0ff65ff323064b6bd77
4,chamara silva,not out,21,18,31,2,1,116.66,20,8.55,171,4,team1,616be0ff65ff323064b6bd77
5,kaushalya weeraratne,not out,10,10,13,1,0,100.00,20,8.55,171,4,team1,616be0ff65ff323064b6bd77
6,gautam gambhir,c weeraratne b thushara,13,6,6,3,0,216.66,19.2,9.00,174,7,team2,616be0ff65ff323064b6bd77
7,virender sehwag,run out (kapugedera),1,1,4,0,0,100.00,19.2,9.00,174,7,team2,616be0ff65ff323064b6bd77
8,suresh raina,c de saram b bandara,35,27,48,5,1,129.62,19.2,9.00,174,7,team2,616be0ff65ff323064b6bd77
9,yuvraj singh,c †dilshan b mubarak,32,21,43,3,2,152.38,19.2,9.00,174,7,team2,616be0ff65ff323064b6bd77
10,ms dhoni (c)†,b bandara,13,17,17,1,0,76.47,19.2,9.00,174,7,team2,616be0ff65ff323064b6bd77
11,rohit sharma,c mubarak b jayasuriya,4,11,13,0,0,36.36,19.2,9.00,174,7,team2,616be0ff65ff323064b6bd77
12,ravindra jadeja,b bandara,5,7,7,0,0,71.42,19.2,9.00,174,7,team2,616be0ff65ff323064b6bd77
13,yusuf pathan,not out,22,10,26,1,2,220.00,19.2,9.00,174,7,team2,616be0ff65ff323064b6bd77
14,irfan pathan,not out,33,16,22,2,2,206.25,19.2,9.00,174,7,team2,616be0ff65ff323064b6bd77
