,player,batting,r,b,m,4s,6s,sr,overs,run_rate,total_run,wickets,team,id
0,hamish rutherford,c †sangakkara b kulasekara,3,4,5,0,0,75.00,20,7.10,142,7,team1,616be46a65ff323064b6be7e
1,anton devcich,c kulasekara b mendis,30,23,36,4,1,130.43,20,7.10,142,7,team1,616be46a65ff323064b6be7e
2,neil broom,c mendis b mathews,6,6,7,0,0,100.00,20,7.10,142,7,team1,616be46a65ff323064b6be7e
3,tom latham,c dilshan b rambukwella,20,24,34,1,0,83.33,20,7.10,142,7,team1,616be46a65ff323064b6be7e
4,colin munro,c kulasekara b nltc perera,17,19,27,2,0,89.47,20,7.10,142,7,team1,616be46a65ff323064b6be7e
5,luke ronchi †,not out,34,25,48,3,1,136.00,20,7.10,142,7,team1,616be46a65ff323064b6be7e
6,nathan mccullum,run out (dilshan/†sangakkara),26,16,26,3,0,162.50,20,7.10,142,7,team1,616be46a65ff323064b6be7e
7,rob nicol,lbw b malinga,2,2,3,0,0,100.00,20,7.10,142,7,team1,616be46a65ff323064b6be7e
8,andrew ellis,not out,2,1,2,0,0,200.00,20,7.10,142,7,team1,616be46a65ff323064b6be7e
9,mahela jayawardene,lbw b mcclenaghan,3,4,5,0,0,75.00,17.5,8.01,143,2,team2,616be46a65ff323064b6be7e
10,tillakaratne dilshan,not out,59,49,77,8,0,120.40,17.5,8.01,143,2,team2,616be46a65ff323064b6be7e
11,kusal perera,c & b nicol,57,37,51,6,2,154.05,17.5,8.01,143,2,team2,616be46a65ff323064b6be7e
12,kumar sangakkara †,not out,20,17,21,1,0,117.64,17.5,8.01,143,2,team2,616be46a65ff323064b6be7e
