,player,batting,r,b,m,4s,6s,sr,overs,run_rate,total_run,wickets,team,id
0,craig kieswetter †,lbw b botha,25,24,28,3,1,104.16,20,5.90,118,7,team1,616be3ab65ff323064b6be28
1,alex hales,run out (kallis),11,6,15,2,0,183.33,20,5.90,118,7,team1,616be3ab65ff323064b6be28
2,ravi bopara,c botha b steyn,6,11,19,0,0,54.54,20,5.90,118,7,team1,616be3ab65ff323064b6be28
3,eoin morgan,b botha,10,11,17,1,0,90.90,20,5.90,118,7,team1,616be3ab65ff323064b6be28
4,jonny bairstow,c botha b morkel,15,17,24,1,0,88.23,20,5.90,118,7,team1,616be3ab65ff323064b6be28
5,jos buttler,b peterson,6,9,8,0,0,66.66,20,5.90,118,7,team1,616be3ab65ff323064b6be28
6,samit patel,c kallis b peterson,4,7,12,0,0,57.14,20,5.90,118,7,team1,616be3ab65ff323064b6be28
7,stuart broad (c),not out,18,22,27,1,0,81.81,20,5.90,118,7,team1,616be3ab65ff323064b6be28
8,graeme swann,not out,18,13,19,3,0,138.46,20,5.90,118,7,team1,616be3ab65ff323064b6be28
9,richard levi,c swann b dernbach,8,7,6,2,0,114.28,19,6.26,119,3,team2,616be3ab65ff323064b6be28
10,jacques kallis,not out,48,44,81,7,0,109.09,19,6.26,119,3,team2,616be3ab65ff323064b6be28
11,faf du plessis,lbw b finn,4,3,4,0,0,133.33,19,6.26,119,3,team2,616be3ab65ff323064b6be28
12,ab de villiers (c)†,c †kieswetter b dernbach,10,6,5,2,0,166.66,19,6.26,119,3,team2,616be3ab65ff323064b6be28
13,jean-paul duminy,not out,47,54,62,4,0,87.03,19,6.26,119,3,team2,616be3ab65ff323064b6be28
