,player,batting,r,b,m,4s,6s,sr,overs,run_rate,total_run,wickets,team,id
0,hashim amla,c & b coulter-nile,4,9,8,1,0,44.44,7,11.42,80,1,team1,616be51c65ff323064b6be95
1,quinton de kock †,not out,41,20,37,2,4,205.00,7,11.42,80,1,team1,616be51c65ff323064b6be95
2,faf du plessis (c),not out,27,13,28,2,2,207.69,7,11.42,80,1,team1,616be51c65ff323064b6be95
3,aaron finch,c amla b abbott,5,5,6,1,0,100.00,6.4,12.14,81,5,team2,616be51c65ff323064b6be95
4,david warner,lbw b duminy,40,16,22,5,2,250.00,6.4,12.14,81,5,team2,616be51c65ff323064b6be95
5,shane watson,c abbott b parnell,2,3,11,0,0,66.66,6.4,12.14,81,5,team2,616be51c65ff323064b6be95
6,glenn maxwell,c du plessis b duminy,1,3,7,0,0,33.33,6.4,12.14,81,5,team2,616be51c65ff323064b6be95
7,george bailey (c),run out (miller/†de kock),2,2,8,0,0,100.00,6.4,12.14,81,5,team2,616be51c65ff323064b6be95
8,brad hodge,not out,21,8,12,1,2,262.50,6.4,12.14,81,5,team2,616be51c65ff323064b6be95
9,brad haddin †,not out,4,4,7,0,0,100.00,6.4,12.14,81,5,team2,616be51c65ff323064b6be95
