,player,batting,r,b,m,4s,6s,sr,overs,run_rate,total_run,wickets,team,id
0,dwayne smith,c †kamran akmal b sohail tanvir,8,13,17,2,0,61.53,20,8.30,166,6,team1,616be5d165ff323064b6beb7
1,chris gayle,st †kamran akmal b mohammad hafeez,5,4,10,1,0,125.00,20,8.30,166,6,team1,616be5d165ff323064b6beb7
2,lendl simmons,run out (umar gul),31,29,34,2,2,106.89,20,8.30,166,6,team1,616be5d165ff323064b6beb7
3,marlon samuels,b shahid afridi,20,18,29,1,1,111.11,20,8.30,166,6,team1,616be5d165ff323064b6beb7
4,dwayne bravo,run out (†kamran akmal),46,26,37,2,4,176.92,20,8.30,166,6,team1,616be5d165ff323064b6beb7
5,denesh ramdin †,c umar akmal b zulfiqar babar,5,10,10,0,0,50.00,20,8.30,166,6,team1,616be5d165ff323064b6beb7
6,daren sammy (c),not out,42,20,28,5,2,210.00,20,8.30,166,6,team1,616be5d165ff323064b6beb7
7,andre russell,not out,0,0,4,0,0,-,20,8.30,166,6,team1,616be5d165ff323064b6beb7
8,ahmed shehzad,lbw b santokie,0,1,1,0,0,0.00,17.5,4.59,82,10,team2,616be5d165ff323064b6beb7
9,kamran akmal †,c bravo b badree,0,3,8,0,0,0.00,17.5,4.59,82,10,team2,616be5d165ff323064b6beb7
10,mohammad hafeez (c),c gayle b russell,19,32,44,0,0,59.37,17.5,4.59,82,10,team2,616be5d165ff323064b6beb7
11,umar akmal,st †ramdin b badree,1,5,11,0,0,20.00,17.5,4.59,82,10,team2,616be5d165ff323064b6beb7
12,shoaib malik,st †ramdin b badree,2,6,7,0,0,33.33,17.5,4.59,82,10,team2,616be5d165ff323064b6beb7
13,sohaib maqsood,st †ramdin b narine,18,22,24,1,1,81.81,17.5,4.59,82,10,team2,616be5d165ff323064b6beb7
14,shahid afridi,st †ramdin b narine,18,12,21,0,2,150.00,17.5,4.59,82,10,team2,616be5d165ff323064b6beb7
15,sohail tanvir,c sammy b narine,14,12,14,1,1,116.66,17.5,4.59,82,10,team2,616be5d165ff323064b6beb7
16,umar gul,c simmons b santokie,4,7,12,0,0,57.14,17.5,4.59,82,10,team2,616be5d165ff323064b6beb7
17,saeed ajmal,b russell,1,3,5,0,0,33.33,17.5,4.59,82,10,team2,616be5d165ff323064b6beb7
18,zulfiqar babar,not out,3,4,5,0,0,75.00,17.5,4.59,82,10,team2,616be5d165ff323064b6beb7
