,player,batting,r,b,m,4s,6s,sr,overs,run_rate,total_run,wickets,team,id
0,michael lumb,lbw b santokie,4,4,7,0,0,100.00,20,7.60,152,7,team1,616be51c65ff323064b6be94
1,alex hales,c simmons b bravo,40,36,59,1,2,111.11,20,7.60,152,7,team1,616be51c65ff323064b6be94
2,moeen ali,lbw b santokie,5,7,5,1,0,71.42,20,7.60,152,7,team1,616be51c65ff323064b6be94
3,eoin morgan (c),c simmons b badree,3,7,5,0,0,42.85,20,7.60,152,7,team1,616be51c65ff323064b6be94
4,jos buttler †,c sammy b santokie,67,43,60,5,3,155.81,20,7.60,152,7,team1,616be51c65ff323064b6be94
5,ravi bopara,c bravo b santokie,14,15,23,1,0,93.33,20,7.60,152,7,team1,616be51c65ff323064b6be94
6,luke wright,not out,7,5,7,1,0,140.00,20,7.60,152,7,team1,616be51c65ff323064b6be94
7,tim bresnan,c †ramdin b bravo,7,3,5,0,1,233.33,20,7.60,152,7,team1,616be51c65ff323064b6be94
8,dwayne smith,c bresnan b dernbach,30,16,19,2,3,187.50,18.5,8.23,155,5,team2,616be51c65ff323064b6be94
9,chris gayle,b bopara,36,30,40,1,4,120.00,18.5,8.23,155,5,team2,616be51c65ff323064b6be94
10,marlon samuels,c hales b bresnan,28,35,46,1,1,80.00,18.5,8.23,155,5,team2,616be51c65ff323064b6be94
11,lendl simmons,c †buttler b wright,19,13,17,3,0,146.15,18.5,8.23,155,5,team2,616be51c65ff323064b6be94
12,andre russell,c hales b bresnan,2,4,9,0,0,50.00,18.5,8.23,155,5,team2,616be51c65ff323064b6be94
13,daren sammy (c),not out,30,9,15,2,3,333.33,18.5,8.23,155,5,team2,616be51c65ff323064b6be94
14,dwayne bravo,not out,8,6,13,1,0,133.33,18.5,8.23,155,5,team2,616be51c65ff323064b6be94
