,player,batting,r,b,m,4s,6s,sr,overs,run_rate,total_run,wickets,team,id
0,ryan watson (c),b borren,22,27,34,1,0,81.48,20,5.35,107,8,team1,616be0ff65ff323064b6bd65
1,kyle coetzer,run out (borren/seelaar),40,44,46,4,2,90.90,20,5.35,107,8,team1,616be0ff65ff323064b6bd65
2,navdeep poonia,run out (schiferli),25,27,35,1,0,92.59,20,5.35,107,8,team1,616be0ff65ff323064b6bd65
3,colin smith †,c seelaar b ten doeschate,0,1,4,0,0,0.00,20,5.35,107,8,team1,616be0ff65ff323064b6bd65
4,gavin hamilton,c reekers b ten doeschate,7,11,16,0,0,63.63,20,5.35,107,8,team1,616be0ff65ff323064b6bd65
5,neil mccallum,c schiferli b ten doeschate,0,1,2,0,0,0.00,20,5.35,107,8,team1,616be0ff65ff323064b6bd65
6,gordon drummond,run out (borren),2,5,8,0,0,40.00,20,5.35,107,8,team1,616be0ff65ff323064b6bd65
7,richie berrington,run out (†smits),2,2,5,0,0,100.00,20,5.35,107,8,team1,616be0ff65ff323064b6bd65
8,john blain,not out,3,2,3,0,0,150.00,20,5.35,107,8,team1,616be0ff65ff323064b6bd65
9,majid haq,not out,0,0,1,0,0,-,20,5.35,107,8,team1,616be0ff65ff323064b6bd65
10,darron reekers,c poonia b blain,2,3,3,0,0,66.66,18,6.11,110,5,team2,616be0ff65ff323064b6bd65
11,eric szwarczynski,c †smith b blain,30,39,56,2,0,76.92,18,6.11,110,5,team2,616be0ff65ff323064b6bd65
12,tom de grooth,c †smith b berrington,24,28,30,3,0,85.71,18,6.11,110,5,team2,616be0ff65ff323064b6bd65
13,mudassar bukhari,c watson b berrington,9,7,8,2,0,128.57,18,6.11,110,5,team2,616be0ff65ff323064b6bd65
14,ryan ten doeschate,not out,24,18,28,1,1,133.33,18,6.11,110,5,team2,616be0ff65ff323064b6bd65
15,daan van bunge,c watson b nel,0,2,3,0,0,0.00,18,6.11,110,5,team2,616be0ff65ff323064b6bd65
16,peter borren,not out,16,12,10,3,0,133.33,18,6.11,110,5,team2,616be0ff65ff323064b6bd65
