,player,batting,r,b,m,4s,6s,sr,overs,run_rate,total_run,wickets,team,id
0,ruvindu gunasekera,c haq b stander,20,24,-,2,1,83.33,20,6.75,135,8,team1,616be30465ff323064b6be15
1,rizwan cheema (c),c mommsen b berrington,8,9,-,0,1,88.88,20,6.75,135,8,team1,616be30465ff323064b6be15
2,hiral patel,c watts b berrington,16,18,-,0,0,88.88,20,6.75,135,8,team1,616be30465ff323064b6be15
3,nitish kumar,lbw b stander,17,20,-,1,1,85.00,20,6.75,135,8,team1,616be30465ff323064b6be15
4,tyson gordon,c coetzer b iqbal,5,8,-,0,0,62.50,20,6.75,135,8,team1,616be30465ff323064b6be15
5,jimmy hansra,b iqbal,8,9,-,1,0,88.88,20,6.75,135,8,team1,616be30465ff323064b6be15
6,harvir baidwan,c iqbal b haq,21,16,-,2,1,131.25,20,6.75,135,8,team1,616be30465ff323064b6be15
7,junaid siddiqui,not out,13,8,-,0,1,162.50,20,6.75,135,8,team1,616be30465ff323064b6be15
8,rustam bhatti †,lbw b haq,0,1,-,0,0,0.00,20,6.75,135,8,team1,616be30465ff323064b6be15
9,parth desai,not out,4,7,-,0,0,57.14,20,6.75,135,8,team1,616be30465ff323064b6be15
10,richie berrington,lbw b desai,47,37,-,7,0,127.02,20,6.80,136,6,team2,616be30465ff323064b6be15
11,calum macleod,b junaid siddiqui,2,3,-,0,0,66.66,20,6.80,136,6,team2,616be30465ff323064b6be15
12,preston mommsen,b junaid siddiqui,0,4,-,0,0,0.00,20,6.80,136,6,team2,616be30465ff323064b6be15
13,kyle coetzer,c baidwan b hansra,22,29,-,1,0,75.86,20,6.80,136,6,team2,616be30465ff323064b6be15
14,jan stander,b aulakh,21,14,-,1,1,150.00,20,6.80,136,6,team2,616be30465ff323064b6be15
15,fraser watts,c †bhatti b rizwan cheema,18,16,-,1,0,112.50,20,6.80,136,6,team2,616be30465ff323064b6be15
16,ryan flannigan,not out,15,15,-,2,0,100.00,20,6.80,136,6,team2,616be30465ff323064b6be15
17,majid haq,not out,2,2,-,0,0,100.00,20,6.80,136,6,team2,616be30465ff323064b6be15
