,player,batting,r,b,m,4s,6s,sr,overs,run_rate,total_run,wickets,team,id
0,wesley barresi †,c & b odhiambo,0,1,-,0,0,0.00,18.4,6.05,113,10,team1,616be46a65ff323064b6be62
1,michael swart (c),lbw b so ngoche,27,13,-,3,2,207.69,18.4,6.05,113,10,team1,616be46a65ff323064b6be62
2,tom cooper,c †ouma b odhiambo,10,7,-,2,0,142.85,18.4,6.05,113,10,team1,616be46a65ff323064b6be62
3,daan van bunge,b so ngoche,19,12,-,0,2,158.33,18.4,6.05,113,10,team1,616be46a65ff323064b6be62
4,tim gruijters,c patel b varaiya,5,12,-,0,0,41.66,18.4,6.05,113,10,team1,616be46a65ff323064b6be62
5,tom de grooth,c aga b jo ngoche,19,24,-,2,0,79.16,18.4,6.05,113,10,team1,616be46a65ff323064b6be62
6,michael rippon,c mishra b so ngoche,17,15,-,0,1,113.33,18.4,6.05,113,10,team1,616be46a65ff323064b6be62
7,mudassar bukhari,run out (obuya),3,7,-,0,0,42.85,18.4,6.05,113,10,team1,616be46a65ff323064b6be62
8,pieter seelaar,c otieno b so ngoche,2,10,-,0,0,20.00,18.4,6.05,113,10,team1,616be46a65ff323064b6be62
9,paul van meekeren,lbw b aga,3,6,-,0,0,50.00,18.4,6.05,113,10,team1,616be46a65ff323064b6be62
10,ahsan malik,not out,3,5,-,0,0,60.00,18.4,6.05,113,10,team1,616be46a65ff323064b6be62
11,alex obanda,b mudassar bukhari,28,19,-,4,1,147.36,12.2,9.24,114,3,team2,616be46a65ff323064b6be62
12,tanmay mishra,lbw b mudassar bukhari,5,5,-,1,0,100.00,12.2,9.24,114,3,team2,616be46a65ff323064b6be62
13,morris ouma †,run out (ahsan malik),11,12,-,2,0,91.66,12.2,9.24,114,3,team2,616be46a65ff323064b6be62
14,collins obuya (c),not out,19,19,-,2,0,100.00,12.2,9.24,114,3,team2,616be46a65ff323064b6be62
15,rakep patel,not out,46,20,-,2,5,230.00,12.2,9.24,114,3,team2,616be46a65ff323064b6be62
