,player,batting,r,b,m,4s,6s,sr,overs,run_rate,total_run,wickets,team,id
0,david obuya †,lbw b stirling,28,35,-,2,0,80.00,20,6.54,131,7,team1,616be30465ff323064b6be07
1,duncan allan,b stirling,6,15,-,0,0,40.00,20,6.54,131,7,team1,616be30465ff323064b6be07
2,collins obuya (c),c jones b mooney,13,14,-,1,0,92.85,20,6.54,131,7,team1,616be30465ff323064b6be07
3,tanmay mishra,c †mccann b o'brien,13,9,-,2,0,144.44,20,6.54,131,7,team1,616be30465ff323064b6be07
4,rakep patel,c sorensen b dockrell,27,22,-,2,2,122.72,20,6.54,131,7,team1,616be30465ff323064b6be07
5,ragheb aga,c mooney b sorensen,9,11,-,1,0,81.81,20,6.54,131,7,team1,616be30465ff323064b6be07
6,alex obanda,not out,14,10,-,1,1,140.00,20,6.54,131,7,team1,616be30465ff323064b6be07
7,nehemiah odhiambo,run out (sorensen),1,1,-,0,0,100.00,20,6.54,131,7,team1,616be30465ff323064b6be07
8,nelson odhiambo,not out,6,4,-,1,0,150.00,20,6.54,131,7,team1,616be30465ff323064b6be07
9,william porterfield (c),c co obuya b aga,23,22,-,3,1,104.54,17.3,7.54,132,2,team2,616be30465ff323064b6be07
10,paul stirling,not out,65,52,-,9,0,125.00,17.3,7.54,132,2,team2,616be30465ff323064b6be07
11,kevin o'brien,b varaiya,9,9,-,1,0,100.00,17.3,7.54,132,2,team2,616be30465ff323064b6be07
12,gary wilson,not out,22,22,-,2,1,100.00,17.3,7.54,132,2,team2,616be30465ff323064b6be07
