,player,batting,r,b,m,4s,6s,sr,overs,run_rate,total_run,wickets,team,id
0,shahzaib hasan,c botha b tsotsobe,6,6,7,1,0,100.00,20,6.00,120,9,team1,616be25c65ff323064b6bde5
1,imran farhat,b tsotsobe,9,12,25,1,0,75.00,20,6.00,120,9,team1,616be25c65ff323064b6bde5
2,mohammad hafeez,b m morkel,14,9,10,2,0,155.55,20,6.00,120,9,team1,616be25c65ff323064b6bde5
3,misbah-ul-haq,c ja morkel b theron,33,38,65,2,1,86.84,20,6.00,120,9,team1,616be25c65ff323064b6bde5
4,umar akmal,run out (tsotsobe/†de villiers),5,4,5,1,0,125.00,20,6.00,120,9,team1,616be25c65ff323064b6bde5
5,shahid afridi (c),c smith b theron,3,3,3,0,0,100.00,20,6.00,120,9,team1,616be25c65ff323064b6bde5
6,abdul razzaq,c theron b ja morkel,25,29,26,0,2,86.20,20,6.00,120,9,team1,616be25c65ff323064b6bde5
7,zulqarnain haider †,b theron,17,17,23,1,0,100.00,20,6.00,120,9,team1,616be25c65ff323064b6bde5
8,umar gul,b theron,0,1,1,0,0,0.00,20,6.00,120,9,team1,616be25c65ff323064b6bde5
9,saeed ajmal,not out,1,1,1,0,0,100.00,20,6.00,120,9,team1,616be25c65ff323064b6bde5
10,graeme smith,st †zulqarnain haider b saeed ajmal,38,42,61,4,0,90.47,18.4,6.69,125,4,team2,616be25c65ff323064b6bde5
11,loots bosman,lbw b shahid afridi,11,16,29,2,0,68.75,18.4,6.69,125,4,team2,616be25c65ff323064b6bde5
12,ab de villiers †,c imran farhat b mohammad hafeez,11,15,20,0,0,73.33,18.4,6.69,125,4,team2,616be25c65ff323064b6bde5
13,jean-paul duminy,not out,20,16,35,0,2,125.00,18.4,6.69,125,4,team2,616be25c65ff323064b6bde5
14,colin ingram,c umar akmal b shoaib akhtar,31,17,17,4,1,182.35,18.4,6.69,125,4,team2,616be25c65ff323064b6bde5
15,david miller,not out,6,6,7,1,0,100.00,18.4,6.69,125,4,team2,616be25c65ff323064b6bde5
