,player,batting,r,b,m,4s,6s,sr,overs,run_rate,total_run,wickets,team,id
0,johnson charles,c & b bracewell,8,9,7,2,0,88.88,19.3,7.12,139,10,team1,616be3ab65ff323064b6be42
1,chris gayle,c †bb mccullum b southee,30,14,31,3,2,214.28,19.3,7.12,139,10,team1,616be3ab65ff323064b6be42
2,andre russell,c franklin b bracewell,6,6,9,0,1,100.00,19.3,7.12,139,10,team1,616be3ab65ff323064b6be42
3,marlon samuels,c southee b nl mccullum,24,22,33,2,1,109.09,19.3,7.12,139,10,team1,616be3ab65ff323064b6be42
4,darren bravo,b nl mccullum,16,21,26,0,1,76.19,19.3,7.12,139,10,team1,616be3ab65ff323064b6be42
5,kieron pollard,c taylor b bracewell,28,22,29,3,0,127.27,19.3,7.12,139,10,team1,616be3ab65ff323064b6be42
6,denesh ramdin †,c taylor b hira,1,2,3,0,0,50.00,19.3,7.12,139,10,team1,616be3ab65ff323064b6be42
7,daren sammy (c),c franklin b southee,11,12,13,1,0,91.66,19.3,7.12,139,10,team1,616be3ab65ff323064b6be42
8,sunil narine,b southee,3,4,9,0,0,75.00,19.3,7.12,139,10,team1,616be3ab65ff323064b6be42
9,samuel badree,b oram,1,4,10,0,0,25.00,19.3,7.12,139,10,team1,616be3ab65ff323064b6be42
10,ravi rampaul,not out,1,3,6,0,0,33.33,19.3,7.12,139,10,team1,616be3ab65ff323064b6be42
11,rob nicol,lbw b rampaul,3,5,7,0,0,60.00,20,6.95,139,7,team2,616be3ab65ff323064b6be42
12,martin guptill,c samuels b sammy,21,27,36,2,0,77.77,20,6.95,139,7,team2,616be3ab65ff323064b6be42
13,brendon mccullum †,b badree,22,18,20,3,0,122.22,20,6.95,139,7,team2,616be3ab65ff323064b6be42
14,ross taylor (c),not out,62,40,69,3,3,155.00,20,6.95,139,7,team2,616be3ab65ff323064b6be42
15,james franklin,c gayle b narine,14,14,18,1,0,100.00,20,6.95,139,7,team2,616be3ab65ff323064b6be42
16,jacob oram,lbw b narine,6,9,19,0,0,66.66,20,6.95,139,7,team2,616be3ab65ff323064b6be42
17,nathan mccullum,c charles b narine,5,7,12,0,0,71.42,20,6.95,139,7,team2,616be3ab65ff323064b6be42
18,doug bracewell,run out (sub [dr smith]),1,1,13,0,0,100.00,20,6.95,139,7,team2,616be3ab65ff323064b6be42
