,player,batting,r,b,m,4s,6s,sr,overs,run_rate,total_run,wickets,team,id
0,stephan myburgh,b evans,6,9,9,0,0,66.66,20,9.54,191,6,team1,616be5d165ff323064b6bedf
1,wesley barresi †,b evans,75,40,40,7,5,187.50,20,9.54,191,6,team1,616be5d165ff323064b6bedf
2,ben cooper,c †cross b evans,12,15,35,0,0,80.00,20,9.54,191,6,team1,616be5d165ff323064b6bedf
3,peter borren (c),c davey b evans,57,28,33,6,3,203.57,20,9.54,191,6,team1,616be5d165ff323064b6bedf
4,michael swart,c mommsen b watt,2,3,4,0,0,66.66,20,9.54,191,6,team1,616be5d165ff323064b6bedf
5,roelof van der merwe,b evans,24,18,23,0,2,133.33,20,9.54,191,6,team1,616be5d165ff323064b6bedf
6,mudassar bukhari,not out,4,3,6,0,0,133.33,20,9.54,191,6,team1,616be5d165ff323064b6bedf
7,pieter seelaar,not out,6,4,3,0,0,150.00,20,9.54,191,6,team1,616be5d165ff323064b6bedf
8,george munsey,run out (van der gugten),0,1,2,0,0,0.00,19.5,8.01,159,10,team2,616be5d165ff323064b6bedf
9,kyle coetzer,c cooper b mudassar bukhari,5,6,8,1,0,83.33,19.5,8.01,159,10,team2,616be5d165ff323064b6bedf
10,calum macleod,c †barresi b seelaar,18,22,37,2,0,81.81,19.5,8.01,159,10,team2,616be5d165ff323064b6bedf
11,matthew cross †,c ahsan malik b van der merwe,22,15,18,5,0,146.66,19.5,8.01,159,10,team2,616be5d165ff323064b6bedf
12,richie berrington,c mudassar bukhari b seelaar,2,3,6,0,0,66.66,19.5,8.01,159,10,team2,616be5d165ff323064b6bedf
13,preston mommsen (c),not out,68,44,48,5,3,154.54,19.5,8.01,159,10,team2,616be5d165ff323064b6bedf
14,josh davey,c cooper b van der merwe,8,7,6,1,0,114.28,19.5,8.01,159,10,team2,616be5d165ff323064b6bedf
15,michael leask,c van der merwe b rippon,1,3,4,0,0,33.33,19.5,8.01,159,10,team2,616be5d165ff323064b6bedf
16,safyaan sharif,run out (mudassar bukhari),26,17,29,3,0,152.94,19.5,8.01,159,10,team2,616be5d165ff323064b6bedf
17,alasdair evans,b mudassar bukhari,0,1,1,0,0,0.00,19.5,8.01,159,10,team2,616be5d165ff323064b6bedf
18,mark watt,c van der merwe b mudassar bukhari,0,2,1,0,0,0.00,19.5,8.01,159,10,team2,616be5d165ff323064b6bedf
