,player,batting,r,b,m,4s,6s,sr,overs,run_rate,total_run,wickets,team,id
0,brendon mccullum,c lumb b swann,33,32,46,4,0,103.12,20,7.45,149,6,team1,616be25c65ff323064b6bdd2
1,jesse ryder,b bresnan,9,11,21,2,0,81.81,20,7.45,149,6,team1,616be25c65ff323064b6bdd2
2,aaron redmond,c broad b swann,16,15,18,0,1,106.66,20,7.45,149,6,team1,616be25c65ff323064b6bdd2
3,ross taylor,c bresnan b sidebottom,44,33,44,0,2,133.33,20,7.45,149,6,team1,616be25c65ff323064b6bdd2
4,scott styris,c wright b broad,31,19,27,3,1,163.15,20,7.45,149,6,team1,616be25c65ff323064b6bdd2
5,gareth hopkins †,b broad,1,2,3,0,0,50.00,20,7.45,149,6,team1,616be25c65ff323064b6bdd2
6,nathan mccullum,not out,3,5,9,0,0,60.00,20,7.45,149,6,team1,616be25c65ff323064b6bdd2
7,daniel vettori (c),not out,4,4,5,0,0,100.00,20,7.45,149,6,team1,616be25c65ff323064b6bdd2
8,craig kieswetter †,c nl mccullum b mills,15,12,12,1,1,125.00,19.1,7.98,153,7,team2,616be25c65ff323064b6bdd2
9,michael lumb,lbw b vettori,32,21,34,4,1,152.38,19.1,7.98,153,7,team2,616be25c65ff323064b6bdd2
10,ravi bopara,c taylor b styris,9,10,18,1,0,90.00,19.1,7.98,153,7,team2,616be25c65ff323064b6bdd2
11,paul collingwood (c),c bb mccullum b styris,3,6,9,0,0,50.00,19.1,7.98,153,7,team2,616be25c65ff323064b6bdd2
12,eoin morgan,c vettori b bond,40,34,41,4,1,117.64,19.1,7.98,153,7,team2,616be25c65ff323064b6bdd2
13,luke wright,c mills b bond,24,17,24,3,0,141.17,19.1,7.98,153,7,team2,616be25c65ff323064b6bdd2
14,tim bresnan,not out,23,11,17,3,0,209.09,19.1,7.98,153,7,team2,616be25c65ff323064b6bdd2
15,michael yardy,c butler b nl mccullum,0,2,1,0,0,0.00,19.1,7.98,153,7,team2,616be25c65ff323064b6bdd2
16,graeme swann,not out,1,2,5,0,0,50.00,19.1,7.98,153,7,team2,616be25c65ff323064b6bdd2
