,player,batting,r,b,m,4s,6s,sr,overs,run_rate,total_run,wickets,team,id
0,darren maddy,c matsikenyeri b chigumbura,14,9,8,2,0,155.55,20,9.40,188,9,team1,616be07165ff323064b6bd3d
1,matt prior †,c chibhabha b mupariwa,20,14,21,2,1,142.85,20,9.40,188,9,team1,616be07165ff323064b6bd3d
2,luke wright,c †taylor b chigumbura,0,1,1,0,0,0.00,20,9.40,188,9,team1,616be07165ff323064b6bd3d
3,kevin pietersen,c masakadza b utseya,79,37,41,7,4,213.51,20,9.40,188,9,team1,616be07165ff323064b6bd3d
4,paul collingwood (c),run out (sibanda/†taylor),37,28,33,1,2,132.14,20,9.40,188,9,team1,616be07165ff323064b6bd3d
5,andrew flintoff,b chibhabha,13,13,11,0,1,100.00,20,9.40,188,9,team1,616be07165ff323064b6bd3d
6,owais shah,c chibhabha b chigumbura,11,8,9,0,1,137.50,20,9.40,188,9,team1,616be07165ff323064b6bd3d
7,dimitri mascarenhas,c masakadza b chigumbura,0,1,2,0,0,0.00,20,9.40,188,9,team1,616be07165ff323064b6bd3d
8,chris schofield,not out,9,7,8,1,0,128.57,20,9.40,188,9,team1,616be07165ff323064b6bd3d
9,stuart broad,run out (mupariwa/brent),1,2,6,0,0,50.00,20,9.40,188,9,team1,616be07165ff323064b6bd3d
10,james anderson,not out,0,0,2,0,0,-,20,9.40,188,9,team1,616be07165ff323064b6bd3d
11,vusi sibanda,c maddy b mascarenhas,29,25,32,5,0,116.00,20,6.90,138,7,team2,616be07165ff323064b6bd3d
12,brendan taylor †,b mascarenhas,47,39,43,4,2,120.51,20,6.90,138,7,team2,616be07165ff323064b6bd3d
13,tatenda taibu,b mascarenhas,2,4,4,0,0,50.00,20,6.90,138,7,team2,616be07165ff323064b6bd3d
14,chamu chibhabha,c & b schofield,5,8,12,0,0,62.50,20,6.90,138,7,team2,616be07165ff323064b6bd3d
15,stuart matsikenyeri,c flintoff b schofield,2,6,3,0,0,33.33,20,6.90,138,7,team2,616be07165ff323064b6bd3d
16,elton chigumbura,c wright b collingwood,8,5,9,0,1,160.00,20,6.90,138,7,team2,616be07165ff323064b6bd3d
17,hamilton masakadza,c wright b broad,27,23,24,1,0,117.39,20,6.90,138,7,team2,616be07165ff323064b6bd3d
18,prosper utseya (c),not out,13,10,17,1,0,130.00,20,6.90,138,7,team2,616be07165ff323064b6bd3d
19,keith dabengwa,not out,0,0,1,0,0,-,20,6.90,138,7,team2,616be07165ff323064b6bd3d
