,player,batting,r,b,m,4s,6s,sr,overs,run_rate,total_run,wickets,team,id
0,tillakaratne dilshan,c shahzaib hasan b mohammad amir,0,5,3,0,0,0.00,20,6.90,138,6,team1,616be1b665ff323064b6bd99
1,sanath jayasuriya,b abdul razzaq,17,10,17,2,1,170.00,20,6.90,138,6,team1,616be1b665ff323064b6bd99
2,jehan mubarak,c shahzaib hasan b abdul razzaq,0,2,3,0,0,0.00,20,6.90,138,6,team1,616be1b665ff323064b6bd99
3,kumar sangakkara (c)†,not out,64,52,79,7,0,123.07,20,6.90,138,6,team1,616be1b665ff323064b6bd99
4,mahela jayawardene,c misbah-ul-haq b abdul razzaq,1,4,5,0,0,25.00,20,6.90,138,6,team1,616be1b665ff323064b6bd99
5,chamara silva,c saeed ajmal b umar gul,14,19,22,2,0,73.68,20,6.90,138,6,team1,616be1b665ff323064b6bd99
6,isuru udana,b shahid afridi,1,5,4,0,0,20.00,20,6.90,138,6,team1,616be1b665ff323064b6bd99
7,angelo mathews,not out,35,24,32,3,1,145.83,20,6.90,138,6,team1,616be1b665ff323064b6bd99
8,kamran akmal †,st †sangakkara b jayasuriya,37,28,33,2,2,132.14,18.4,7.44,139,2,team2,616be1b665ff323064b6bd99
9,shahzaib hasan,c jayasuriya b muralitharan,19,23,43,3,0,82.60,18.4,7.44,139,2,team2,616be1b665ff323064b6bd99
10,shahid afridi,not out,54,40,52,2,2,135.00,18.4,7.44,139,2,team2,616be1b665ff323064b6bd99
11,shoaib malik,not out,24,22,43,1,0,109.09,18.4,7.44,139,2,team2,616be1b665ff323064b6bd99
