,player,batting,r,b,m,4s,6s,sr,overs,run_rate,total_run,wickets,team,id
0,ab de villiers,c mashrafe mortaza b arafat sunny,2,6,2,0,0,33.33,20,7.40,148,4,team1,616be5d165ff323064b6beda
1,quinton de kock †,c liton das b nasir hossain,12,8,16,0,1,150.00,20,7.40,148,4,team1,616be5d165ff323064b6beda
2,faf du plessis (c),not out,79,61,88,8,0,129.50,20,7.40,148,4,team1,616be5d165ff323064b6beda
3,jean-paul duminy,c nasir hossain b arafat sunny,18,22,32,1,0,81.81,20,7.40,148,4,team1,616be5d165ff323064b6beda
4,david miller,lbw b shakib al hasan,1,3,9,0,0,33.33,20,7.40,148,4,team1,616be5d165ff323064b6beda
5,rilee rossouw,not out,31,21,31,2,2,147.61,20,7.40,148,4,team1,616be5d165ff323064b6beda
6,tamim iqbal,c †de kock b abbott,5,4,4,1,0,125.00,18.5,5.09,96,10,team2,616be5d165ff323064b6beda
7,soumya sarkar,c duminy b rabada,7,7,9,1,0,100.00,18.5,5.09,96,10,team2,616be5d165ff323064b6beda
8,shakib al hasan,c parnell b wiese,26,30,55,1,1,86.66,18.5,5.09,96,10,team2,616be5d165ff323064b6beda
9,mushfiqur rahim †,c miller b duminy,17,19,25,2,0,89.47,18.5,5.09,96,10,team2,616be5d165ff323064b6beda
10,sabbir rahman,c †de kock b duminy,4,7,6,0,0,57.14,18.5,5.09,96,10,team2,616be5d165ff323064b6beda
11,nasir hossain,c rossouw b phangiso,1,2,4,0,0,50.00,18.5,5.09,96,10,team2,616be5d165ff323064b6beda
12,liton das,c de villiers b wiese,22,26,33,0,1,84.61,18.5,5.09,96,10,team2,616be5d165ff323064b6beda
13,mashrafe mortaza (c),c de villiers b rabada,5,4,6,1,0,125.00,18.5,5.09,96,10,team2,616be5d165ff323064b6beda
14,sohag gazi,run out (de villiers/wiese),3,6,10,0,0,50.00,18.5,5.09,96,10,team2,616be5d165ff323064b6beda
15,arafat sunny,not out,1,2,8,0,0,50.00,18.5,5.09,96,10,team2,616be5d165ff323064b6beda
16,mustafizur rahman,b parnell,1,6,5,0,0,16.66,18.5,5.09,96,10,team2,616be5d165ff323064b6beda
