,player,batting,r,b,m,4s,6s,sr,overs,run_rate,total_run,wickets,team,id
0,michael lumb,b gayle,28,18,-,4,0,155.55,20,9.54,191,5,team1,616be25c65ff323064b6bdc4
1,craig kieswetter †,lbw b miller,26,14,-,1,3,185.71,20,9.54,191,5,team1,616be25c65ff323064b6bdc4
2,kevin pietersen,c sarwan b sammy,24,20,-,1,1,120.00,20,9.54,191,5,team1,616be25c65ff323064b6bdc4
3,paul collingwood (c),b sammy,6,8,-,0,0,75.00,20,9.54,191,5,team1,616be25c65ff323064b6bdc4
4,eoin morgan,c pollard b bravo,55,35,-,3,3,157.14,20,9.54,191,5,team1,616be25c65ff323064b6bdc4
5,luke wright,not out,45,27,-,1,4,166.66,20,9.54,191,5,team1,616be25c65ff323064b6bdc4
6,tim bresnan,not out,0,0,-,0,0,-,20,9.54,191,5,team1,616be25c65ff323064b6bdc4
7,chris gayle (c),c yardy b swann,25,12,-,2,2,208.33,5.5,10.28,60,2,team2,616be25c65ff323064b6bdc4
8,shivnarine chanderpaul,not out,15,13,-,0,1,115.38,5.5,10.28,60,2,team2,616be25c65ff323064b6bdc4
9,kieron pollard,st †kieswetter b swann,0,0,-,0,0,-,5.5,10.28,60,2,team2,616be25c65ff323064b6bdc4
10,andre fletcher †,not out,12,10,-,1,0,120.00,5.5,10.28,60,2,team2,616be25c65ff323064b6bdc4
