,player,batting,r,b,m,4s,6s,sr,overs,run_rate,total_run,wickets,team,id
0,mohammad hafeez (c),lbw b starc,4,5,6,0,0,80.00,20,7.45,149,6,team1,616be3ab65ff323064b6be44
1,imran nazir,c bailey b watson,14,13,27,2,0,107.69,20,7.45,149,6,team1,616be3ab65ff323064b6be44
2,nasir jamshed,c warner b doherty,55,46,60,4,2,119.56,20,7.45,149,6,team1,616be3ab65ff323064b6be44
3,kamran akmal †,c white b starc,32,26,43,1,1,123.07,20,7.45,149,6,team1,616be3ab65ff323064b6be44
4,umar akmal,not out,9,8,29,1,0,112.50,20,7.45,149,6,team1,616be3ab65ff323064b6be44
5,abdul razzaq,c watson b cummins,22,17,17,2,1,129.41,20,7.45,149,6,team1,616be3ab65ff323064b6be44
6,shahid afridi,b starc,4,2,4,1,0,200.00,20,7.45,149,6,team1,616be3ab65ff323064b6be44
7,shoaib malik,not out,4,3,4,0,0,133.33,20,7.45,149,6,team1,616be3ab65ff323064b6be44
8,shane watson,lbw b raza hasan,8,14,14,1,0,57.14,20,5.85,117,7,team2,616be3ab65ff323064b6be44
9,david warner,lbw b mohammad hafeez,8,13,20,1,0,61.53,20,5.85,117,7,team2,616be3ab65ff323064b6be44
10,michael hussey,not out,54,47,74,4,1,114.89,20,5.85,117,7,team2,616be3ab65ff323064b6be44
11,george bailey (c),lbw b saeed ajmal,15,12,18,1,1,125.00,20,5.85,117,7,team2,616be3ab65ff323064b6be44
12,cameron white,c imran nazir b mohammad hafeez,12,11,10,0,1,109.09,20,5.85,117,7,team2,616be3ab65ff323064b6be44
13,glenn maxwell,c mohammad hafeez b raza hasan,4,5,6,0,0,80.00,20,5.85,117,7,team2,616be3ab65ff323064b6be44
14,matthew wade †,b saeed ajmal,13,14,24,1,0,92.85,20,5.85,117,7,team2,616be3ab65ff323064b6be44
15,pat cummins,lbw b saeed ajmal,0,1,2,0,0,0.00,20,5.85,117,7,team2,616be3ab65ff323064b6be44
16,mitchell starc,not out,1,3,5,0,0,33.33,20,5.85,117,7,team2,616be3ab65ff323064b6be44
