,player,batting,r,b,m,4s,6s,sr,overs,run_rate,total_run,wickets,team,id
0,rizwan cheema (c),c †ouma b kamande,32,22,17,2,3,145.45,20,6.90,138,9,team1,616be1b665ff323064b6bdb0
1,john davison,b varaiya,0,1,1,0,0,0.00,20,6.90,138,9,team1,616be1b665ff323064b6bdb0
2,hiral patel,c tikolo b kamande,4,13,10,0,0,30.76,20,6.90,138,9,team1,616be1b665ff323064b6bdb0
3,geoff barnett,c odhiambo b tikolo,30,28,42,3,0,107.14,20,6.90,138,9,team1,616be1b665ff323064b6bdb0
4,ashish bagai †,c †ouma b onyango,36,36,48,2,0,100.00,20,6.90,138,9,team1,616be1b665ff323064b6bdb0
5,ian billcliff,run out (obanda/suji),14,9,20,0,1,155.55,20,6.90,138,9,team1,616be1b665ff323064b6bdb0
6,umar bhatti,b odhiambo,12,7,9,1,0,171.42,20,6.90,138,9,team1,616be1b665ff323064b6bdb0
7,khurram chohan,c patel b odhiambo,3,3,6,0,0,100.00,20,6.90,138,9,team1,616be1b665ff323064b6bdb0
8,sunil dhaniram,c patel b odhiambo,1,2,3,0,0,50.00,20,6.90,138,9,team1,616be1b665ff323064b6bdb0
9,harvir baidwan,not out,0,0,3,0,0,-,20,6.90,138,9,team1,616be1b665ff323064b6bdb0
10,alex obanda,lbw b dhaniram,79,48,46,11,1,164.58,14.5,9.50,141,1,team2,616be1b665ff323064b6bdb0
11,steve tikolo,not out,50,36,54,5,1,138.88,14.5,9.50,141,1,team2,616be1b665ff323064b6bdb0
12,collins obuya,not out,6,8,8,1,0,75.00,14.5,9.50,141,1,team2,616be1b665ff323064b6bdb0
