,player,batting,r,b,m,4s,6s,sr,overs,run_rate,total_run,wickets,team,id
0,faizan asif,c macleod b evans,17,10,-,2,0,170.00,18.1,6.00,109,10,team1,616be5d165ff323064b6bedc
1,amjad ali,c munsey b watt,14,21,-,1,0,66.66,18.1,6.00,109,10,team1,616be5d165ff323064b6bedc
2,mohammad shahzad,c munsey b sharif,14,10,-,1,1,140.00,18.1,6.00,109,10,team1,616be5d165ff323064b6bedc
3,shaiman anwar,c davey b leask,9,7,-,0,1,128.57,18.1,6.00,109,10,team1,616be5d165ff323064b6bedc
4,swapnil patil †,run out (macleod),3,7,-,0,0,42.85,18.1,6.00,109,10,team1,616be5d165ff323064b6bedc
5,abdul shakoor,c munsey b leask,1,3,-,0,0,33.33,18.1,6.00,109,10,team1,616be5d165ff323064b6bedc
6,umair ali,c macleod b leask,13,10,-,1,1,130.00,18.1,6.00,109,10,team1,616be5d165ff323064b6bedc
7,amjad javed,c †cross b watt,9,14,-,0,0,64.28,18.1,6.00,109,10,team1,616be5d165ff323064b6bedc
8,mohammad tauqir (c),c †cross b watt,4,4,-,1,0,100.00,18.1,6.00,109,10,team1,616be5d165ff323064b6bedc
9,mohammad naveed,not out,19,17,-,1,1,111.76,18.1,6.00,109,10,team1,616be5d165ff323064b6bedc
10,manjula guruge,run out (berrington),1,6,-,0,0,16.66,18.1,6.00,109,10,team1,616be5d165ff323064b6bedc
11,george munsey,not out,62,36,-,11,1,172.22,10,11.00,110,1,team2,616be5d165ff323064b6bedc
12,kyle coetzer,b mohammad naveed,39,16,-,9,0,243.75,10,11.00,110,1,team2,616be5d165ff323064b6bedc
13,calum macleod,not out,7,8,-,1,0,87.50,10,11.00,110,1,team2,616be5d165ff323064b6bedc
