,player,batting,r,b,m,4s,6s,sr,overs,run_rate,total_run,wickets,team,id
0,gautam gambhir,lbw b umar gul,21,11,22,4,0,190.90,20,9.60,192,5,team1,616be46a65ff323064b6be51
1,ajinkya rahane,c & b umar gul,28,26,31,4,0,107.69,20,9.60,192,5,team1,616be46a65ff323064b6be51
2,virat kohli,run out (saeed ajmal),27,22,31,3,0,122.72,20,9.60,192,5,team1,616be46a65ff323064b6be51
3,yuvraj singh,c shoaib malik b umar gul,72,36,59,4,7,200.00,20,9.60,192,5,team1,616be46a65ff323064b6be51
4,ms dhoni (c)†,b umar gul,33,23,39,4,0,143.47,20,9.60,192,5,team1,616be46a65ff323064b6be51
5,suresh raina,not out,1,1,4,0,0,100.00,20,9.60,192,5,team1,616be46a65ff323064b6be51
6,rohit sharma,not out,4,2,1,1,0,200.00,20,9.60,192,5,team1,616be46a65ff323064b6be51
7,nasir jamshed,c kohli b ashwin,41,32,38,4,1,128.12,20,9.05,181,7,team2,616be46a65ff323064b6be51
8,ahmed shehzad,st †dhoni b yuvraj singh,31,29,43,3,1,106.89,20,9.05,181,7,team2,616be46a65ff323064b6be51
9,umar akmal,b dinda,24,17,31,1,1,141.17,20,9.05,181,7,team2,616be46a65ff323064b6be51
10,mohammad hafeez (c),c raina b dinda,55,26,39,6,3,211.53,20,9.05,181,7,team2,616be46a65ff323064b6be51
11,shahid afridi,c rg sharma b kumar,11,5,8,1,1,220.00,20,9.05,181,7,team2,616be46a65ff323064b6be51
12,kamran akmal †,c kohli b dinda,5,3,6,1,0,166.66,20,9.05,181,7,team2,616be46a65ff323064b6be51
13,shoaib malik,not out,3,3,12,0,0,100.00,20,9.05,181,7,team2,616be46a65ff323064b6be51
14,umar gul,c rahane b i sharma,5,5,8,1,0,100.00,20,9.05,181,7,team2,616be46a65ff323064b6be51
