,player,batting,r,b,m,4s,6s,sr,overs,run_rate,total_run,wickets,team,id
0,adam gilchrist †,c patel b gillespie,1,5,2,0,0,20.00,20,9.30,186,6,team1,616be07165ff323064b6bd55
1,michael clarke (c),c taylor b vettori,33,26,43,3,1,126.92,20,9.30,186,6,team1,616be07165ff323064b6bd55
2,michael hussey,st †mccullum b patel,22,16,22,4,0,137.50,20,9.30,186,6,team1,616be07165ff323064b6bd55
3,andrew symonds,not out,85,46,64,7,3,184.78,20,9.30,186,6,team1,616be07165ff323064b6bd55
4,adam voges,c taylor b patel,26,20,25,3,0,130.00,20,9.30,186,6,team1,616be07165ff323064b6bd55
5,luke pomersbach,c taylor b gillespie,15,7,16,1,1,214.28,20,9.30,186,6,team1,616be07165ff323064b6bd55
6,ashley noffke,run out (patel/gillespie),0,0,1,0,0,-,20,9.30,186,6,team1,616be07165ff323064b6bd55
7,brett lee,not out,0,1,3,0,0,0.00,20,9.30,186,6,team1,616be07165ff323064b6bd55
8,lou vincent,c †gilchrist b lee,0,1,2,0,0,0.00,18.3,7.13,132,10,team2,616be07165ff323064b6bd55
9,brendon mccullum †,c †gilchrist b lee,13,15,23,0,1,86.66,18.3,7.13,132,10,team2,616be07165ff323064b6bd55
10,jamie how,c †gilchrist b tait,4,18,34,0,0,22.22,18.3,7.13,132,10,team2,616be07165ff323064b6bd55
11,scott styris,c bracken b johnson,18,15,34,4,0,120.00,18.3,7.13,132,10,team2,616be07165ff323064b6bd55
12,ross taylor,b tait,0,2,3,0,0,0.00,18.3,7.13,132,10,team2,616be07165ff323064b6bd55
13,mathew sinclair,c †gilchrist b johnson,0,4,6,0,0,0.00,18.3,7.13,132,10,team2,616be07165ff323064b6bd55
14,jacob oram,not out,66,31,56,5,6,212.90,18.3,7.13,132,10,team2,616be07165ff323064b6bd55
15,daniel vettori (c),b noffke,3,4,9,0,0,75.00,18.3,7.13,132,10,team2,616be07165ff323064b6bd55
16,kyle mills,c johnson b noffke,4,8,8,1,0,50.00,18.3,7.13,132,10,team2,616be07165ff323064b6bd55
17,mark gillespie,run out (symonds),4,6,14,0,0,66.66,18.3,7.13,132,10,team2,616be07165ff323064b6bd55
18,jeetan patel,b noffke,4,8,9,1,0,50.00,18.3,7.13,132,10,team2,616be07165ff323064b6bd55
