,player,batting,r,b,m,4s,6s,sr,overs,run_rate,total_run,wickets,team,id
0,lou vincent,lbw b botha,15,20,41,1,0,75.00,20,6.44,129,7,team1,616be07165ff323064b6bd54
1,brendon mccullum †,c duminy b pollock,9,8,9,0,1,112.50,20,6.44,129,7,team1,616be07165ff323064b6bd54
2,jamie how,c duminy b pollock,14,11,11,1,1,127.27,20,6.44,129,7,team1,616be07165ff323064b6bd54
3,ross taylor,c kallis b morkel,7,8,9,0,1,87.50,20,6.44,129,7,team1,616be07165ff323064b6bd54
4,scott styris,c smith b steyn,30,27,39,3,0,111.11,20,6.44,129,7,team1,616be07165ff323064b6bd54
5,gareth hopkins,c de villiers b morkel,6,10,11,0,0,60.00,20,6.44,129,7,team1,616be07165ff323064b6bd54
6,daniel vettori (c),c morkel b pollock,2,7,9,0,0,28.57,20,6.44,129,7,team1,616be07165ff323064b6bd54
7,kyle mills,not out,33,24,26,1,2,137.50,20,6.44,129,7,team1,616be07165ff323064b6bd54
8,mark gillespie,not out,4,5,18,0,0,80.00,20,6.44,129,7,team1,616be07165ff323064b6bd54
9,graeme smith (c),c †mccullum b mills,7,16,21,1,0,43.75,19.5,6.60,131,7,team2,616be07165ff323064b6bd54
10,jacques kallis,c mills b gillespie,4,5,6,1,0,80.00,19.5,6.60,131,7,team2,616be07165ff323064b6bd54
11,jean-paul duminy,st †mccullum b vettori,33,19,34,3,2,173.68,19.5,6.60,131,7,team2,616be07165ff323064b6bd54
12,ab de villiers,not out,52,45,70,4,1,115.55,19.5,6.60,131,7,team2,616be07165ff323064b6bd54
13,mark boucher †,lbw b patel,7,10,16,0,0,70.00,19.5,6.60,131,7,team2,616be07165ff323064b6bd54
14,shaun pollock,c taylor b patel,6,5,9,0,0,120.00,19.5,6.60,131,7,team2,616be07165ff323064b6bd54
15,albie morkel,c vettori b styris,9,11,12,0,1,81.81,19.5,6.60,131,7,team2,616be07165ff323064b6bd54
16,vernon philander,run out (taylor/vincent),2,7,10,0,0,28.57,19.5,6.60,131,7,team2,616be07165ff323064b6bd54
17,johan botha,not out,6,2,4,1,0,300.00,19.5,6.60,131,7,team2,616be07165ff323064b6bd54
