,player,batting,r,b,m,4s,6s,sr,overs,run_rate,total_run,wickets,team,id
0,hamilton masakadza,c †uthappa b sandeep sharma,19,17,-,1,1,111.76,20,7.25,145,7,team1,616be67b65ff323064b6bee9
1,chamu chibhabha,b kumar,67,51,-,9,0,131.37,20,7.25,145,7,team1,616be67b65ff323064b6bee9
2,sikandar raza (c),c samson b sharma,8,7,-,1,0,114.28,20,7.25,145,7,team1,616be67b65ff323064b6bee9
3,sean williams,c & b patel,17,18,-,1,0,94.44,20,7.25,145,7,team1,616be67b65ff323064b6bee9
4,charles coventry †,lbw b binny,4,10,-,0,0,40.00,20,7.25,145,7,team1,616be67b65ff323064b6bee9
5,craig ervine,b kumar,7,9,-,1,0,77.77,20,7.25,145,7,team1,616be67b65ff323064b6bee9
6,malcolm waller,not out,6,6,-,0,0,100.00,20,7.25,145,7,team1,616be67b65ff323064b6bee9
7,prosper utseya,c patel b sharma,1,2,-,0,0,50.00,20,7.25,145,7,team1,616be67b65ff323064b6bee9
8,graeme cremer,not out,0,1,-,0,0,0.00,20,7.25,145,7,team1,616be67b65ff323064b6bee9
9,ajinkya rahane (c),run out (chibhabha/†coventry),4,3,-,1,0,133.33,20,6.75,135,9,team2,616be67b65ff323064b6bee9
10,murali vijay,b cremer,13,11,-,0,1,118.18,20,6.75,135,9,team2,616be67b65ff323064b6bee9
11,robin uthappa †,c & b williams,42,25,-,9,0,168.00,20,6.75,135,9,team2,616be67b65ff323064b6bee9
12,manish pandey,lbw b cremer,0,3,-,0,0,0.00,20,6.75,135,9,team2,616be67b65ff323064b6bee9
13,kedar jadhav,run out (muzarabani),5,6,-,0,0,83.33,20,6.75,135,9,team2,616be67b65ff323064b6bee9
14,stuart binny,c chibhabha b cremer,24,23,-,2,0,104.34,20,6.75,135,9,team2,616be67b65ff323064b6bee9
15,sanju samson,c waller b mpofu,19,24,-,1,0,79.16,20,6.75,135,9,team2,616be67b65ff323064b6bee9
16,axar patel,c williams b muzarabani,13,15,-,1,0,86.66,20,6.75,135,9,team2,616be67b65ff323064b6bee9
17,bhuvneshwar kumar,run out (†coventry/mpofu),9,6,-,0,0,150.00,20,6.75,135,9,team2,616be67b65ff323064b6bee9
18,mohit sharma,not out,3,3,-,0,0,100.00,20,6.75,135,9,team2,616be67b65ff323064b6bee9
19,sandeep sharma,not out,1,1,-,0,0,100.00,20,6.75,135,9,team2,616be67b65ff323064b6bee9
