,player,batting,r,b,m,4s,6s,sr,overs,run_rate,total_run,wickets,team,id
0,morris ouma †,lbw b nel,2,10,8,0,0,20.00,20,5.30,106,9,team1,616be0ff65ff323064b6bd66
1,kennedy otieno,b berrington,14,14,29,1,0,100.00,20,5.30,106,9,team1,616be0ff65ff323064b6bd66
2,nehemiah odhiambo,b drummond,11,11,15,1,0,100.00,20,5.30,106,9,team1,616be0ff65ff323064b6bd66
3,steve tikolo (c),lbw b berrington,18,21,20,3,0,85.71,20,5.30,106,9,team1,616be0ff65ff323064b6bd66
4,thomas odoyo,c †smith b maiden,6,10,17,0,0,60.00,20,5.30,106,9,team1,616be0ff65ff323064b6bd66
5,rakep patel,b blain,6,16,20,0,0,37.50,20,5.30,106,9,team1,616be0ff65ff323064b6bd66
6,ragheb aga,c poonia b nel,28,25,26,1,1,112.00,20,5.30,106,9,team1,616be0ff65ff323064b6bd66
7,jimmy kamande,c watson b nel,1,4,7,0,0,25.00,20,5.30,106,9,team1,616be0ff65ff323064b6bd66
8,peter ongondo,run out,8,6,8,0,1,133.33,20,5.30,106,9,team1,616be0ff65ff323064b6bd66
9,tony suji,not out,3,2,6,0,0,150.00,20,5.30,106,9,team1,616be0ff65ff323064b6bd66
10,hiren varaiya,not out,3,1,1,0,0,300.00,20,5.30,106,9,team1,616be0ff65ff323064b6bd66
11,ryan watson (c),c varaiya b suji,54,61,66,6,0,88.52,18.1,5.88,107,1,team2,616be0ff65ff323064b6bd66
12,kyle coetzer,not out,48,45,70,5,1,106.66,18.1,5.88,107,1,team2,616be0ff65ff323064b6bd66
13,navdeep poonia,not out,1,3,4,0,0,33.33,18.1,5.88,107,1,team2,616be0ff65ff323064b6bd66
