,player,batting,r,b,m,4s,6s,sr,overs,run_rate,total_run,wickets,team,id
0,shane watson,run out (umar akmal/†kamran akmal),8,8,6,1,0,100.00,18.4,6.80,127,10,team1,616be1b665ff323064b6bdac
1,david warner,c imran nazir b mohammad asif,24,14,29,1,1,171.42,18.4,6.80,127,10,team1,616be1b665ff323064b6bdac
2,michael clarke (c),c fawad alam b umar gul,32,26,31,2,0,123.07,18.4,6.80,127,10,team1,616be1b665ff323064b6bdac
3,david hussey,not out,40,31,54,1,2,129.03,18.4,6.80,127,10,team1,616be1b665ff323064b6bdac
4,cameron white,run out (fawad alam),4,8,9,0,0,50.00,18.4,6.80,127,10,team1,616be1b665ff323064b6bdac
5,travis birt,b shoaib malik,1,2,2,0,0,50.00,18.4,6.80,127,10,team1,616be1b665ff323064b6bdac
6,brad haddin †,st †kamran akmal b shoaib malik,1,3,2,0,0,33.33,18.4,6.80,127,10,team1,616be1b665ff323064b6bdac
7,steven smith,b naved-ul-hasan,8,8,10,1,0,100.00,18.4,6.80,127,10,team1,616be1b665ff323064b6bdac
8,mitchell johnson,c †kamran akmal b umar gul,2,7,6,0,0,28.57,18.4,6.80,127,10,team1,616be1b665ff323064b6bdac
9,dirk nannes,run out (umar akmal/saeed ajmal),4,3,6,0,0,133.33,18.4,6.80,127,10,team1,616be1b665ff323064b6bdac
10,shaun tait,c fawad alam b umar gul,1,2,4,0,0,50.00,18.4,6.80,127,10,team1,616be1b665ff323064b6bdac
11,imran farhat,c watson b tait,8,10,12,1,0,80.00,20,6.25,125,9,team2,616be1b665ff323064b6bdac
12,imran nazir,run out (johnson),0,5,7,0,0,0.00,20,6.25,125,9,team2,616be1b665ff323064b6bdac
13,kamran akmal †,c hussey b tait,64,33,53,7,2,193.93,20,6.25,125,9,team2,616be1b665ff323064b6bdac
14,khalid latif,lbw b watson,6,8,12,1,0,75.00,20,6.25,125,9,team2,616be1b665ff323064b6bdac
15,shoaib malik (c),c birt b tait,3,11,12,0,0,27.27,20,6.25,125,9,team2,616be1b665ff323064b6bdac
16,umar akmal,c warner b watson,21,25,47,0,0,84.00,20,6.25,125,9,team2,616be1b665ff323064b6bdac
17,fawad alam,c white b smith,1,5,6,0,0,20.00,20,6.25,125,9,team2,616be1b665ff323064b6bdac
18,naved-ul-hasan,st †haddin b smith,1,9,7,0,0,11.11,20,6.25,125,9,team2,616be1b665ff323064b6bdac
19,umar gul,b nannes,10,9,7,0,1,111.11,20,6.25,125,9,team2,616be1b665ff323064b6bdac
20,saeed ajmal,not out,1,3,6,0,0,33.33,20,6.25,125,9,team2,616be1b665ff323064b6bdac
21,mohammad asif,not out,5,2,3,1,0,250.00,20,6.25,125,9,team2,616be1b665ff323064b6bdac
