,player,batting,r,b,m,4s,6s,sr,overs,run_rate,total_run,wickets,team,id
0,sikandar raza,c & b rashid khan,59,41,49,5,1,143.90,20,7.65,153,5,team1,616be67b65ff323064b6befc
1,chamu chibhabha,b dawlat zadran,54,47,69,6,0,114.89,20,7.65,153,5,team1,616be67b65ff323064b6befc
2,sean williams,b dawlat zadran,16,18,29,1,0,88.88,20,7.65,153,5,team1,616be67b65ff323064b6befc
3,elton chigumbura (c),c gulbadin naib b mohammad nabi,12,7,12,0,1,171.42,20,7.65,153,5,team1,616be67b65ff323064b6befc
4,craig ervine,b dawlat zadran,0,1,1,0,0,0.00,20,7.65,153,5,team1,616be67b65ff323064b6befc
5,malcolm waller,not out,5,2,6,1,0,250.00,20,7.65,153,5,team1,616be67b65ff323064b6befc
6,richmond mutumbami †,not out,6,4,3,0,1,150.00,20,7.65,153,5,team1,616be67b65ff323064b6befc
7,mohammad shahzad †,c ervine b chisoro,34,21,28,6,0,161.90,19.1,8.03,154,4,team2,616be67b65ff323064b6befc
8,usman ghani,b masakadza,13,18,34,2,0,72.22,19.1,8.03,154,4,team2,616be67b65ff323064b6befc
9,karim sadiq,c †mutumbami b williams,17,16,19,1,0,106.25,19.1,8.03,154,4,team2,616be67b65ff323064b6befc
10,asghar afghan (c),run out (mpofu/†mutumbami),18,9,10,0,2,200.00,19.1,8.03,154,4,team2,616be67b65ff323064b6befc
11,mohammad nabi,not out,33,25,29,0,2,132.00,19.1,8.03,154,4,team2,616be67b65ff323064b6befc
12,najibullah zadran,not out,37,26,26,2,2,142.30,19.1,8.03,154,4,team2,616be67b65ff323064b6befc
