,player,batting,r,b,m,4s,6s,sr,overs,run_rate,total_run,wickets,team,id
0,martin guptill,c umar akmal b shahid afridi,42,19,25,6,2,221.05,20,9.80,196,5,team1,616be67b65ff323064b6bf15
1,kane williamson (c),c shoaib malik b wahab riaz,33,34,47,3,1,97.05,20,9.80,196,5,team1,616be67b65ff323064b6bf15
2,colin munro,run out (mohammad rizwan),4,3,5,0,0,133.33,20,9.80,196,5,team1,616be67b65ff323064b6bf15
3,corey anderson,not out,82,42,58,6,4,195.23,20,9.80,196,5,team1,616be67b65ff323064b6bf15
4,ross taylor,retired hurt,6,4,5,1,0,150.00,20,9.80,196,5,team1,616be67b65ff323064b6bf15
5,grant elliott,run out (†sarfaraz ahmed),19,14,25,1,1,135.71,20,9.80,196,5,team1,616be67b65ff323064b6bf15
6,luke ronchi †,c umar akmal b wahab riaz,1,2,1,0,0,50.00,20,9.80,196,5,team1,616be67b65ff323064b6bf15
7,mitchell santner,not out,2,3,8,0,0,66.66,20,9.80,196,5,team1,616be67b65ff323064b6bf15
8,mohammad hafeez,c santner b boult,2,4,4,0,0,50.00,16.1,6.24,101,10,team2,616be67b65ff323064b6bf15
9,ahmed shehzad,c boult b anderson,8,6,9,1,0,133.33,16.1,6.24,101,10,team2,616be67b65ff323064b6bf15
10,mohammad rizwan,run out (santner),4,4,8,1,0,100.00,16.1,6.24,101,10,team2,616be67b65ff323064b6bf15
11,shoaib malik,c mcclenaghan b anderson,14,6,14,3,0,233.33,16.1,6.24,101,10,team2,616be67b65ff323064b6bf15
12,sarfaraz ahmed †,c milne b elliott,41,36,52,5,0,113.88,16.1,6.24,101,10,team2,616be67b65ff323064b6bf15
13,umar akmal,c sub (pf younghusband) b milne,5,13,18,0,0,38.46,16.1,6.24,101,10,team2,616be67b65ff323064b6bf15
14,shahid afridi (c),c sub (mj henry) b elliott,8,8,15,0,1,100.00,16.1,6.24,101,10,team2,616be67b65ff323064b6bf15
15,imad wasim,c guptill b elliott,0,1,2,0,0,0.00,16.1,6.24,101,10,team2,616be67b65ff323064b6bf15
16,anwar ali,c †ronchi b milne,8,7,10,1,0,114.28,16.1,6.24,101,10,team2,616be67b65ff323064b6bf15
17,wahab riaz,c †ronchi b milne,4,5,10,0,0,80.00,16.1,6.24,101,10,team2,616be67b65ff323064b6bf15
18,mohammad amir,not out,1,7,6,0,0,14.28,16.1,6.24,101,10,team2,616be67b65ff323064b6bf15
