,player,batting,r,b,m,4s,6s,sr,overs,run_rate,total_run,wickets,team,id
0,gautam gambhir,b shapoor zadran,10,8,14,1,0,125.00,20,7.94,159,5,team1,616be3ab65ff323064b6be30
1,virender sehwag,c †mohammad shahzad b shapoor zadran,8,10,25,1,0,80.00,20,7.94,159,5,team1,616be3ab65ff323064b6be30
2,virat kohli,c mohammad nabi b dawlat zadran,50,39,60,4,2,128.20,20,7.94,159,5,team1,616be3ab65ff323064b6be30
3,yuvraj singh,c shapoor zadran b karim sadiq,18,20,26,0,1,90.00,20,7.94,159,5,team1,616be3ab65ff323064b6be30
4,suresh raina,b mohammad nabi,38,33,42,6,0,115.15,20,7.94,159,5,team1,616be3ab65ff323064b6be30
5,ms dhoni (c)†,not out,18,9,21,2,1,200.00,20,7.94,159,5,team1,616be3ab65ff323064b6be30
6,rohit sharma,not out,1,1,2,0,0,100.00,20,7.94,159,5,team1,616be3ab65ff323064b6be30
7,mohammad shahzad †,c yuvraj singh b balaji,18,16,18,3,0,112.50,19.3,6.97,136,10,team2,616be3ab65ff323064b6be30
8,nawroz mangal (c),lbw b yuvraj singh,22,18,35,1,1,122.22,19.3,6.97,136,10,team2,616be3ab65ff323064b6be30
9,karim sadiq,c gambhir b yuvraj singh,26,26,30,3,0,100.00,19.3,6.97,136,10,team2,616be3ab65ff323064b6be30
10,asghar afghan,c †dhoni b yuvraj singh,6,9,15,0,0,66.66,19.3,6.97,136,10,team2,616be3ab65ff323064b6be30
11,mohammad nabi,c sharma b ashwin,31,17,23,2,2,182.35,19.3,6.97,136,10,team2,616be3ab65ff323064b6be30
12,samiullah shinwari,c & b ashwin,1,2,4,0,0,50.00,19.3,6.97,136,10,team2,616be3ab65ff323064b6be30
13,shafiqullah,lbw b pathan,8,9,11,0,1,88.88,19.3,6.97,136,10,team2,616be3ab65ff323064b6be30
14,gulbadin naib,c raina b balaji,5,14,23,0,0,35.71,19.3,6.97,136,10,team2,616be3ab65ff323064b6be30
15,najibullah zadran,run out (†dhoni/balaji),5,2,7,1,0,250.00,19.3,6.97,136,10,team2,616be3ab65ff323064b6be30
16,dawlat zadran,b balaji,8,5,9,2,0,160.00,19.3,6.97,136,10,team2,616be3ab65ff323064b6be30
17,shapoor zadran,not out,0,0,2,0,0,-,19.3,6.97,136,10,team2,616be3ab65ff323064b6be30
