,player,batting,r,b,m,4s,6s,sr,overs,run_rate,total_run,wickets,team,id
0,tamim iqbal,c vitori b muzarabani,23,17,26,3,1,135.29,20,8.35,167,3,team1,616be67b65ff323064b6bf13
1,soumya sarkar,c waller b cremer,43,33,42,4,3,130.30,20,8.35,167,3,team1,616be67b65ff323064b6bf13
2,sabbir rahman,not out,43,30,66,1,3,143.33,20,8.35,167,3,team1,616be67b65ff323064b6bf13
3,mahmudullah,c †mutumbami b wp masakadza,1,3,3,0,0,33.33,20,8.35,167,3,team1,616be67b65ff323064b6bf13
4,mushfiqur rahim,retired hurt,24,20,26,1,0,120.00,20,8.35,167,3,team1,616be67b65ff323064b6bf13
5,shakib al hasan,not out,27,17,19,2,1,158.82,20,8.35,167,3,team1,616be67b65ff323064b6bf13
6,vusi sibanda,b mashrafe mortaza,21,17,28,2,1,123.52,20,6.25,125,8,team2,616be67b65ff323064b6bf13
7,hamilton masakadza (c),c mahmudullah b sabbir rahman,30,28,36,3,2,107.14,20,6.25,125,8,team2,616be67b65ff323064b6bf13
8,richmond mutumbami †,c soumya sarkar b sabbir rahman,7,11,16,0,0,63.63,20,6.25,125,8,team2,616be67b65ff323064b6bf13
9,sean williams,lbw b shuvagata hom,7,6,5,1,0,116.66,20,6.25,125,8,team2,616be67b65ff323064b6bf13
10,malcolm waller,c soumya sarkar b al-amin hossain,29,21,24,3,1,138.09,20,6.25,125,8,team2,616be67b65ff323064b6bf13
11,peter moor,b mustafizur rahman,9,14,30,0,0,64.28,20,6.25,125,8,team2,616be67b65ff323064b6bf13
12,neville madziva,b mustafizur rahman,0,4,5,0,0,0.00,20,6.25,125,8,team2,616be67b65ff323064b6bf13
13,graeme cremer,c & b sabbir rahman,8,12,15,0,0,66.66,20,6.25,125,8,team2,616be67b65ff323064b6bf13
14,wellington masakadza,not out,6,8,12,0,0,75.00,20,6.25,125,8,team2,616be67b65ff323064b6bf13
