,player,batting,r,b,m,4s,6s,sr,overs,run_rate,total_run,wickets,team,id
0,parthiv patel †,c samuels b sammy,26,20,36,2,1,130.00,20,7.94,159,6,team1,616be30465ff323064b6bdee
1,shikhar dhawan,c †fletcher b sammy,5,11,13,0,0,45.45,20,7.94,159,6,team1,616be30465ff323064b6bdee
2,virat kohli,c hyatt b sammy,14,12,15,2,0,116.66,20,7.94,159,6,team1,616be30465ff323064b6bdee
3,s badrinath,c †fletcher b bishoo,43,37,47,5,0,116.21,20,7.94,159,6,team1,616be30465ff323064b6bdee
4,suresh raina (c),c barnwell b sammy,2,6,5,0,0,33.33,20,7.94,159,6,team1,616be30465ff323064b6bdee
5,rohit sharma,b barnwell,26,23,33,0,2,113.04,20,7.94,159,6,team1,616be30465ff323064b6bdee
6,yusuf pathan,not out,15,6,1,0,2,250.00,20,7.94,159,6,team1,616be30465ff323064b6bdee
7,harbhajan singh,not out,15,7,5,1,1,214.28,20,7.94,159,6,team1,616be30465ff323064b6bdee
8,andre fletcher †,b mm patel,11,16,20,0,1,68.75,20,7.15,143,5,team2,616be30465ff323064b6bdee
9,lendl simmons,c kohli b ashwin,9,9,19,1,0,100.00,20,7.15,143,5,team2,616be30465ff323064b6bdee
10,darren bravo,b harbhajan singh,41,41,47,5,0,100.00,20,7.15,143,5,team2,616be30465ff323064b6bdee
11,marlon samuels,c †pa patel b harbhajan singh,27,29,44,3,0,93.10,20,7.15,143,5,team2,616be30465ff323064b6bdee
12,danza hyatt,not out,14,7,20,1,1,200.00,20,7.15,143,5,team2,616be30465ff323064b6bdee
13,daren sammy (c),c kohli b kumar,0,2,2,0,0,0.00,20,7.15,143,5,team2,616be30465ff323064b6bdee
14,chris barnwell,not out,34,16,12,2,3,212.50,20,7.15,143,5,team2,616be30465ff323064b6bdee
