,player,batting,r,b,m,4s,6s,sr,overs,run_rate,total_run,wickets,team,id
0,morris ouma †,c johnston b dockrell,4,6,-,1,0,66.66,20,5.35,107,10,team1,616be30465ff323064b6be06
1,duncan allan,c johnston b dockrell,4,8,-,1,0,50.00,20,5.35,107,10,team1,616be30465ff323064b6be06
2,collins obuya (c),lbw b rankin,3,5,11,0,0,60.00,20,5.35,107,10,team1,616be30465ff323064b6be06
3,tanmay mishra,c mooney b stirling,34,30,57,2,2,113.33,20,5.35,107,10,team1,616be30465ff323064b6be06
4,rakep patel,b sorensen,14,14,17,1,1,100.00,20,5.35,107,10,team1,616be30465ff323064b6be06
5,ragheb aga,run out (porterfield),25,27,31,2,0,92.59,20,5.35,107,10,team1,616be30465ff323064b6be06
6,alex obanda,c joyce b sorensen,2,3,-,0,0,66.66,20,5.35,107,10,team1,616be30465ff323064b6be06
7,nehemiah odhiambo,c johnston b cusack,13,13,18,1,0,100.00,20,5.35,107,10,team1,616be30465ff323064b6be06
8,shem ngoche,c o'brien b dockrell,3,7,17,0,0,42.85,20,5.35,107,10,team1,616be30465ff323064b6be06
9,elijah otieno,b cusack,2,6,-,0,0,33.33,20,5.35,107,10,team1,616be30465ff323064b6be06
10,james ngoche,not out,1,2,-,0,0,50.00,20,5.35,107,10,team1,616be30465ff323064b6be06
11,william porterfield (c),run out (patel),1,1,2,0,0,100.00,15.3,7.03,109,4,team2,616be30465ff323064b6be06
12,paul stirling,c aga b jo ngoche,12,15,16,2,0,80.00,15.3,7.03,109,4,team2,616be30465ff323064b6be06
13,alex cusack,c so ngoche b odhiambo,14,11,15,2,0,127.27,15.3,7.03,109,4,team2,616be30465ff323064b6be06
14,kevin o'brien,not out,30,36,36,3,0,83.33,15.3,7.03,109,4,team2,616be30465ff323064b6be06
15,ed joyce,c & b obuya,24,22,22,3,0,109.09,15.3,7.03,109,4,team2,616be30465ff323064b6be06
16,john mooney,not out,16,8,13,3,0,200.00,15.3,7.03,109,4,team2,616be30465ff323064b6be06
