,player,batting,r,b,m,4s,6s,sr,overs,run_rate,total_run,wickets,team,id
0,jason roy,c †sarfaraz ahmed b shahid afridi,29,22,31,1,2,131.81,20,8.60,172,8,team1,616be67b65ff323064b6bf07
1,alex hales,lbw b shahid afridi,11,11,20,1,0,100.00,20,8.60,172,8,team1,616be67b65ff323064b6bf07
2,james vince,c anwar ali b shahid afridi,38,24,38,3,2,158.33,20,8.60,172,8,team1,616be67b65ff323064b6bf07
3,joe root,c shahid afridi b shoaib malik,20,16,14,1,1,125.00,20,8.60,172,8,team1,616be67b65ff323064b6bf07
4,jos buttler (c)†,c †sarfaraz ahmed b sohail tanvir,33,22,38,1,3,150.00,20,8.60,172,8,team1,616be67b65ff323064b6bf07
5,sam billings,c umar akmal b wahab riaz,11,9,16,0,1,122.22,20,8.60,172,8,team1,616be67b65ff323064b6bf07
6,david willey,c sohaib maqsood b anwar ali,4,5,14,0,0,80.00,20,8.60,172,8,team1,616be67b65ff323064b6bf07
7,liam plunkett,c †sarfaraz ahmed b anwar ali,1,2,3,0,0,50.00,20,8.60,172,8,team1,616be67b65ff323064b6bf07
8,chris woakes,not out,15,7,9,2,0,214.28,20,8.60,172,8,team1,616be67b65ff323064b6bf07
9,adil rashid,not out,3,2,6,0,0,150.00,20,8.60,172,8,team1,616be67b65ff323064b6bf07
10,ahmed shehzad,st †buttler b parry,28,18,26,2,2,155.55,20,8.45,169,8,team2,616be67b65ff323064b6bf07
11,rafatullah mohmand,st †buttler b rashid,23,24,38,3,0,95.83,20,8.45,169,8,team2,616be67b65ff323064b6bf07
12,mohammad hafeez,c willey b plunkett,25,20,23,3,1,125.00,20,8.45,169,8,team2,616be67b65ff323064b6bf07
13,shoaib malik,c billings b plunkett,26,21,36,1,1,123.80,20,8.45,169,8,team2,616be67b65ff323064b6bf07
14,sohaib maqsood,b rashid,2,6,5,0,0,33.33,20,8.45,169,8,team2,616be67b65ff323064b6bf07
15,umar akmal,c †buttler b plunkett,3,5,8,0,0,60.00,20,8.45,169,8,team2,616be67b65ff323064b6bf07
16,sarfaraz ahmed †,b woakes,19,13,28,1,0,146.15,20,8.45,169,8,team2,616be67b65ff323064b6bf07
17,shahid afridi (c),c plunkett b woakes,24,8,10,1,3,300.00,20,8.45,169,8,team2,616be67b65ff323064b6bf07
18,anwar ali,not out,3,4,14,0,0,75.00,20,8.45,169,8,team2,616be67b65ff323064b6bf07
19,sohail tanvir,not out,6,3,6,1,0,200.00,20,8.45,169,8,team2,616be67b65ff323064b6bf07
