,player,batting,r,b,m,4s,6s,sr,overs,run_rate,total_run,wickets,team,id
0,gautam gambhir,b m morkel,8,12,15,1,0,66.66,20,7.60,152,6,team1,616be3ab65ff323064b6be45
1,virender sehwag,b peterson,17,14,25,1,1,121.42,20,7.60,152,6,team1,616be3ab65ff323064b6be45
2,virat kohli,c †de villiers b kallis,2,6,5,0,0,33.33,20,7.60,152,6,team1,616be3ab65ff323064b6be45
3,rohit sharma,lbw b peterson,25,27,48,2,0,92.59,20,7.60,152,6,team1,616be3ab65ff323064b6be45
4,yuvraj singh,b m morkel,21,15,18,1,2,140.00,20,7.60,152,6,team1,616be3ab65ff323064b6be45
5,suresh raina,run out (botha/†de villiers),45,34,45,5,0,132.35,20,7.60,152,6,team1,616be3ab65ff323064b6be45
6,ms dhoni (c)†,not out,23,13,20,3,0,176.92,20,7.60,152,6,team1,616be3ab65ff323064b6be45
7,hashim amla,c sehwag b khan,0,2,2,0,0,0.00,19.5,7.61,151,10,team2,616be3ab65ff323064b6be45
8,jacques kallis,c sharma b pathan,6,8,16,1,0,75.00,19.5,7.61,151,10,team2,616be3ab65ff323064b6be45
9,ab de villiers (c)†,b yuvraj singh,13,13,27,2,0,100.00,19.5,7.61,151,10,team2,616be3ab65ff323064b6be45
10,faf du plessis,c raina b yuvraj singh,65,38,40,6,2,171.05,19.5,7.61,151,10,team2,616be3ab65ff323064b6be45
11,jean-paul duminy,c gambhir b balaji,16,23,39,0,0,69.56,19.5,7.61,151,10,team2,616be3ab65ff323064b6be45
12,farhaan behardien,c raina b khan,13,12,26,1,0,108.33,19.5,7.61,151,10,team2,616be3ab65ff323064b6be45
13,robin peterson,b khan,10,10,17,1,0,100.00,19.5,7.61,151,10,team2,616be3ab65ff323064b6be45
14,albie morkel,b balaji,10,6,12,0,1,166.66,19.5,7.61,151,10,team2,616be3ab65ff323064b6be45
15,johan botha,c raina b ashwin,8,5,6,0,1,160.00,19.5,7.61,151,10,team2,616be3ab65ff323064b6be45
16,dale steyn,not out,0,0,7,0,0,-,19.5,7.61,151,10,team2,616be3ab65ff323064b6be45
17,morne morkel,b balaji,6,3,2,0,1,200.00,19.5,7.61,151,10,team2,616be3ab65ff323064b6be45
