,player,batting,r,b,m,4s,6s,sr,overs,run_rate,total_run,wickets,team,id
0,david obuya †,c misbah-ul-haq b shoaib akhtar,4,3,-,1,0,133.33,19.4,4.67,92,10,team1,616be07165ff323064b6bd37
1,jimmy kamande,c salman butt b shoaib akhtar,0,8,-,0,0,0.00,19.4,4.67,92,10,team1,616be07165ff323064b6bd37
2,tanmay mishra,lbw b fawad alam,13,26,-,2,0,50.00,19.4,4.67,92,10,team1,616be07165ff323064b6bd37
3,collins obuya,b mohammad hafeez,17,23,-,0,0,73.91,19.4,4.67,92,10,team1,616be07165ff323064b6bd37
4,thomas odoyo (c),st †kamran akmal b abdur rehman,5,7,-,0,0,71.42,19.4,4.67,92,10,team1,616be07165ff323064b6bd37
5,tony suji,b abdur rehman,4,8,-,0,0,50.00,19.4,4.67,92,10,team1,616be07165ff323064b6bd37
6,alex obanda,st †kamran akmal b younis khan,5,17,-,0,0,29.41,19.4,4.67,92,10,team1,616be07165ff323064b6bd37
7,rajesh bhudia,b younis khan,9,9,-,0,1,100.00,19.4,4.67,92,10,team1,616be07165ff323064b6bd37
8,lameck onyango,st †kamran akmal b mohammad hafeez,4,8,-,0,0,50.00,19.4,4.67,92,10,team1,616be07165ff323064b6bd37
9,peter ongondo,c abdur rehman b younis khan,16,7,-,1,1,228.57,19.4,4.67,92,10,team1,616be07165ff323064b6bd37
10,hiren varaiya,not out,5,8,-,0,0,62.50,19.4,4.67,92,10,team1,616be07165ff323064b6bd37
11,shoaib malik (c),c co obuya b varaiya,42,33,-,2,3,127.27,14,6.64,93,2,team2,616be07165ff323064b6bd37
12,mohammad hafeez,c varaiya b ongondo,12,10,-,2,0,120.00,14,6.64,93,2,team2,616be07165ff323064b6bd37
13,misbah-ul-haq,not out,31,36,-,2,1,86.11,14,6.64,93,2,team2,616be07165ff323064b6bd37
14,fawad alam,not out,3,4,-,0,0,75.00,14,6.64,93,2,team2,616be07165ff323064b6bd37
