,player,batting,r,b,m,4s,6s,sr,overs,run_rate,total_run,wickets,team,id
0,hamilton masakadza,run out (ingram),72,63,72,6,2,114.28,20,8.39,168,4,team1,616be25c65ff323064b6bde2
1,brendan taylor,lbw b parnell,0,5,19,0,0,0.00,20,8.39,168,4,team1,616be25c65ff323064b6bde2
2,chamu chibhabha,c botha b parnell,52,32,34,6,2,162.50,20,8.39,168,4,team1,616be25c65ff323064b6bde2
3,elton chigumbura (c),b theron,10,8,13,1,0,125.00,20,8.39,168,4,team1,616be25c65ff323064b6bde2
4,charles coventry,not out,12,7,18,1,1,171.42,20,8.39,168,4,team1,616be25c65ff323064b6bde2
5,keith dabengwa,not out,12,5,6,1,1,240.00,20,8.39,168,4,team1,616be25c65ff323064b6bde2
6,graeme smith,lbw b cremer,58,29,33,9,2,200.00,15.5,10.67,169,3,team2,616be25c65ff323064b6bde2
7,loots bosman,c taylor b utseya,33,15,30,2,3,220.00,15.5,10.67,169,3,team2,616be25c65ff323064b6bde2
8,colin ingram,c masakadza b utseya,3,5,8,0,0,60.00,15.5,10.67,169,3,team2,616be25c65ff323064b6bde2
9,jean-paul duminy,not out,35,22,31,2,2,159.09,15.5,10.67,169,3,team2,616be25c65ff323064b6bde2
10,david miller,not out,36,24,26,5,1,150.00,15.5,10.67,169,3,team2,616be25c65ff323064b6bde2
