,player,batting,r,b,m,4s,6s,sr,overs,run_rate,total_run,wickets,team,id
0,stuart matsikenyeri,c kulatunga b maharoof,1,3,-,0,0,33.33,17,6.23,106,8,team1,616be0ff65ff323064b6bd6a
1,hamilton masakadza,c mendis b maharoof,22,14,-,2,2,157.14,17,6.23,106,8,team1,616be0ff65ff323064b6bd6a
2,chamu chibhabha,c kapugedera b thushara,13,15,-,2,0,86.66,17,6.23,106,8,team1,616be0ff65ff323064b6bd6a
3,tatenda taibu †,not out,45,47,-,6,0,95.74,17,6.23,106,8,team1,616be0ff65ff323064b6bd6a
4,keith dabengwa,b mendis,4,5,-,0,0,80.00,17,6.23,106,8,team1,616be0ff65ff323064b6bd6a
5,elton chigumbura,c †dilshan b mendis,5,5,-,1,0,100.00,17,6.23,106,8,team1,616be0ff65ff323064b6bd6a
6,timycen maruma,run out (jayawardene),3,4,-,0,0,75.00,17,6.23,106,8,team1,616be0ff65ff323064b6bd6a
7,prosper utseya (c),st †dilshan b mendis,4,6,-,0,0,66.66,17,6.23,106,8,team1,616be0ff65ff323064b6bd6a
8,ray price,c kulatunga b mendis,1,2,-,0,0,50.00,17,6.23,106,8,team1,616be0ff65ff323064b6bd6a
9,tawanda mupariwa,not out,2,2,-,0,0,100.00,17,6.23,106,8,team1,616be0ff65ff323064b6bd6a
10,mahela udawatte,c maruma b chigumbura,25,15,-,2,1,166.66,16,6.68,107,5,team2,616be0ff65ff323064b6bd6a
11,tillakaratne dilshan †,b price,33,37,-,3,0,89.18,16,6.68,107,5,team2,616be0ff65ff323064b6bd6a
12,jeevantha kulatunga,b price,8,20,-,0,0,40.00,16,6.68,107,5,team2,616be0ff65ff323064b6bd6a
13,thilina kandamby,run out (maruma),1,2,-,0,0,50.00,16,6.68,107,5,team2,616be0ff65ff323064b6bd6a
14,mahela jayawardene (c),run out (price),0,0,-,0,0,-,16,6.68,107,5,team2,616be0ff65ff323064b6bd6a
15,chamara kapugedera,not out,18,11,-,1,1,163.63,16,6.68,107,5,team2,616be0ff65ff323064b6bd6a
16,farveez maharoof,not out,13,11,-,0,1,118.18,16,6.68,107,5,team2,616be0ff65ff323064b6bd6a
