,player,batting,r,b,m,4s,6s,sr,overs,run_rate,total_run,wickets,team,id
0,karim sadiq,st †nj o'brien b johnston,3,6,10,0,0,50.00,20,6.05,121,9,team1,616be1b665ff323064b6bda6
1,shafiqullah,lbw b johnston,23,16,27,3,1,143.75,20,6.05,121,9,team1,616be1b665ff323064b6bda6
2,mohammad shahzad †,c kj o'brien b johnston,10,8,8,2,0,125.00,20,6.05,121,9,team1,616be1b665ff323064b6bda6
3,nawroz mangal (c),c wilson b dockrell,27,25,31,5,0,108.00,20,6.05,121,9,team1,616be1b665ff323064b6bda6
4,asghar afghan,c white b johnston,1,5,7,0,0,20.00,20,6.05,121,9,team1,616be1b665ff323064b6bda6
5,raees ahmadzai,not out,33,36,48,2,0,91.66,20,6.05,121,9,team1,616be1b665ff323064b6bda6
6,mohammad nabi,c wilson b dockrell,2,5,6,0,0,40.00,20,6.05,121,9,team1,616be1b665ff323064b6bda6
7,samiullah shinwari,c kj o'brien b botha,14,11,12,0,1,127.27,20,6.05,121,9,team1,616be1b665ff323064b6bda6
8,hamid hassan,c cusack b botha,2,3,6,0,0,66.66,20,6.05,121,9,team1,616be1b665ff323064b6bda6
9,shapoor zadran,st †nj o'brien b botha,0,2,1,0,0,0.00,20,6.05,121,9,team1,616be1b665ff323064b6bda6
10,dawlat ahmadzai,not out,2,3,3,0,0,66.66,20,6.05,121,9,team1,616be1b665ff323064b6bda6
11,william porterfield (c),b karim sadiq,46,30,30,9,0,153.33,18.1,6.82,124,5,team2,616be1b665ff323064b6bda6
12,niall o'brien †,c †mohammad shahzad b dawlat ahmadzai,18,13,22,3,0,138.46,18.1,6.82,124,5,team2,616be1b665ff323064b6bda6
13,paul stirling,c & b mohammad nabi,17,29,30,1,0,58.62,18.1,6.82,124,5,team2,616be1b665ff323064b6bda6
14,andre botha,b karim sadiq,5,10,13,0,0,50.00,18.1,6.82,124,5,team2,616be1b665ff323064b6bda6
15,kevin o'brien,b hamid hassan,1,2,4,0,0,50.00,18.1,6.82,124,5,team2,616be1b665ff323064b6bda6
16,john mooney,not out,8,9,18,1,0,88.88,18.1,6.82,124,5,team2,616be1b665ff323064b6bda6
17,gary wilson,not out,16,16,14,2,0,100.00,18.1,6.82,124,5,team2,616be1b665ff323064b6bda6
