,player,batting,r,b,m,4s,6s,sr,overs,run_rate,total_run,wickets,team,id
0,quinton de kock †,c †dunk b cummins,48,27,-,5,2,177.77,20,7.25,145,6,team1,616be5d165ff323064b6bec3
1,reeza hendricks,b bollinger,49,48,-,5,0,102.08,20,7.25,145,6,team1,616be5d165ff323064b6bec3
2,rilee rossouw,c abbott b boyce,4,4,-,0,0,100.00,20,7.25,145,6,team1,616be5d165ff323064b6bec3
3,david miller,not out,34,26,-,3,0,130.76,20,7.25,145,6,team1,616be5d165ff323064b6bec3
4,farhaan behardien,c abbott b faulkner,1,5,-,0,0,20.00,20,7.25,145,6,team1,616be5d165ff323064b6bec3
5,jean-paul duminy (c),c maxwell b faulkner,2,5,-,0,0,40.00,20,7.25,145,6,team1,616be5d165ff323064b6bec3
6,david wiese,c †dunk b faulkner,0,1,-,0,0,0.00,20,7.25,145,6,team1,616be5d165ff323064b6bec3
7,robin peterson,not out,4,4,-,0,0,100.00,20,7.25,145,6,team1,616be5d165ff323064b6bec3
8,ben dunk †,c & b peterson,14,8,-,0,1,175.00,19.5,7.36,146,8,team2,616be5d165ff323064b6bec3
9,aaron finch (c),c de lange b wiese,33,25,-,2,2,132.00,19.5,7.36,146,8,team2,616be5d165ff323064b6bec3
10,shane watson,c miller b peterson,5,10,-,0,0,50.00,19.5,7.36,146,8,team2,616be5d165ff323064b6bec3
11,nic maddinson,b wiese,4,6,-,0,0,66.66,19.5,7.36,146,8,team2,616be5d165ff323064b6bec3
12,glenn maxwell,c hendricks b peterson,23,15,-,2,1,153.33,19.5,7.36,146,8,team2,616be5d165ff323064b6bec3
13,cameron white,not out,41,31,-,4,1,132.25,19.5,7.36,146,8,team2,616be5d165ff323064b6bec3
14,james faulkner,c miller b de lange,9,8,-,0,1,112.50,19.5,7.36,146,8,team2,616be5d165ff323064b6bec3
15,pat cummins,c & b wiese,3,7,-,0,0,42.85,19.5,7.36,146,8,team2,616be5d165ff323064b6bec3
16,sean abbott,lbw b abbott,5,8,-,1,0,62.50,19.5,7.36,146,8,team2,616be5d165ff323064b6bec3
17,cameron boyce,not out,1,1,-,0,0,100.00,19.5,7.36,146,8,team2,616be5d165ff323064b6bec3
