,player,batting,r,b,m,4s,6s,sr,overs,run_rate,total_run,wickets,team,id
0,tamim iqbal,run out (mohammad hafeez),3,8,13,0,0,37.50,19.4,7.11,140,10,team1,616be07165ff323064b6bd4e
1,junaid siddique,c misbah-ul-haq b shoaib malik,71,49,57,6,3,144.89,19.4,7.11,140,10,team1,616be07165ff323064b6bd4e
2,aftab ahmed,st †kamran akmal b mohammad hafeez,15,17,26,0,0,88.23,19.4,7.11,140,10,team1,616be07165ff323064b6bd4e
3,mohammad ashraful (c),lbw b shahid afridi,5,4,2,0,0,125.00,19.4,7.11,140,10,team1,616be07165ff323064b6bd4e
4,shakib al hasan,c & b mohammad hafeez,1,3,2,0,0,33.33,19.4,7.11,140,10,team1,616be07165ff323064b6bd4e
5,nadif chowdhury,c †kamran akmal b shoaib malik,12,10,14,1,0,120.00,19.4,7.11,140,10,team1,616be07165ff323064b6bd4e
6,mahmudullah,run out (umar gul),1,1,5,0,0,100.00,19.4,7.11,140,10,team1,616be07165ff323064b6bd4e
7,mashrafe mortaza,b mohammad asif,11,14,14,0,0,78.57,19.4,7.11,140,10,team1,616be07165ff323064b6bd4e
8,mushfiqur rahim †,not out,6,9,19,0,0,66.66,19.4,7.11,140,10,team1,616be07165ff323064b6bd4e
9,abdur razzak,run out (mohammad asif),0,1,1,0,0,0.00,19.4,7.11,140,10,team1,616be07165ff323064b6bd4e
10,syed rasel,b umar gul,1,6,5,0,0,16.66,19.4,7.11,140,10,team1,616be07165ff323064b6bd4e
11,imran nazir,not out,27,18,19,3,1,150.00,19,7.42,141,6,team2,616be07165ff323064b6bd4e
12,shahid afridi,c †mushfiqur rahim b abdur razzak,39,15,32,5,2,260.00,19,7.42,141,6,team2,616be07165ff323064b6bd4e
13,mohammad hafeez,c tamim iqbal b syed rasel,23,21,23,4,0,109.52,19,7.42,141,6,team2,616be07165ff323064b6bd4e
14,salman butt,run out (shakib al hasan/†mushfiqur rahim/mahmudullah),21,28,42,0,0,75.00,19,7.42,141,6,team2,616be07165ff323064b6bd4e
15,younis khan,st †mushfiqur rahim b abdur razzak,1,4,5,0,0,25.00,19,7.42,141,6,team2,616be07165ff323064b6bd4e
16,shoaib malik (c),c aftab ahmed b mahmudullah,21,23,20,2,0,91.30,19,7.42,141,6,team2,616be07165ff323064b6bd4e
17,misbah-ul-haq,lbw b mashrafe mortaza,1,2,4,0,0,50.00,19,7.42,141,6,team2,616be07165ff323064b6bd4e
18,kamran akmal †,not out,3,4,7,0,0,75.00,19,7.42,141,6,team2,616be07165ff323064b6bd4e
