,player,batting,r,b,m,4s,6s,sr,overs,run_rate,total_run,wickets,team,id
0,kusal perera,run out (saeed ajmal/sohail tanvir),84,59,98,5,4,142.37,20,10.55,211,3,team1,616be51c65ff323064b6be88
1,tillakaratne dilshan,c umar amin b saeed ajmal,48,33,53,8,0,145.45,20,10.55,211,3,team1,616be51c65ff323064b6be88
2,seekkuge prasanna,c usman shinwari b saeed ajmal,21,8,10,2,2,262.50,20,10.55,211,3,team1,616be51c65ff323064b6be88
3,kumar sangakkara †,not out,44,21,31,4,2,209.52,20,10.55,211,3,team1,616be51c65ff323064b6be88
4,ahmed shehzad,c sub (kdk vithanage) b senanayake,8,10,14,1,0,80.00,19.2,9.67,187,10,team2,616be51c65ff323064b6be88
5,sharjeel khan,b prasanna,50,25,43,5,3,200.00,19.2,9.67,187,10,team2,616be51c65ff323064b6be88
6,mohammad hafeez (c),c †sangakkara b kulasekara,7,7,7,1,0,100.00,19.2,9.67,187,10,team2,616be51c65ff323064b6be88
7,sohaib maqsood,c chandimal b nltc perera,15,16,16,2,0,93.75,19.2,9.67,187,10,team2,616be51c65ff323064b6be88
8,umar akmal †,b prasanna,0,1,7,0,0,0.00,19.2,9.67,187,10,team2,616be51c65ff323064b6be88
9,shahid afridi,c †sangakkara b nltc perera,28,13,22,2,2,215.38,19.2,9.67,187,10,team2,616be51c65ff323064b6be88
10,umar amin,c chandimal b senanayake,0,2,2,0,0,0.00,19.2,9.67,187,10,team2,616be51c65ff323064b6be88
11,bilawal bhatti,st †sangakkara b senanayake,0,1,1,0,0,0.00,19.2,9.67,187,10,team2,616be51c65ff323064b6be88
12,sohail tanvir,c prasanna b malinga,41,26,46,5,1,157.69,19.2,9.67,187,10,team2,616be51c65ff323064b6be88
13,saeed ajmal,lbw b kulasekara,20,15,36,1,1,133.33,19.2,9.67,187,10,team2,616be51c65ff323064b6be88
14,usman shinwari,not out,2,3,4,0,0,66.66,19.2,9.67,187,10,team2,616be51c65ff323064b6be88
