,player,batting,r,b,m,4s,6s,sr,overs,run_rate,total_run,wickets,team,id
0,adam gilchrist †,c matsikenyeri b chigumbura,4,6,9,0,0,66.66,20,6.90,138,9,team1,616be07165ff323064b6bd3b
1,matthew hayden,c †taylor b chigumbura,4,2,2,1,0,200.00,20,6.90,138,9,team1,616be07165ff323064b6bd3b
2,ricky ponting (c),c chigumbura b brent,8,15,14,1,0,53.33,20,6.90,138,9,team1,616be07165ff323064b6bd3b
3,andrew symonds,st †taylor b masakadza,33,25,40,4,0,132.00,20,6.90,138,9,team1,616be07165ff323064b6bd3b
4,michael hussey,run out (sibanda),15,23,20,1,0,65.21,20,6.90,138,9,team1,616be07165ff323064b6bd3b
5,brad hodge,not out,35,22,36,2,2,159.09,20,6.90,138,9,team1,616be07165ff323064b6bd3b
6,brad haddin,c chigumbura b utseya,6,12,7,0,0,50.00,20,6.90,138,9,team1,616be07165ff323064b6bd3b
7,brett lee,b brent,13,7,6,1,1,185.71,20,6.90,138,9,team1,616be07165ff323064b6bd3b
8,mitchell johnson,run out (brent/†taylor),9,5,5,1,0,180.00,20,6.90,138,9,team1,616be07165ff323064b6bd3b
9,nathan bracken,c sibanda b chigumbura,4,3,1,0,0,133.33,20,6.90,138,9,team1,616be07165ff323064b6bd3b
10,vusi sibanda,c †gilchrist b bracken,23,15,16,5,0,153.33,19.5,7.00,139,5,team2,616be07165ff323064b6bd3b
11,brendan taylor †,not out,60,45,80,4,2,133.33,19.5,7.00,139,5,team2,616be07165ff323064b6bd3b
12,chamu chibhabha,c †gilchrist b clark,15,14,13,3,0,107.14,19.5,7.00,139,5,team2,616be07165ff323064b6bd3b
13,tatenda taibu,c †gilchrist b johnson,0,6,3,0,0,0.00,19.5,7.00,139,5,team2,616be07165ff323064b6bd3b
14,stuart matsikenyeri,c †gilchrist b clark,3,8,11,0,0,37.50,19.5,7.00,139,5,team2,616be07165ff323064b6bd3b
15,hamilton masakadza,lbw b lee,27,28,-,2,0,96.42,19.5,7.00,139,5,team2,616be07165ff323064b6bd3b
16,elton chigumbura,not out,4,3,6,0,0,133.33,19.5,7.00,139,5,team2,616be07165ff323064b6bd3b
