,player,batting,r,b,m,4s,6s,sr,overs,run_rate,total_run,wickets,team,id
0,martin guptill,c miller b behardien,60,35,50,6,3,171.42,20,8.85,177,7,team1,616be67b65ff323064b6bef5
1,kane williamson (c),c abbott b rabada,25,17,23,4,1,147.05,20,8.85,177,7,team1,616be67b65ff323064b6bef5
2,tom latham,c amla b leie,3,8,14,0,0,37.50,20,8.85,177,7,team1,616be67b65ff323064b6bef5
3,grant elliott,lbw b phangiso,20,17,18,2,0,117.64,20,8.85,177,7,team1,616be67b65ff323064b6bef5
4,james neesham,b rabada,28,19,33,3,1,147.36,20,8.85,177,7,team1,616be67b65ff323064b6bef5
5,luke ronchi †,c miller b wiese,6,8,17,0,0,75.00,20,8.85,177,7,team1,616be67b65ff323064b6bef5
6,colin munro,c de villiers b rabada,18,7,8,3,1,257.14,20,8.85,177,7,team1,616be67b65ff323064b6bef5
7,nathan mccullum,not out,1,2,10,0,0,50.00,20,8.85,177,7,team1,616be67b65ff323064b6bef5
8,adam milne,not out,10,7,8,1,0,142.85,20,8.85,177,7,team1,616be67b65ff323064b6bef5
9,hashim amla,c munro b milne,14,13,16,2,0,107.69,20,7.25,145,8,team2,616be67b65ff323064b6bef5
10,morne van wyk †,c †ronchi b mcclenaghan,3,5,11,0,0,60.00,20,7.25,145,8,team2,616be67b65ff323064b6bef5
11,ab de villiers (c),c neesham b mccullum,15,9,20,2,1,166.66,20,7.25,145,8,team2,616be67b65ff323064b6bef5
12,rilee rossouw,c williamson b sodhi,26,23,29,4,0,113.04,20,7.25,145,8,team2,616be67b65ff323064b6bef5
13,farhaan behardien,c guptill b mccullum,36,27,33,3,1,133.33,20,7.25,145,8,team2,616be67b65ff323064b6bef5
14,david miller,c munro b mcclenaghan,29,20,43,2,1,145.00,20,7.25,145,8,team2,616be67b65ff323064b6bef5
15,david wiese,c mccullum b sodhi,2,4,4,0,0,50.00,20,7.25,145,8,team2,616be67b65ff323064b6bef5
16,aaron phangiso,c williamson b neesham,2,5,6,0,0,40.00,20,7.25,145,8,team2,616be67b65ff323064b6bef5
17,kagiso rabada,not out,5,6,14,0,0,83.33,20,7.25,145,8,team2,616be67b65ff323064b6bef5
18,kyle abbott,not out,9,8,13,1,0,112.50,20,7.25,145,8,team2,616be67b65ff323064b6bef5
