,player,batting,r,b,m,4s,6s,sr,overs,run_rate,total_run,wickets,team,id
0,mukhtar ahmed,c vandersay b mathews,2,8,10,0,0,25.00,20,8.75,175,5,team1,616be67b65ff323064b6bef1
1,ahmed shehzad,c malinga b nltc perera,46,38,53,4,0,121.05,20,8.75,175,5,team1,616be67b65ff323064b6bef1
2,mohammad hafeez,c vithanage b nltc perera,17,14,25,2,0,121.42,20,8.75,175,5,team1,616be67b65ff323064b6bef1
3,shoaib malik,not out,46,31,61,4,0,148.38,20,8.75,175,5,team1,616be67b65ff323064b6bef1
4,umar akmal,lbw b malinga,46,24,36,3,3,191.66,20,8.75,175,5,team1,616be67b65ff323064b6bef1
5,shahid afridi (c),b fernando,8,4,5,0,1,200.00,20,8.75,175,5,team1,616be67b65ff323064b6bef1
6,anwar ali,not out,0,1,1,0,0,0.00,20,8.75,175,5,team1,616be67b65ff323064b6bef1
7,kusal perera †,c shahid afridi b anwar ali,4,3,2,0,0,133.33,20,7.29,146,7,team2,616be67b65ff323064b6bef1
8,tillakaratne dilshan,c †mohammad rizwan b sohail tanvir,6,5,10,1,0,120.00,20,7.29,146,7,team2,616be67b65ff323064b6bef1
9,dhananjaya de silva,c ahmed shehzad b shoaib malik,31,32,56,1,0,96.87,20,7.29,146,7,team2,616be67b65ff323064b6bef1
10,kithuruwan vithanage,b sohail tanvir,1,4,6,0,0,25.00,20,7.29,146,7,team2,616be67b65ff323064b6bef1
11,angelo mathews,b imad wasim,23,26,29,1,0,88.46,20,7.29,146,7,team2,616be67b65ff323064b6bef1
12,milinda siriwardana,c anwar ali b sohail tanvir,35,18,24,3,2,194.44,20,7.29,146,7,team2,616be67b65ff323064b6bef1
13,chamara kapugedera,not out,31,16,36,1,3,193.75,20,7.29,146,7,team2,616be67b65ff323064b6bef1
14,thisara perera,c †mohammad rizwan b anwar ali,2,4,6,0,0,50.00,20,7.29,146,7,team2,616be67b65ff323064b6bef1
15,binura fernando,not out,8,12,16,1,0,66.66,20,7.29,146,7,team2,616be67b65ff323064b6bef1
