,player,batting,r,b,m,4s,6s,sr,overs,run_rate,total_run,wickets,team,id
0,graeme smith (c),c nawroz mangal b mohammad nabi,27,14,20,4,1,192.85,20,6.95,139,7,team1,616be25c65ff323064b6bdc8
1,loots bosman,run out (shapoor zadran/samiullah shinwari),0,1,6,0,0,0.00,20,6.95,139,7,team1,616be25c65ff323064b6bdc8
2,jacques kallis,c †mohammad shahzad b hamid hassan,34,33,35,0,2,103.03,20,6.95,139,7,team1,616be25c65ff323064b6bdc8
3,ab de villiers,st †mohammad shahzad b nawroz mangal,17,21,17,1,1,80.95,20,6.95,139,7,team1,616be25c65ff323064b6bdc8
4,jean-paul duminy,c nawroz mangal b hamid hassan,25,21,23,0,2,119.04,20,6.95,139,7,team1,616be25c65ff323064b6bdc8
5,mark boucher †,lbw b hamid hassan,4,6,3,0,0,66.66,20,6.95,139,7,team1,616be25c65ff323064b6bdc8
6,albie morkel,c nawroz mangal b shapoor zadran,23,17,20,2,1,135.29,20,6.95,139,7,team1,616be25c65ff323064b6bdc8
7,roelof van der merwe,not out,2,6,7,0,0,33.33,20,6.95,139,7,team1,616be25c65ff323064b6bdc8
8,dale steyn,not out,1,1,1,0,0,100.00,20,6.95,139,7,team1,616be25c65ff323064b6bdc8
9,noor ali zadran,c †boucher b steyn,0,3,2,0,0,0.00,16,5.00,80,10,team2,616be25c65ff323064b6bdc8
10,karim sadiq,c de villiers b m morkel,2,8,17,0,0,25.00,16,5.00,80,10,team2,616be25c65ff323064b6bdc8
11,mohammad shahzad †,c †boucher b steyn,2,6,4,0,0,33.33,16,5.00,80,10,team2,616be25c65ff323064b6bdc8
12,nawroz mangal (c),c kallis b m morkel,1,4,1,0,0,25.00,16,5.00,80,10,team2,616be25c65ff323064b6bdc8
13,asghar afghan,c steyn b langeveldt,3,6,16,0,0,50.00,16,5.00,80,10,team2,616be25c65ff323064b6bdc8
14,raees ahmadzai,c †boucher b m morkel,4,2,1,1,0,200.00,16,5.00,80,10,team2,616be25c65ff323064b6bdc8
15,mohammad nabi,c duminy b m morkel,0,5,6,0,0,0.00,16,5.00,80,10,team2,616be25c65ff323064b6bdc8
16,samiullah shinwari,run out (de villiers),11,12,10,0,1,91.66,16,5.00,80,10,team2,616be25c65ff323064b6bdc8
17,mirwais ashraf,b langeveldt,23,25,22,1,2,92.00,16,5.00,80,10,team2,616be25c65ff323064b6bdc8
18,hamid hassan,c kallis b langeveldt,22,21,32,1,2,104.76,16,5.00,80,10,team2,616be25c65ff323064b6bdc8
19,shapoor zadran,not out,1,6,17,0,0,16.66,16,5.00,80,10,team2,616be25c65ff323064b6bdc8
