,player,batting,r,b,m,4s,6s,sr,overs,run_rate,total_run,wickets,team,id
0,rob nicol,c thirimanne b dananjaya,58,40,71,3,4,145.00,20,8.69,174,7,team1,616be3ab65ff323064b6be3a
1,martin guptill,c perera b dananjaya,38,30,34,6,0,126.66,20,8.69,174,7,team1,616be3ab65ff323064b6be3a
2,brendon mccullum †,c perera b baw mendis,25,16,22,0,2,156.25,20,8.69,174,7,team1,616be3ab65ff323064b6be3a
3,ross taylor (c),b kulasekara,23,15,26,2,0,153.33,20,8.69,174,7,team1,616be3ab65ff323064b6be3a
4,jacob oram,c dilshan b kulasekara,6,6,15,1,0,100.00,20,8.69,174,7,team1,616be3ab65ff323064b6be3a
5,nathan mccullum,b malinga,3,4,10,0,0,75.00,20,8.69,174,7,team1,616be3ab65ff323064b6be3a
6,james franklin,not out,8,5,14,1,0,160.00,20,8.69,174,7,team1,616be3ab65ff323064b6be3a
7,kane williamson,run out (bmaj mendis/†sangakkara),4,4,8,0,0,100.00,20,8.69,174,7,team1,616be3ab65ff323064b6be3a
8,mahela jayawardene (c),c vettori b oram,44,26,32,3,3,169.23,20,8.69,174,6,team2,616be3ab65ff323064b6be3a
9,tillakaratne dilshan,run out (southee/†bb mccullum),76,53,81,5,3,143.39,20,8.69,174,6,team2,616be3ab65ff323064b6be3a
10,kumar sangakkara †,run out (oram/†bb mccullum),21,14,19,4,0,150.00,20,8.69,174,6,team2,616be3ab65ff323064b6be3a
11,jeevan mendis,c taylor b franklin,8,9,10,1,0,88.88,20,8.69,174,6,team2,616be3ab65ff323064b6be3a
12,angelo mathews,not out,12,11,33,0,0,109.09,20,8.69,174,6,team2,616be3ab65ff323064b6be3a
13,thisara perera,b franklin,5,3,5,1,0,166.66,20,8.69,174,6,team2,616be3ab65ff323064b6be3a
14,lahiru thirimanne,run out (franklin/taylor),5,4,10,1,0,125.00,20,8.69,174,6,team2,616be3ab65ff323064b6be3a
