,player,batting,r,b,m,4s,6s,sr,overs,run_rate,total_run,wickets,team,id
0,johnson charles,st †sangakkara b baw mendis,12,21,23,2,0,57.14,20,6.44,129,5,team1,616be3ab65ff323064b6be3f
1,chris gayle,c †sangakkara b kulasekara,2,9,26,0,0,22.22,20,6.44,129,5,team1,616be3ab65ff323064b6be3f
2,marlon samuels,c dilshan b mathews,50,35,64,4,2,142.85,20,6.44,129,5,team1,616be3ab65ff323064b6be3f
3,dwayne bravo,c dilshan b bmaj mendis,40,34,36,4,2,117.64,20,6.44,129,5,team1,616be3ab65ff323064b6be3f
4,kieron pollard,b baw mendis,1,6,8,0,0,16.66,20,6.44,129,5,team1,616be3ab65ff323064b6be3f
5,andre russell,not out,19,14,19,0,1,135.71,20,6.44,129,5,team1,616be3ab65ff323064b6be3f
6,daren sammy (c),not out,1,1,2,0,0,100.00,20,6.44,129,5,team1,616be3ab65ff323064b6be3f
7,mahela jayawardene (c),not out,65,49,72,10,1,132.65,15.2,8.47,130,1,team2,616be3ab65ff323064b6be3f
8,tillakaratne dilshan,c †ramdin b rampaul,13,9,15,3,0,144.44,15.2,8.47,130,1,team2,616be3ab65ff323064b6be3f
9,kumar sangakkara †,not out,39,34,56,5,0,114.70,15.2,8.47,130,1,team2,616be3ab65ff323064b6be3f
