,player,batting,r,b,m,4s,6s,sr,overs,run_rate,total_run,wickets,team,id
0,shane watson,lbw b umar gul,33,14,-,5,0,235.71,19.5,5.44,108,10,team1,616be0ff65ff323064b6bd7e
1,brad haddin (c)†,c umar gul b shoaib malik,24,27,-,2,0,88.88,19.5,5.44,108,10,team1,616be0ff65ff323064b6bd7e
2,james hopes,lbw b shahid afridi,6,9,-,0,0,66.66,19.5,5.44,108,10,team1,616be0ff65ff323064b6bd7e
3,andrew symonds,lbw b shahid afridi,0,1,-,0,0,0.00,19.5,5.44,108,10,team1,616be0ff65ff323064b6bd7e
4,david hussey,b shahid afridi,4,11,-,0,0,36.36,19.5,5.44,108,10,team1,616be0ff65ff323064b6bd7e
5,callum ferguson,st †kamran akmal b shoaib malik,8,9,-,0,0,88.88,19.5,5.44,108,10,team1,616be0ff65ff323064b6bd7e
6,marcus north,b umar gul,20,21,-,1,0,95.23,19.5,5.44,108,10,team1,616be0ff65ff323064b6bd7e
7,nathan hauritz,c shoaib malik b umar gul,2,7,-,0,0,28.57,19.5,5.44,108,10,team1,616be0ff65ff323064b6bd7e
8,brett lee,b umar gul,0,3,-,0,0,0.00,19.5,5.44,108,10,team1,616be0ff65ff323064b6bd7e
9,nathan bracken,not out,3,11,-,0,0,27.27,19.5,5.44,108,10,team1,616be0ff65ff323064b6bd7e
10,ben hilfenhaus,c shahid afridi b saeed ajmal,2,8,-,0,0,25.00,19.5,5.44,108,10,team1,616be0ff65ff323064b6bd7e
11,salman butt,c hopes b hilfenhaus,16,12,-,3,0,133.33,16.2,6.67,109,3,team2,616be0ff65ff323064b6bd7e
12,ahmed shehzad,c sub (b laughlin) b lee,4,12,-,1,0,33.33,16.2,6.67,109,3,team2,616be0ff65ff323064b6bd7e
13,kamran akmal †,not out,59,42,-,5,3,140.47,16.2,6.67,109,3,team2,616be0ff65ff323064b6bd7e
14,misbah-ul-haq (c),c bracken b hauritz,24,32,-,1,0,75.00,16.2,6.67,109,3,team2,616be0ff65ff323064b6bd7e
15,shoaib malik,not out,0,1,-,0,0,0.00,16.2,6.67,109,3,team2,616be0ff65ff323064b6bd7e
