,player,batting,r,b,m,4s,6s,sr,overs,run_rate,total_run,wickets,team,id
0,morne van wyk,lbw b taylor,1,4,4,0,0,25.00,13,4.46,58,8,team1,616be07165ff323064b6bd56
1,herschelle gibbs,c chanderpaul b powell,0,4,11,0,0,0.00,13,4.46,58,8,team1,616be07165ff323064b6bd56
2,jean-paul duminy,b taylor,0,1,1,0,0,0.00,13,4.46,58,8,team1,616be07165ff323064b6bd56
3,ab de villiers †,b taylor,0,4,3,0,0,0.00,13,4.46,58,8,team1,616be07165ff323064b6bd56
4,gulam bodi,b sammy,8,25,44,0,0,32.00,13,4.46,58,8,team1,616be07165ff323064b6bd56
5,shaun pollock (c),run out (morton),2,5,7,0,0,40.00,13,4.46,58,8,team1,616be07165ff323064b6bd56
6,albie morkel,run out (bravo),1,4,7,0,0,25.00,13,4.46,58,8,team1,616be07165ff323064b6bd56
7,vernon philander,lbw b edwards,4,9,11,0,0,44.44,13,4.46,58,8,team1,616be07165ff323064b6bd56
8,johan botha,not out,28,22,31,2,2,127.27,13,4.46,58,8,team1,616be07165ff323064b6bd56
9,dale steyn,not out,1,1,15,0,0,100.00,13,4.46,58,8,team1,616be07165ff323064b6bd56
10,brenton parchment,c duminy b pollock,10,6,4,1,1,166.66,9.5,6.10,60,5,team2,616be07165ff323064b6bd56
11,devon smith,b steyn,7,7,14,1,0,100.00,9.5,6.10,60,5,team2,616be07165ff323064b6bd56
12,runako morton,b steyn,20,14,18,3,1,142.85,9.5,6.10,60,5,team2,616be07165ff323064b6bd56
13,shivnarine chanderpaul,not out,8,16,29,0,0,50.00,9.5,6.10,60,5,team2,616be07165ff323064b6bd56
14,marlon samuels,b steyn,1,3,3,0,0,33.33,9.5,6.10,60,5,team2,616be07165ff323064b6bd56
15,dwayne bravo (c),b steyn,0,1,1,0,0,0.00,9.5,6.10,60,5,team2,616be07165ff323064b6bd56
16,denesh ramdin †,not out,12,12,17,2,0,100.00,9.5,6.10,60,5,team2,616be07165ff323064b6bd56
