,player,batting,r,b,m,4s,6s,sr,overs,run_rate,total_run,wickets,team,id
0,tamim iqbal,b tanwir afzal,0,2,2,0,0,0.00,16.3,6.54,108,10,team1,616be51c65ff323064b6bea1
1,anamul haque,b nadeem ahmed,26,17,30,3,1,152.94,16.3,6.54,108,10,team1,616be51c65ff323064b6bea1
2,sabbir rahman,lbw b tanwir afzal,2,4,4,0,0,50.00,16.3,6.54,108,10,team1,616be51c65ff323064b6bea1
3,shakib al hasan,c nizakat khan b irfan ahmed,34,27,42,6,0,125.92,16.3,6.54,108,10,team1,616be51c65ff323064b6bea1
4,mushfiqur rahim (c)†,c munir dar b nizakat khan,23,18,25,3,0,127.77,16.3,6.54,108,10,team1,616be51c65ff323064b6bea1
5,nasir hossain,not out,14,17,28,0,0,82.35,16.3,6.54,108,10,team1,616be51c65ff323064b6bea1
6,mahmudullah,b nadeem ahmed,2,3,5,0,0,66.66,16.3,6.54,108,10,team1,616be51c65ff323064b6bea1
7,farhad reza,c †atkinson b nizakat khan,0,2,4,0,0,0.00,16.3,6.54,108,10,team1,616be51c65ff323064b6bea1
8,abdur razzak,c †atkinson b nizakat khan,0,1,1,0,0,0.00,16.3,6.54,108,10,team1,616be51c65ff323064b6bea1
9,rubel hossain,b nadeem ahmed,0,3,2,0,0,0.00,16.3,6.54,108,10,team1,616be51c65ff323064b6bea1
10,al-amin hossain,c babar hayat b nadeem ahmed,1,5,8,0,0,20.00,16.3,6.54,108,10,team1,616be51c65ff323064b6bea1
11,waqas barkat,st †mushfiqur rahim b shakib al hasan,0,2,6,0,0,0.00,19.4,5.79,114,8,team2,616be51c65ff323064b6bea1
12,irfan ahmed,lbw b shakib al hasan,34,28,32,3,3,121.42,19.4,5.79,114,8,team2,616be51c65ff323064b6bea1
13,jamie atkinson (c)†,lbw b shakib al hasan,7,14,30,0,0,50.00,19.4,5.79,114,8,team2,616be51c65ff323064b6bea1
14,mark chapman,b mahmudullah,5,7,12,0,0,71.42,19.4,5.79,114,8,team2,616be51c65ff323064b6bea1
15,babar hayat,c †mushfiqur rahim b al-amin hossain,1,4,5,0,0,25.00,19.4,5.79,114,8,team2,616be51c65ff323064b6bea1
16,nizakat khan,c sub (mominul haque) b mahmudullah,12,21,37,0,0,57.14,19.4,5.79,114,8,team2,616be51c65ff323064b6bea1
17,munir dar,lbw b abdur razzak,36,27,45,3,1,133.33,19.4,5.79,114,8,team2,616be51c65ff323064b6bea1
18,tanwir afzal,b sabbir rahman,0,7,13,0,0,0.00,19.4,5.79,114,8,team2,616be51c65ff323064b6bea1
19,haseeb amjad,not out,12,6,9,0,1,200.00,19.4,5.79,114,8,team2,616be51c65ff323064b6bea1
20,nadeem ahmed,not out,2,2,5,0,0,100.00,19.4,5.79,114,8,team2,616be51c65ff323064b6bea1
