,player,batting,r,b,m,4s,6s,sr,overs,run_rate,total_run,wickets,team,id
0,upul tharanga,b franklin,0,3,1,0,0,0.00,18.2,6.27,115,10,team1,616be07165ff323064b6bd30
1,chamara kapugedera,c franklin b mason,12,12,18,1,1,100.00,18.2,6.27,115,10,team1,616be07165ff323064b6bd30
2,mahela jayawardene (c),c patel b franklin,9,7,13,1,0,128.57,18.2,6.27,115,10,team1,616be07165ff323064b6bd30
3,kumar sangakkara †,c †mcglashan b adams,13,17,23,2,0,76.47,18.2,6.27,115,10,team1,616be07165ff323064b6bd30
4,marvan atapattu,c fulton b franklin,5,8,11,0,0,62.50,18.2,6.27,115,10,team1,616be07165ff323064b6bd30
5,tillakaratne dilshan,run out (fulton/†mcglashan),3,10,15,0,0,30.00,18.2,6.27,115,10,team1,616be07165ff323064b6bd30
6,chamara silva,c †mcglashan b adams,12,19,23,0,0,63.15,18.2,6.27,115,10,team1,616be07165ff323064b6bd30
7,malinga bandara,c taylor b gillespie,1,2,4,0,0,50.00,18.2,6.27,115,10,team1,616be07165ff323064b6bd30
8,lasith malinga,b patel,27,19,25,2,2,142.10,18.2,6.27,115,10,team1,616be07165ff323064b6bd30
9,dilhara fernando,c adams b astle,21,14,14,4,0,150.00,18.2,6.27,115,10,team1,616be07165ff323064b6bd30
10,ruchira perera,not out,0,0,1,0,0,-,18.2,6.27,115,10,team1,616be07165ff323064b6bd30
11,brendon mccullum,run out (kapugedera/†sangakkara),28,28,40,6,0,100.00,18.3,6.27,116,5,team2,616be07165ff323064b6bd30
12,stephen fleming (c),c kapugedera b fernando,17,16,27,4,0,106.25,18.3,6.27,116,5,team2,616be07165ff323064b6bd30
13,ross taylor,run out (bandara/dilshan),4,7,9,0,0,57.14,18.3,6.27,116,5,team2,616be07165ff323064b6bd30
14,nathan astle,not out,40,37,42,4,1,108.10,18.3,6.27,116,5,team2,616be07165ff323064b6bd30
15,peter fulton,b fernando,14,13,13,1,1,107.69,18.3,6.27,116,5,team2,616be07165ff323064b6bd30
16,peter mcglashan †,c dilshan b fernando,2,4,6,0,0,50.00,18.3,6.27,116,5,team2,616be07165ff323064b6bd30
17,james franklin,not out,3,6,19,0,0,50.00,18.3,6.27,116,5,team2,616be07165ff323064b6bd30
