,player,batting,r,b,m,4s,6s,sr,overs,run_rate,total_run,wickets,team,id
0,morris ouma †,c cusack b connell,6,5,2,1,0,120.00,17.2,3.86,67,10,team1,616be0ff65ff323064b6bd64
1,kennedy otieno,c connell b kj o'brien,7,10,15,0,0,70.00,17.2,3.86,67,10,team1,616be0ff65ff323064b6bd64
2,nehemiah odhiambo,lbw b kj o'brien,1,3,6,0,0,33.33,17.2,3.86,67,10,team1,616be0ff65ff323064b6bd64
3,steve tikolo (c),lbw b botha,13,26,29,1,0,50.00,17.2,3.86,67,10,team1,616be0ff65ff323064b6bd64
4,alex obanda,c mccallan b connell,0,5,11,0,0,0.00,17.2,3.86,67,10,team1,616be0ff65ff323064b6bd64
5,thomas odoyo,b botha,10,16,30,1,0,62.50,17.2,3.86,67,10,team1,616be0ff65ff323064b6bd64
6,ragheb aga,b cusack,5,6,5,1,0,83.33,17.2,3.86,67,10,team1,616be0ff65ff323064b6bd64
7,jimmy kamande,b cusack,0,2,2,0,0,0.00,17.2,3.86,67,10,team1,616be0ff65ff323064b6bd64
8,tony suji,run out (porterfield),7,17,28,0,0,41.17,17.2,3.86,67,10,team1,616be0ff65ff323064b6bd64
9,peter ongondo,b botha,0,1,1,0,0,0.00,17.2,3.86,67,10,team1,616be0ff65ff323064b6bd64
10,hiren varaiya,not out,6,13,14,0,0,46.15,17.2,3.86,67,10,team1,616be0ff65ff323064b6bd64
11,william porterfield (c),c tikolo b odoyo,0,7,9,0,0,0.00,19.1,3.75,72,6,team2,616be0ff65ff323064b6bd64
12,gary wilson,c suji b odoyo,0,9,13,0,0,0.00,19.1,3.75,72,6,team2,616be0ff65ff323064b6bd64
13,niall o'brien †,c tikolo b kamande,11,30,59,0,0,36.66,19.1,3.75,72,6,team2,616be0ff65ff323064b6bd64
14,andre botha,b kamande,22,34,37,2,0,64.70,19.1,3.75,72,6,team2,616be0ff65ff323064b6bd64
15,andrew white,c varaiya b aga,1,3,4,0,0,33.33,19.1,3.75,72,6,team2,616be0ff65ff323064b6bd64
16,alex cusack,c obanda b aga,2,2,2,0,0,100.00,19.1,3.75,72,6,team2,616be0ff65ff323064b6bd64
17,kevin o'brien,not out,17,16,27,1,1,106.25,19.1,3.75,72,6,team2,616be0ff65ff323064b6bd64
18,trent johnston,not out,8,14,15,0,0,57.14,19.1,3.75,72,6,team2,616be0ff65ff323064b6bd64
