,player,batting,r,b,m,4s,6s,sr,overs,run_rate,total_run,wickets,team,id
0,shane watson,c sarwan b taylor,0,3,2,0,0,0.00,20,8.45,169,7,team1,616be0ff65ff323064b6bd81
1,david warner,c benn b bravo,63,53,71,6,1,118.86,20,8.45,169,7,team1,616be0ff65ff323064b6bd81
2,ricky ponting (c),lbw b taylor,0,1,1,0,0,0.00,20,8.45,169,7,team1,616be0ff65ff323064b6bd81
3,michael clarke,c benn b edwards,2,7,13,0,0,28.57,20,8.45,169,7,team1,616be0ff65ff323064b6bd81
4,brad haddin †,c benn b pollard,24,19,31,2,1,126.31,20,8.45,169,7,team1,616be0ff65ff323064b6bd81
5,david hussey,c fletcher b bravo,27,16,27,0,3,168.75,20,8.45,169,7,team1,616be0ff65ff323064b6bd81
6,michael hussey,not out,28,15,24,3,1,186.66,20,8.45,169,7,team1,616be0ff65ff323064b6bd81
7,mitchell johnson,c bravo b edwards,9,7,3,1,0,128.57,20,8.45,169,7,team1,616be0ff65ff323064b6bd81
8,brett lee,not out,1,1,3,0,0,100.00,20,8.45,169,7,team1,616be0ff65ff323064b6bd81
9,chris gayle (c),c watson b lee,88,50,75,6,6,176.00,15.5,10.86,172,3,team2,616be0ff65ff323064b6bd81
10,andre fletcher,c dj hussey b johnson,53,32,63,7,1,165.62,15.5,10.86,172,3,team2,616be0ff65ff323064b6bd81
11,xavier marshall,c hopes b johnson,8,12,15,0,0,66.66,15.5,10.86,172,3,team2,616be0ff65ff323064b6bd81
12,shivnarine chanderpaul,not out,0,1,8,0,0,0.00,15.5,10.86,172,3,team2,616be0ff65ff323064b6bd81
13,ramnaresh sarwan,not out,8,2,2,2,0,400.00,15.5,10.86,172,3,team2,616be0ff65ff323064b6bd81
