,player,batting,r,b,m,4s,6s,sr,overs,run_rate,total_run,wickets,team,id
0,graeme smith (c),c & b astle,61,43,39,10,1,141.86,19.3,6.82,133,10,team1,616be07165ff323064b6bd27
1,jacques kallis,b patel,20,18,43,1,1,111.11,19.3,6.82,133,10,team1,616be07165ff323064b6bd27
2,herschelle gibbs,lbw b patel,9,7,10,1,0,128.57,19.3,6.82,133,10,team1,616be07165ff323064b6bd27
3,justin kemp,c & b astle,8,11,11,1,0,72.72,19.3,6.82,133,10,team1,616be07165ff323064b6bd27
4,mark boucher †,b astle,4,8,14,0,0,50.00,19.3,6.82,133,10,team1,616be07165ff323064b6bd27
5,shaun pollock,c fleming b adams,0,2,3,0,0,0.00,19.3,6.82,133,10,team1,616be07165ff323064b6bd27
6,ashwell prince,run out (patel),5,6,13,0,0,83.33,19.3,6.82,133,10,team1,616be07165ff323064b6bd27
7,albie morkel,c †mccullum b patel,11,12,16,0,1,91.66,19.3,6.82,133,10,team1,616be07165ff323064b6bd27
8,charl langeveldt,b bond,2,4,5,0,0,50.00,19.3,6.82,133,10,team1,616be07165ff323064b6bd27
9,makhaya ntini,b bond,5,6,8,1,0,83.33,19.3,6.82,133,10,team1,616be07165ff323064b6bd27
10,andre nel,not out,0,2,3,0,0,0.00,19.3,6.82,133,10,team1,616be07165ff323064b6bd27
11,stephen fleming (c),c morkel b langeveldt,31,25,30,6,0,124.00,18,7.44,134,5,team2,616be07165ff323064b6bd27
12,nathan astle,b nel,10,10,23,1,0,100.00,18,7.44,134,5,team2,616be07165ff323064b6bd27
13,hamish marshall,c †boucher b nel,3,3,4,0,0,100.00,18,7.44,134,5,team2,616be07165ff323064b6bd27
14,craig mcmillan,c nel b boje,15,19,26,1,0,78.94,18,7.44,134,5,team2,616be07165ff323064b6bd27
15,scott styris,b langeveldt,24,28,39,2,0,85.71,18,7.44,134,5,team2,616be07165ff323064b6bd27
16,jacob oram,not out,23,16,28,1,2,143.75,18,7.44,134,5,team2,616be07165ff323064b6bd27
17,brendon mccullum †,not out,17,9,10,1,1,188.88,18,7.44,134,5,team2,616be07165ff323064b6bd27
