,player,batting,r,b,m,4s,6s,sr,overs,run_rate,total_run,wickets,team,id
0,mohammad hafeez,c chigumbura b price,51,38,53,5,1,134.21,20,7.05,141,7,team1,616be30465ff323064b6bdf4
1,asad shafiq,c chigumbura b chibhabha,9,10,9,1,0,90.00,20,7.05,141,7,team1,616be30465ff323064b6bdf4
2,rameez raja,c price b jarvis,1,2,2,0,0,50.00,20,7.05,141,7,team1,616be30465ff323064b6bdf4
3,shoaib malik,c †taibu b chigumbura,11,12,10,2,0,91.66,20,7.05,141,7,team1,616be30465ff323064b6bdf4
4,umar akmal †,run out (†taibu/chigumbura),28,32,39,0,0,87.50,20,7.05,141,7,team1,616be30465ff323064b6bdf4
5,misbah-ul-haq (c),c †taibu b jarvis,15,13,24,1,0,115.38,20,7.05,141,7,team1,616be30465ff323064b6bdf4
6,sohail tanvir,b jarvis,7,5,5,1,0,140.00,20,7.05,141,7,team1,616be30465ff323064b6bdf4
7,yasir shah,not out,11,7,11,1,0,157.14,20,7.05,141,7,team1,616be30465ff323064b6bdf4
8,saeed ajmal,not out,1,1,3,0,0,100.00,20,7.05,141,7,team1,616be30465ff323064b6bdf4
9,vusi sibanda,c mohammad hafeez b junaid khan,15,24,33,1,1,62.50,20,6.80,136,7,team2,616be30465ff323064b6bdf4
10,chamu chibhabha,c yasir shah b saeed ajmal,10,10,21,2,0,100.00,20,6.80,136,7,team2,616be30465ff323064b6bdf4
11,cephas zhuwao,b mohammad hafeez,12,13,16,2,0,92.30,20,6.80,136,7,team2,616be30465ff323064b6bdf4
12,brendan taylor (c),c misbah-ul-haq b mohammad hafeez,10,11,17,1,0,90.90,20,6.80,136,7,team2,616be30465ff323064b6bdf4
13,hamilton masakadza,c & b mohammad hafeez,3,5,7,0,0,60.00,20,6.80,136,7,team2,616be30465ff323064b6bdf4
14,tatenda taibu †,not out,37,28,42,3,1,132.14,20,6.80,136,7,team2,616be30465ff323064b6bdf4
15,charles coventry,b junaid khan,9,4,4,2,0,225.00,20,6.80,136,7,team2,616be30465ff323064b6bdf4
16,elton chigumbura,c asad shafiq b sohail tanvir,24,18,17,3,1,133.33,20,6.80,136,7,team2,616be30465ff323064b6bdf4
17,prosper utseya,not out,2,7,14,0,0,28.57,20,6.80,136,7,team2,616be30465ff323064b6bdf4
