,player,batting,r,b,m,4s,6s,sr,overs,run_rate,total_run,wickets,team,id
0,tamim iqbal,c chigumbura b madziva,21,15,19,1,2,140.00,20,6.75,135,9,team1,616be67b65ff323064b6bf01
1,imrul kayes,c williams b chisoro,10,11,27,2,0,90.90,20,6.75,135,9,team1,616be67b65ff323064b6bf01
2,anamul haque,run out (williams/†chakabva),47,51,70,3,0,92.15,20,6.75,135,9,team1,616be67b65ff323064b6bf01
3,mushfiqur rahim †,c williams b cremer,9,8,11,1,0,112.50,20,6.75,135,9,team1,616be67b65ff323064b6bf01
4,sabbir rahman,lbw b cremer,17,18,20,1,0,94.44,20,6.75,135,9,team1,616be67b65ff323064b6bf01
5,nasir hossain,b panyangara,3,5,8,0,0,60.00,20,6.75,135,9,team1,616be67b65ff323064b6bf01
6,mahmudullah,c jongwe b panyangara,8,4,2,2,0,200.00,20,6.75,135,9,team1,616be67b65ff323064b6bf01
7,mashrafe mortaza (c),b madziva,0,1,2,0,0,0.00,20,6.75,135,9,team1,616be67b65ff323064b6bf01
8,arafat sunny,c jongwe b panyangara,5,8,7,0,0,62.50,20,6.75,135,9,team1,616be67b65ff323064b6bf01
9,mustafizur rahman,not out,1,1,6,0,0,100.00,20,6.75,135,9,team1,616be67b65ff323064b6bf01
10,al-amin hossain,not out,1,2,1,0,0,50.00,20,6.75,135,9,team1,616be67b65ff323064b6bf01
11,sikandar raza,c †mushfiqur rahim b al-amin hossain,5,6,5,1,0,83.33,19.5,6.85,136,7,team2,616be67b65ff323064b6bf01
12,regis chakabva †,c sabbir rahman b mustafizur rahman,4,11,22,0,0,36.36,19.5,6.85,136,7,team2,616be67b65ff323064b6bf01
13,sean williams,b al-amin hossain,0,1,1,0,0,0.00,19.5,6.85,136,7,team2,616be67b65ff323064b6bf01
14,craig ervine,run out (mashrafe mortaza/nasir hossain),15,17,30,0,1,88.23,19.5,6.85,136,7,team2,616be67b65ff323064b6bf01
15,luke jongwe,c imrul kayes b al-amin hossain,34,38,51,1,0,89.47,19.5,6.85,136,7,team2,616be67b65ff323064b6bf01
16,elton chigumbura (c),c mahmudullah b arafat sunny,0,2,3,0,0,0.00,19.5,6.85,136,7,team2,616be67b65ff323064b6bf01
17,malcolm waller,c sabbir rahman b nasir hossain,40,27,55,2,3,148.14,19.5,6.85,136,7,team2,616be67b65ff323064b6bf01
18,neville madziva,not out,28,19,27,3,2,147.36,19.5,6.85,136,7,team2,616be67b65ff323064b6bf01
19,graeme cremer,not out,0,0,3,0,0,-,19.5,6.85,136,7,team2,616be67b65ff323064b6bf01
