,player,batting,r,b,m,4s,6s,sr,overs,run_rate,total_run,wickets,team,id
0,shane watson,lbw b umar gul,8,11,12,1,0,72.72,19.3,4.56,89,10,team1,616be3ab65ff323064b6be26
1,david warner,c & b mohammad hafeez,22,25,40,2,0,88.00,19.3,4.56,89,10,team1,616be3ab65ff323064b6be26
2,michael hussey,c shoaib malik b sohail tanvir,1,3,3,0,0,33.33,19.3,4.56,89,10,team1,616be3ab65ff323064b6be26
3,george bailey (c),c umar akmal b mohammad hafeez,14,19,32,0,0,73.68,19.3,4.56,89,10,team1,616be3ab65ff323064b6be26
4,david hussey,c saeed ajmal b raza hasan,3,4,4,0,0,75.00,19.3,4.56,89,10,team1,616be3ab65ff323064b6be26
5,cameron white,b saeed ajmal,15,22,34,0,0,68.18,19.3,4.56,89,10,team1,616be3ab65ff323064b6be26
6,matthew wade †,c imran nazir b raza hasan,6,13,20,0,0,46.15,19.3,4.56,89,10,team1,616be3ab65ff323064b6be26
7,glenn maxwell,c nasir jamshed b saeed ajmal,4,7,8,0,0,57.14,19.3,4.56,89,10,team1,616be3ab65ff323064b6be26
8,pat cummins,c umar akmal b sohail tanvir,1,4,10,0,0,25.00,19.3,4.56,89,10,team1,616be3ab65ff323064b6be26
9,xavier doherty,not out,6,8,11,0,0,75.00,19.3,4.56,89,10,team1,616be3ab65ff323064b6be26
10,ben hilfenhaus,c †kamran akmal b sohail tanvir,0,1,2,0,0,0.00,19.3,4.56,89,10,team1,616be3ab65ff323064b6be26
11,mohammad hafeez (c),c dj hussey b cummins,17,15,20,2,0,113.33,14.5,6.06,90,3,team2,616be3ab65ff323064b6be26
12,imran nazir,c white b watson,22,26,48,3,0,84.61,14.5,6.06,90,3,team2,616be3ab65ff323064b6be26
13,nasir jamshed,b hilfenhaus,10,10,9,2,0,100.00,14.5,6.06,90,3,team2,616be3ab65ff323064b6be26
14,kamran akmal †,not out,31,24,33,3,1,129.16,14.5,6.06,90,3,team2,616be3ab65ff323064b6be26
15,shoaib malik,not out,9,14,16,1,0,64.28,14.5,6.06,90,3,team2,616be3ab65ff323064b6be26
