,player,batting,r,b,m,4s,6s,sr,overs,run_rate,total_run,wickets,team,id
0,ahmed shehzad,b chibhabha,17,19,20,3,0,89.47,20,6.80,136,8,team1,616be67b65ff323064b6bef7
1,mukhtar ahmed,c masakadza b chibhabha,4,4,24,0,0,100.00,20,6.80,136,8,team1,616be67b65ff323064b6bef7
2,sohaib maqsood,b chibhabha,6,10,11,0,0,60.00,20,6.80,136,8,team1,616be67b65ff323064b6bef7
3,shoaib malik,b williams,35,24,41,2,1,145.83,20,6.80,136,8,team1,616be67b65ff323064b6bef7
4,umar akmal,c masakadza b cremer,14,17,21,1,0,82.35,20,6.80,136,8,team1,616be67b65ff323064b6bef7
5,mohammad rizwan †,not out,33,32,41,1,1,103.12,20,6.80,136,8,team1,616be67b65ff323064b6bef7
6,imad wasim,c ervine b jongwe,19,12,21,1,1,158.33,20,6.80,136,8,team1,616be67b65ff323064b6bef7
7,shahid afridi (c),c chibhabha b panyangara,2,3,5,0,0,66.66,20,6.80,136,8,team1,616be67b65ff323064b6bef7
8,wahab riaz,run out (†mutumbami),0,0,1,0,0,-,20,6.80,136,8,team1,616be67b65ff323064b6bef7
9,hamilton masakadza,c mukhtar ahmed b imad wasim,25,25,48,2,0,100.00,20,6.15,123,9,team2,616be67b65ff323064b6bef7
10,chamu chibhabha,b imad wasim,0,2,3,0,0,0.00,20,6.15,123,9,team2,616be67b65ff323064b6bef7
11,craig ervine,lbw b sohail tanvir,11,14,21,1,0,78.57,20,6.15,123,9,team2,616be67b65ff323064b6bef7
12,sikandar raza,lbw b imad wasim,13,10,14,2,0,130.00,20,6.15,123,9,team2,616be67b65ff323064b6bef7
13,sean williams,lbw b imad wasim,14,11,13,2,0,127.27,20,6.15,123,9,team2,616be67b65ff323064b6bef7
14,elton chigumbura (c),run out (†mohammad rizwan),31,28,48,2,1,110.71,20,6.15,123,9,team2,616be67b65ff323064b6bef7
15,richmond mutumbami †,run out (imad wasim),9,9,9,1,0,100.00,20,6.15,123,9,team2,616be67b65ff323064b6bef7
16,luke jongwe,run out (imad wasim/†mohammad rizwan),2,6,11,0,0,33.33,20,6.15,123,9,team2,616be67b65ff323064b6bef7
17,graeme cremer,c shahid afridi b wahab riaz,0,1,1,0,0,0.00,20,6.15,123,9,team2,616be67b65ff323064b6bef7
18,prosper utseya,not out,12,11,22,1,0,109.09,20,6.15,123,9,team2,616be67b65ff323064b6bef7
19,tinashe panyangara,not out,1,3,3,0,0,33.33,20,6.15,123,9,team2,616be67b65ff323064b6bef7
