,player,batting,r,b,m,4s,6s,sr,overs,run_rate,total_run,wickets,team,id
0,dwayne smith,c & b ashwin,11,29,31,2,0,37.93,20,6.44,129,7,team1,616be51c65ff323064b6bea8
1,chris gayle,run out (†dhoni/mohammed shami),34,33,49,1,2,103.03,20,6.44,129,7,team1,616be51c65ff323064b6bea8
2,marlon samuels,st †dhoni b mishra,18,22,21,3,0,81.81,20,6.44,129,7,team1,616be51c65ff323064b6bea8
3,lendl simmons,c dhawan b jadeja,27,22,27,1,2,122.72,20,6.44,129,7,team1,616be51c65ff323064b6bea8
4,dwayne bravo,lbw b mishra,0,1,1,0,0,0.00,20,6.44,129,7,team1,616be51c65ff323064b6bea8
5,daren sammy (c),c sharma b jadeja,11,7,13,2,0,157.14,20,6.44,129,7,team1,616be51c65ff323064b6bea8
6,andre russell,c kohli b jadeja,7,5,4,0,1,140.00,20,6.44,129,7,team1,616be51c65ff323064b6bea8
7,sunil narine,not out,7,2,3,0,1,350.00,20,6.44,129,7,team1,616be51c65ff323064b6bea8
8,denesh ramdin †,not out,0,0,1,0,0,-,20,6.44,129,7,team1,616be51c65ff323064b6bea8
9,rohit sharma,not out,62,55,83,5,2,112.72,19.4,6.61,130,3,team2,616be51c65ff323064b6bea8
10,shikhar dhawan,lbw b badree,0,3,10,0,0,0.00,19.4,6.61,130,3,team2,616be51c65ff323064b6bea8
11,virat kohli,b russell,54,41,51,5,1,131.70,19.4,6.61,130,3,team2,616be51c65ff323064b6bea8
12,yuvraj singh,c gayle b samuels,10,19,19,1,0,52.63,19.4,6.61,130,3,team2,616be51c65ff323064b6bea8
13,suresh raina,not out,1,1,2,0,0,100.00,19.4,6.61,130,3,team2,616be51c65ff323064b6bea8
