,player,batting,r,b,m,4s,6s,sr,overs,run_rate,total_run,wickets,team,id
0,hamilton masakadza,c de grandhomme b bates,62,42,52,3,4,147.61,20,10.00,200,2,team1,616be30465ff323064b6be02
1,stuart matsikenyeri,c southee b hira,32,19,28,2,3,168.42,20,10.00,200,2,team1,616be30465ff323064b6be02
2,brendan taylor (c),not out,75,43,52,6,3,174.41,20,10.00,200,2,team1,616be30465ff323064b6be02
3,elton chigumbura,not out,29,16,28,5,0,181.25,20,10.00,200,2,team1,616be30465ff323064b6be02
4,rob nicol,c meth b chigumbura,56,37,42,4,4,151.35,19.4,10.27,202,5,team2,616be30465ff323064b6be02
5,james franklin,run out (meth),60,37,60,3,5,162.16,19.4,10.27,202,5,team2,616be30465ff323064b6be02
6,brendon mccullum (c)†,c waller b jarvis,38,24,38,4,1,158.33,19.4,10.27,202,5,team2,616be30465ff323064b6be02
7,colin de grandhomme,b chigumbura,8,7,10,1,0,114.28,19.4,10.27,202,5,team2,616be30465ff323064b6be02
8,nathan mccullum,c chigumbura b jarvis,5,6,11,0,0,83.33,19.4,10.27,202,5,team2,616be30465ff323064b6be02
9,andrew ellis,not out,2,2,9,0,0,100.00,19.4,10.27,202,5,team2,616be30465ff323064b6be02
10,kane williamson,not out,20,5,7,3,1,400.00,19.4,10.27,202,5,team2,616be30465ff323064b6be02
