,player,batting,r,b,m,4s,6s,sr,overs,run_rate,total_run,wickets,team,id
0,jason roy,run out (williamson/†ronchi),23,13,10,1,2,176.92,20,9.54,191,7,team1,616be5d165ff323064b6bed5
1,alex hales,c bb mccullum b santner,27,23,31,2,1,117.39,20,9.54,191,7,team1,616be5d165ff323064b6bed5
2,joe root,c guptill b mcclenaghan,68,46,60,8,1,147.82,20,9.54,191,7,team1,616be5d165ff323064b6bed5
3,jonny bairstow †,b santner,1,2,3,0,0,50.00,20,9.54,191,7,team1,616be5d165ff323064b6bed5
4,eoin morgan (c),c taylor b henry,4,6,12,0,0,66.66,20,9.54,191,7,team1,616be5d165ff323064b6bed5
5,sam billings,c †ronchi b mcclenaghan,21,11,15,2,1,190.90,20,9.54,191,7,team1,616be5d165ff323064b6bed5
6,ben stokes,not out,24,13,23,4,0,184.61,20,9.54,191,7,team1,616be5d165ff323064b6bed5
7,david willey,c santner b southee,6,3,6,0,1,200.00,20,9.54,191,7,team1,616be5d165ff323064b6bed5
8,adil rashid,not out,7,3,8,1,0,233.33,20,9.54,191,7,team1,616be5d165ff323064b6bed5
9,martin guptill,b willey,6,3,2,1,0,200.00,16.2,8.26,135,10,team2,616be5d165ff323064b6bed5
10,brendon mccullum (c),b wood,35,15,17,2,4,233.33,16.2,8.26,135,10,team2,616be5d165ff323064b6bed5
11,kane williamson,run out (willey),57,37,65,8,0,154.05,16.2,8.26,135,10,team2,616be5d165ff323064b6bed5
12,ross taylor,c willey b rashid,17,13,20,2,0,130.76,16.2,8.26,135,10,team2,616be5d165ff323064b6bed5
13,colin munro,b stokes,1,2,4,0,0,50.00,16.2,8.26,135,10,team2,616be5d165ff323064b6bed5
14,luke ronchi †,c †bairstow b stokes,5,4,5,1,0,125.00,16.2,8.26,135,10,team2,616be5d165ff323064b6bed5
15,mitchell santner,b wood,9,13,18,0,0,69.23,16.2,8.26,135,10,team2,616be5d165ff323064b6bed5
16,nathan mccullum,c finn b willey,3,9,12,0,0,33.33,16.2,8.26,135,10,team2,616be5d165ff323064b6bed5
17,tim southee,c morgan b wood,0,1,2,0,0,0.00,16.2,8.26,135,10,team2,616be5d165ff323064b6bed5
18,matt henry,not out,0,0,8,0,0,-,16.2,8.26,135,10,team2,616be5d165ff323064b6bed5
19,mitchell mcclenaghan,c †bairstow b willey,0,1,2,0,0,0.00,16.2,8.26,135,10,team2,616be5d165ff323064b6bed5
