,player,batting,r,b,m,4s,6s,sr,overs,run_rate,total_run,wickets,team,id
0,brendon mccullum,not out,116,56,87,12,8,207.14,20,10.70,214,6,team1,616be25c65ff323064b6bdbb
1,peter ingram,b tait,0,2,3,0,0,0.00,20,10.70,214,6,team1,616be25c65ff323064b6bdbb
2,martin guptill,c smith b harris,17,17,22,3,0,100.00,20,10.70,214,6,team1,616be25c65ff323064b6bdbb
3,ross taylor,run out (white/†haddin),6,9,8,1,0,66.66,20,10.70,214,6,team1,616be25c65ff323064b6bdbb
4,james franklin,c clarke b smith,7,8,5,1,0,87.50,20,10.70,214,6,team1,616be25c65ff323064b6bdbb
5,gareth hopkins †,hit wicket b nannes,36,17,20,3,2,211.76,20,10.70,214,6,team1,616be25c65ff323064b6bdbb
6,jacob oram,b tait,0,3,6,0,0,0.00,20,10.70,214,6,team1,616be25c65ff323064b6bdbb
7,nathan mccullum,not out,14,9,17,1,1,155.55,20,10.70,214,6,team1,616be25c65ff323064b6bdbb
8,david warner,c southee b bond,20,10,10,3,1,200.00,20,10.70,214,4,team2,616be25c65ff323064b6bdbb
9,brad haddin †,c ingram b franklin,47,36,46,4,2,130.55,20,10.70,214,4,team2,616be25c65ff323064b6bdbb
10,michael clarke (c),run out (nl mccullum/southee),67,45,75,5,2,148.88,20,10.70,214,4,team2,616be25c65ff323064b6bdbb
11,david hussey,b franklin,10,6,10,2,0,166.66,20,10.70,214,4,team2,616be25c65ff323064b6bdbb
12,cameron white,not out,64,26,28,5,5,246.15,20,10.70,214,4,team2,616be25c65ff323064b6bdbb
