,player,batting,r,b,m,4s,6s,sr,overs,run_rate,total_run,wickets,team,id
0,lendl simmons,run out (wahab riaz/†mohammad salman),65,44,54,7,2,147.72,20,7.50,150,7,team1,616be30465ff323064b6bded
1,andre fletcher †,lbw b abdur rehman,1,5,3,0,0,20.00,20,7.50,150,7,team1,616be30465ff323064b6bded
2,darren bravo,c umar akmal b abdur rehman,42,33,42,4,2,127.27,20,7.50,150,7,team1,616be30465ff323064b6bded
3,marlon samuels,st †mohammad salman b saeed ajmal,4,12,17,0,0,33.33,20,7.50,150,7,team1,616be30465ff323064b6bded
4,danza hyatt,c umar akmal b saeed ajmal,14,11,18,1,1,127.27,20,7.50,150,7,team1,616be30465ff323064b6bded
5,daren sammy (c),c †mohammad salman b wahab riaz,1,2,1,0,0,50.00,20,7.50,150,7,team1,616be30465ff323064b6bded
6,chris barnwell,not out,11,8,14,0,1,137.50,20,7.50,150,7,team1,616be30465ff323064b6bded
7,andre russell,c abdur rehman b wahab riaz,0,3,1,0,0,0.00,20,7.50,150,7,team1,616be30465ff323064b6bded
8,ashley nurse,not out,6,3,3,1,0,200.00,20,7.50,150,7,team1,616be30465ff323064b6bded
9,ahmed shehzad,c barnwell b rampaul,12,15,19,2,0,80.00,20,7.15,143,9,team2,616be30465ff323064b6bded
10,mohammad hafeez,c nurse b sammy,3,4,9,0,0,75.00,20,7.15,143,9,team2,616be30465ff323064b6bded
11,asad shafiq,c hyatt b bishoo,25,17,23,3,1,147.05,20,7.15,143,9,team2,616be30465ff323064b6bded
12,umar akmal,c samuels b rampaul,41,41,60,4,0,100.00,20,7.15,143,9,team2,616be30465ff323064b6bded
13,misbah-ul-haq,hit wicket b bishoo,0,1,1,0,0,0.00,20,7.15,143,9,team2,616be30465ff323064b6bded
14,shahid afridi (c),c sammy b bishoo,12,10,14,1,0,120.00,20,7.15,143,9,team2,616be30465ff323064b6bded
15,mohammad salman †,run out (sammy),5,6,13,0,0,83.33,20,7.15,143,9,team2,616be30465ff323064b6bded
16,abdur rehman,b bishoo,7,8,12,0,0,87.50,20,7.15,143,9,team2,616be30465ff323064b6bded
17,wahab riaz,c sammy b rampaul,6,6,10,0,0,100.00,20,7.15,143,9,team2,616be30465ff323064b6bded
18,saeed ajmal,not out,21,14,17,2,0,150.00,20,7.15,143,9,team2,616be30465ff323064b6bded
19,junaid khan,not out,3,4,9,0,0,75.00,20,7.15,143,9,team2,616be30465ff323064b6bded
