,player,batting,r,b,m,4s,6s,sr,overs,run_rate,total_run,wickets,team,id
0,adam gilchrist †,b panesar,48,29,36,2,5,165.51,20,11.05,221,5,team1,616be07165ff323064b6bd31
1,matthew hayden,c dalrymple b anderson,20,8,15,3,1,250.00,20,11.05,221,5,team1,616be07165ff323064b6bd31
2,ricky ponting (c),c lewis b collingwood,47,26,41,3,2,180.76,20,11.05,221,5,team1,616be07165ff323064b6bd31
3,michael hussey,st †nixon b panesar,18,9,7,2,1,200.00,20,11.05,221,5,team1,616be07165ff323064b6bd31
4,andrew symonds,not out,39,22,38,3,1,177.27,20,11.05,221,5,team1,616be07165ff323064b6bd31
5,michael clarke,run out (†nixon/collingwood),5,6,5,0,0,83.33,20,11.05,221,5,team1,616be07165ff323064b6bd31
6,cameron white,not out,40,20,21,1,4,200.00,20,11.05,221,5,team1,616be07165ff323064b6bd31
7,ed joyce,c hussey b bracken,1,3,2,0,0,33.33,20,7.19,144,9,team2,616be07165ff323064b6bd31
8,michael vaughan (c),lbw b symonds,27,21,28,4,0,128.57,20,7.19,144,9,team2,616be07165ff323064b6bd31
9,andrew flintoff,c white b harwood,0,2,2,0,0,0.00,20,7.19,144,9,team2,616be07165ff323064b6bd31
10,kevin pietersen,run out (harwood),11,6,12,2,0,183.33,20,7.19,144,9,team2,616be07165ff323064b6bd31
11,ian bell,b hilfenhaus,22,22,26,1,0,100.00,20,7.19,144,9,team2,616be07165ff323064b6bd31
12,paul collingwood,c white b hilfenhaus,5,11,8,0,0,45.45,20,7.19,144,9,team2,616be07165ff323064b6bd31
13,paul nixon †,not out,31,22,38,2,1,140.90,20,7.19,144,9,team2,616be07165ff323064b6bd31
14,jamie dalrymple,lbw b symonds,32,27,19,4,0,118.51,20,7.19,144,9,team2,616be07165ff323064b6bd31
15,jon lewis,c †gilchrist b white,1,4,2,0,0,25.00,20,7.19,144,9,team2,616be07165ff323064b6bd31
16,monty panesar,run out (†gilchrist/harwood),1,2,3,0,0,50.00,20,7.19,144,9,team2,616be07165ff323064b6bd31
17,james anderson,not out,1,1,2,0,0,100.00,20,7.19,144,9,team2,616be07165ff323064b6bd31
