,player,batting,r,b,m,4s,6s,sr,overs,run_rate,total_run,wickets,team,id
0,brendon mccullum †,c & b jayasuriya,49,34,44,4,2,144.11,20,8.50,170,4,team1,616be1b665ff323064b6bd9f
1,jesse ryder,c rupasinghe b mendis,52,37,54,3,3,140.54,20,8.50,170,4,team1,616be1b665ff323064b6bd9f
2,ross taylor,lbw b jayasuriya,16,18,19,1,0,88.88,20,8.50,170,4,team1,616be1b665ff323064b6bd9f
3,martin guptill,b malinga,32,20,29,2,1,160.00,20,8.50,170,4,team1,616be1b665ff323064b6bd9f
4,jacob oram,not out,17,12,19,1,0,141.66,20,8.50,170,4,team1,616be1b665ff323064b6bd9f
5,tillakaratne dilshan,c guptill b bond,1,3,3,0,0,33.33,20,7.40,148,8,team2,616be1b665ff323064b6bd9f
6,sanath jayasuriya,c taylor b mills,7,8,16,1,0,87.50,20,7.40,148,8,team2,616be1b665ff323064b6bd9f
7,mahela udawatte,c broom b mills,0,1,2,0,0,0.00,20,7.40,148,8,team2,616be1b665ff323064b6bd9f
8,mahela jayawardene,c ryder b nl mccullum,41,30,43,5,1,136.66,20,7.40,148,8,team2,616be1b665ff323064b6bd9f
9,kumar sangakkara (c)†,c & b oram,69,50,71,7,0,138.00,20,7.40,148,8,team2,616be1b665ff323064b6bd9f
10,angelo mathews,c taylor b nl mccullum,1,2,3,0,0,50.00,20,7.40,148,8,team2,616be1b665ff323064b6bd9f
11,gihan rupasinghe,c vettori b bond,18,18,26,1,0,100.00,20,7.40,148,8,team2,616be1b665ff323064b6bd9f
12,nuwan kulasekara,c taylor b bond,2,4,10,0,0,50.00,20,7.40,148,8,team2,616be1b665ff323064b6bd9f
13,malinga bandara,not out,4,4,4,0,0,100.00,20,7.40,148,8,team2,616be1b665ff323064b6bd9f
14,lasith malinga,not out,0,0,1,0,0,-,20,7.40,148,8,team2,616be1b665ff323064b6bd9f
