,player,batting,r,b,m,4s,6s,sr,overs,run_rate,total_run,wickets,team,id
0,lou vincent,c & b fawad alam,28,28,31,1,1,100.00,20,7.15,143,8,team1,616be07165ff323064b6bd50
1,brendon mccullum †,lbw b shahid afridi,26,27,39,2,0,96.29,20,7.15,143,8,team1,616be07165ff323064b6bd50
2,scott styris,c sohail tanvir b umar gul,18,12,17,1,1,150.00,20,7.15,143,8,team1,616be07165ff323064b6bd50
3,peter fulton,c shoaib malik b umar gul,10,15,12,0,0,66.66,20,7.15,143,8,team1,616be07165ff323064b6bd50
4,ross taylor,not out,37,23,31,2,2,160.86,20,7.15,143,8,team1,616be07165ff323064b6bd50
5,craig mcmillan,c younis khan b fawad alam,12,6,5,1,1,200.00,20,7.15,143,8,team1,616be07165ff323064b6bd50
6,jacob oram,c †kamran akmal b umar gul,1,4,4,0,0,25.00,20,7.15,143,8,team1,616be07165ff323064b6bd50
7,daniel vettori (c),run out (shahid afridi/mohammad hafeez),0,0,1,0,0,-,20,7.15,143,8,team1,616be07165ff323064b6bd50
8,shane bond,run out (fawad alam/†kamran akmal),5,7,11,0,0,71.42,20,7.15,143,8,team1,616be07165ff323064b6bd50
9,jeetan patel,not out,0,0,3,0,0,-,20,7.15,143,8,team1,616be07165ff323064b6bd50
10,mohammad hafeez,lbw b styris,32,21,30,3,2,152.38,18.5,7.80,147,4,team2,616be07165ff323064b6bd50
11,imran nazir,lbw b patel,59,41,48,3,5,143.90,18.5,7.80,147,4,team2,616be07165ff323064b6bd50
12,younis khan,c †mccullum b vettori,4,15,22,0,0,26.66,18.5,7.80,147,4,team2,616be07165ff323064b6bd50
13,shoaib malik (c),not out,26,14,29,1,1,185.71,18.5,7.80,147,4,team2,616be07165ff323064b6bd50
14,shahid afridi,c fulton b bond,6,5,5,1,0,120.00,18.5,7.80,147,4,team2,616be07165ff323064b6bd50
15,misbah-ul-haq,not out,16,17,18,0,1,94.11,18.5,7.80,147,4,team2,616be07165ff323064b6bd50
