,player,batting,r,b,m,4s,6s,sr,overs,run_rate,total_run,wickets,team,id
0,dwayne smith,b bopara,27,18,27,5,1,150.00,20,8.50,170,3,team1,616be51c65ff323064b6be93
1,chris gayle,lbw b tredwell,43,35,47,5,2,122.85,20,8.50,170,3,team1,616be51c65ff323064b6be93
2,marlon samuels,not out,69,46,59,10,1,150.00,20,8.50,170,3,team1,616be51c65ff323064b6be93
3,lendl simmons,c lumb b bopara,3,7,12,0,0,42.85,20,8.50,170,3,team1,616be51c65ff323064b6be93
4,andre russell,not out,24,15,28,2,1,160.00,20,8.50,170,3,team1,616be51c65ff323064b6be93
5,michael lumb,c rampaul b badree,18,19,28,3,0,94.73,20,7.15,143,9,team2,616be51c65ff323064b6be93
6,alex hales,st †ramdin b badree,3,7,8,0,0,42.85,20,7.15,143,9,team2,616be51c65ff323064b6be93
7,luke wright,st †ramdin b badree,0,1,3,0,0,0.00,20,7.15,143,9,team2,616be51c65ff323064b6be93
8,eoin morgan,c sub (j charles) b samuels,19,18,31,4,0,105.55,20,7.15,143,9,team2,616be51c65ff323064b6be93
9,jos buttler †,c sub (j charles) b narine,0,3,4,0,0,0.00,20,7.15,143,9,team2,616be51c65ff323064b6be93
10,ravi bopara,c & b bravo,42,24,35,5,1,175.00,20,7.15,143,9,team2,616be51c65ff323064b6be93
11,ben stokes,st †ramdin b samuels,4,5,9,0,0,80.00,20,7.15,143,9,team2,616be51c65ff323064b6be93
12,tim bresnan,not out,47,29,39,5,1,162.06,20,7.15,143,9,team2,616be51c65ff323064b6be93
13,stuart broad (c),run out (†ramdin),5,12,15,0,0,41.66,20,7.15,143,9,team2,616be51c65ff323064b6be93
14,james tredwell,run out (russell),1,1,4,0,0,100.00,20,7.15,143,9,team2,616be51c65ff323064b6be93
15,jade dernbach,not out,1,1,4,0,0,100.00,20,7.15,143,9,team2,616be51c65ff323064b6be93
