,player,batting,r,b,m,4s,6s,sr,overs,run_rate,total_run,wickets,team,id
0,ravi bopara,b steyn,2,5,3,0,0,40.00,19.5,5.59,111,10,team1,616be1b665ff323064b6bd8c
1,luke wright,c †boucher b parnell,1,6,8,0,0,16.66,19.5,5.59,111,10,team1,616be1b665ff323064b6bd8c
2,kevin pietersen,c van der merwe b morkel,19,17,20,4,0,111.76,19.5,5.59,111,10,team1,616be1b665ff323064b6bd8c
3,owais shah,c †boucher b kallis,38,33,52,3,2,115.15,19.5,5.59,111,10,team1,616be1b665ff323064b6bd8c
4,paul collingwood (c),b kallis,19,19,24,2,0,100.00,19.5,5.59,111,10,team1,616be1b665ff323064b6bd8c
5,james foster †,c morkel b van der merwe,1,4,1,0,0,25.00,19.5,5.59,111,10,team1,616be1b665ff323064b6bd8c
6,dimitri mascarenhas,b van der merwe,1,3,1,0,0,33.33,19.5,5.59,111,10,team1,616be1b665ff323064b6bd8c
7,graeme swann,c morkel b botha,5,6,7,0,0,83.33,19.5,5.59,111,10,team1,616be1b665ff323064b6bd8c
8,stuart broad,b parnell,9,8,19,1,0,112.50,19.5,5.59,111,10,team1,616be1b665ff323064b6bd8c
9,adil rashid,not out,9,17,16,0,0,52.94,19.5,5.59,111,10,team1,616be1b665ff323064b6bd8c
10,james anderson,b parnell,0,1,1,0,0,0.00,19.5,5.59,111,10,team1,616be1b665ff323064b6bd8c
11,graeme smith (c),c †foster b broad,11,15,15,2,0,73.33,18.2,6.21,114,3,team2,616be1b665ff323064b6bd8c
12,jacques kallis,not out,57,49,74,5,1,116.32,18.2,6.21,114,3,team2,616be1b665ff323064b6bd8c
13,herschelle gibbs,b swann,30,30,42,2,1,100.00,18.2,6.21,114,3,team2,616be1b665ff323064b6bd8c
14,ab de villiers,c collingwood b rashid,11,12,8,0,0,91.66,18.2,6.21,114,3,team2,616be1b665ff323064b6bd8c
15,jean-paul duminy,not out,2,4,2,0,0,50.00,18.2,6.21,114,3,team2,616be1b665ff323064b6bd8c
