,player,batting,r,b,m,4s,6s,sr,overs,run_rate,total_run,wickets,team,id
0,rohit sharma,c faulkner b watson,31,20,21,4,1,155.00,20,9.40,188,3,team1,616be67b65ff323064b6bf17
1,shikhar dhawan,c †wade b watson,5,8,24,0,0,62.50,20,9.40,188,3,team1,616be67b65ff323064b6bf17
2,virat kohli,not out,90,55,71,9,2,163.63,20,9.40,188,3,team1,616be67b65ff323064b6bf17
3,suresh raina,b faulkner,41,34,63,3,1,120.58,20,9.40,188,3,team1,616be67b65ff323064b6bf17
4,ms dhoni (c)†,not out,11,3,3,1,1,366.66,20,9.40,188,3,team1,616be67b65ff323064b6bf17
5,aaron finch (c),lbw b ashwin,44,33,42,4,2,133.33,19.3,7.74,151,10,team2,616be67b65ff323064b6bf17
6,david warner,c kohli b bumrah,17,9,23,2,1,188.88,19.3,7.74,151,10,team2,616be67b65ff323064b6bf17
7,steven smith,c kohli b jadeja,21,14,16,3,0,150.00,19.3,7.74,151,10,team2,616be67b65ff323064b6bf17
8,travis head,lbw b jadeja,2,5,7,0,0,40.00,19.3,7.74,151,10,team2,616be67b65ff323064b6bf17
9,chris lynn,c yuvraj singh b pandya,17,16,20,0,1,106.25,19.3,7.74,151,10,team2,616be67b65ff323064b6bf17
10,shane watson,c nehra b ashwin,12,10,8,0,1,120.00,19.3,7.74,151,10,team2,616be67b65ff323064b6bf17
11,matthew wade †,c jadeja b pandya,5,7,13,0,0,71.42,19.3,7.74,151,10,team2,616be67b65ff323064b6bf17
12,james faulkner,b bumrah,10,7,11,0,1,142.85,19.3,7.74,151,10,team2,616be67b65ff323064b6bf17
13,kane richardson,b nehra,9,7,10,0,0,128.57,19.3,7.74,151,10,team2,616be67b65ff323064b6bf17
14,cameron boyce,c pandya b bumrah,3,6,9,0,0,50.00,19.3,7.74,151,10,team2,616be67b65ff323064b6bf17
15,shaun tait,not out,1,3,4,0,0,33.33,19.3,7.74,151,10,team2,616be67b65ff323064b6bf17
