,player,batting,r,b,m,4s,6s,sr,overs,run_rate,total_run,wickets,team,id
0,zeeshan maqsood,c babar hayat b tanwir afzal,0,2,-,0,0,0.00,20,6.54,131,6,team1,616be67b65ff323064b6bf04
1,khawar ali,c waqas barkat b aizaz khan,27,27,-,3,1,100.00,20,6.54,131,6,team1,616be67b65ff323064b6bf04
2,jatinder singh,c babar hayat b haseeb amjad,6,7,-,1,0,85.71,20,6.54,131,6,team1,616be67b65ff323064b6bf04
3,adnan ilyas,run out (†carter),37,37,-,4,0,100.00,20,6.54,131,6,team1,616be67b65ff323064b6bf04
4,aamir kaleem,not out,42,31,-,4,1,135.48,20,6.54,131,6,team1,616be67b65ff323064b6bf04
5,zeeshan siddiqui,c & b aizaz khan,2,3,-,0,0,66.66,20,6.54,131,6,team1,616be67b65ff323064b6bf04
6,amir ali,lbw b aizaz khan,6,9,-,0,0,66.66,20,6.54,131,6,team1,616be67b65ff323064b6bf04
7,sultan ahmed (c)†,not out,5,4,-,0,0,125.00,20,6.54,131,6,team1,616be67b65ff323064b6bf04
8,anshy rath,c †sultan ahmed b bilal khan,0,1,-,0,0,0.00,19.5,6.40,127,10,team2,616be67b65ff323064b6bf04
9,waqas barkat,c †sultan ahmed b bilal khan,10,7,-,2,0,142.85,19.5,6.40,127,10,team2,616be67b65ff323064b6bf04
10,babar hayat,c amir ali b zeeshan maqsood,27,35,-,2,0,77.14,19.5,6.40,127,10,team2,616be67b65ff323064b6bf04
11,mark chapman,b zeeshan maqsood,20,18,-,3,0,111.11,19.5,6.40,127,10,team2,616be67b65ff323064b6bf04
12,nizakat khan,b bilal khan,29,26,-,2,0,111.53,19.5,6.40,127,10,team2,616be67b65ff323064b6bf04
13,tanwir afzal (c),c lalcheta b zeeshan maqsood,7,7,-,0,1,100.00,19.5,6.40,127,10,team2,616be67b65ff323064b6bf04
14,waqas khan,c aamir kaleem b khawar ali,0,2,-,0,0,0.00,19.5,6.40,127,10,team2,616be67b65ff323064b6bf04
15,aizaz khan,c bilal khan b ansari,13,8,-,2,0,162.50,19.5,6.40,127,10,team2,616be67b65ff323064b6bf04
16,christopher carter †,c aamir kaleem b khawar ali,15,10,-,2,0,150.00,19.5,6.40,127,10,team2,616be67b65ff323064b6bf04
17,haseeb amjad,not out,2,2,-,0,0,100.00,19.5,6.40,127,10,team2,616be67b65ff323064b6bf04
18,nadeem ahmed,b bilal khan,0,3,-,0,0,0.00,19.5,6.40,127,10,team2,616be67b65ff323064b6bf04
