,player,batting,r,b,m,4s,6s,sr,overs,run_rate,total_run,wickets,team,id
0,subash khakurel †,c asghar afghan b shapoor zadran,56,53,76,6,1,105.66,20,7.05,141,5,team1,616be51c65ff323064b6bea0
1,sagar pun,c mohammad nabi b dawlat zadran,8,11,18,1,0,72.72,20,7.05,141,5,team1,616be51c65ff323064b6bea0
2,gyanendra malla,c nawroz mangal b mohammad nabi,22,13,17,3,1,169.23,20,7.05,141,5,team1,616be51c65ff323064b6bea0
3,paras khadka (c),b mirwais ashraf,1,5,5,0,0,20.00,20,7.05,141,5,team1,616be51c65ff323064b6bea0
4,sharad vesawkar,c †mohammad shahzad b shapoor zadran,37,32,38,5,0,115.62,20,7.05,141,5,team1,616be51c65ff323064b6bea0
5,binod bhandari,not out,4,6,6,1,0,66.66,20,7.05,141,5,team1,616be51c65ff323064b6bea0
6,naresh budayair,not out,2,3,5,0,0,66.66,20,7.05,141,5,team1,616be51c65ff323064b6bea0
7,mohammad shahzad †,c sompal kami b mukhiya,6,17,19,1,0,35.29,20,6.60,132,8,team2,616be51c65ff323064b6bea0
8,karim sadiq,b sompal kami,8,7,12,2,0,114.28,20,6.60,132,8,team2,616be51c65ff323064b6bea0
9,najibullah zadran,c vesawkar b mukhiya,5,4,8,1,0,125.00,20,6.60,132,8,team2,616be51c65ff323064b6bea0
10,nawroz mangal,c khadka b gauchan,5,7,16,1,0,71.42,20,6.60,132,8,team2,616be51c65ff323064b6bea0
11,shafiqullah,c sagar pun b regmi,36,32,38,3,1,112.50,20,6.60,132,8,team2,616be51c65ff323064b6bea0
12,mohammad nabi (c),lbw b gauchan,1,2,3,0,0,50.00,20,6.60,132,8,team2,616be51c65ff323064b6bea0
13,asghar afghan,c malla b sompal kami,49,36,48,4,1,136.11,20,6.60,132,8,team2,616be51c65ff323064b6bea0
14,samiullah shinwari,c khadka b mukhiya,15,13,20,1,0,115.38,20,6.60,132,8,team2,616be51c65ff323064b6bea0
15,mirwais ashraf,not out,2,2,9,0,0,100.00,20,6.60,132,8,team2,616be51c65ff323064b6bea0
16,dawlat zadran,not out,0,0,1,0,0,-,20,6.60,132,8,team2,616be51c65ff323064b6bea0
