,player,batting,r,b,m,4s,6s,sr,overs,run_rate,total_run,wickets,team,id
0,tamim iqbal,c bollinger b coulter-nile,5,11,16,0,0,45.45,20,7.65,153,5,team1,616be5d165ff323064b6beb6
1,anamul haque,c watson b coulter-nile,0,6,8,0,0,0.00,20,7.65,153,5,team1,616be5d165ff323064b6beb6
2,shakib al hasan,c maxwell b bollinger,66,52,72,5,3,126.92,20,7.65,153,5,team1,616be5d165ff323064b6beb6
3,mushfiqur rahim (c)†,c maxwell b watson,47,36,56,5,1,130.55,20,7.65,153,5,team1,616be5d165ff323064b6beb6
4,mahmudullah,not out,6,7,20,0,0,85.71,20,7.65,153,5,team1,616be5d165ff323064b6beb6
5,nasir hossain,b starc,14,10,13,2,0,140.00,20,7.65,153,5,team1,616be5d165ff323064b6beb6
6,aaron finch,c nasir hossain b al-amin hossain,71,45,62,7,4,157.77,17.3,9.02,158,3,team2,616be5d165ff323064b6beb6
7,david warner,b al-amin hossain,48,35,43,5,3,137.14,17.3,9.02,158,3,team2,616be5d165ff323064b6beb6
8,cameron white,not out,18,15,30,2,0,120.00,17.3,9.02,158,3,team2,616be5d165ff323064b6beb6
9,glenn maxwell,b taskin ahmed,5,3,6,1,0,166.66,17.3,9.02,158,3,team2,616be5d165ff323064b6beb6
10,george bailey (c),not out,11,7,5,1,1,157.14,17.3,9.02,158,3,team2,616be5d165ff323064b6beb6
