,player,batting,r,b,m,4s,6s,sr,overs,run_rate,total_run,wickets,team,id
0,tamim iqbal,run out (†nj o'brien/mccallan),22,28,38,2,0,78.57,20,6.85,137,8,team1,616be0ff65ff323064b6bd85
1,junaid siddique,c bray b johnston,13,5,5,3,0,260.00,20,6.85,137,8,team1,616be0ff65ff323064b6bd85
2,mohammad ashraful (c),c kj o'brien b johnston,14,10,14,1,1,140.00,20,6.85,137,8,team1,616be0ff65ff323064b6bd85
3,shakib al hasan,c wilson b johnston,7,7,3,1,0,100.00,20,6.85,137,8,team1,616be0ff65ff323064b6bd85
4,mahmudullah,st †nj o'brien b cusack,7,10,14,0,0,70.00,20,6.85,137,8,team1,616be0ff65ff323064b6bd85
5,raqibul hasan,b mccallan,13,20,20,0,0,65.00,20,6.85,137,8,team1,616be0ff65ff323064b6bd85
6,mushfiqur rahim †,c mooney b west,14,15,15,0,0,93.33,20,6.85,137,8,team1,616be0ff65ff323064b6bd85
7,mashrafe mortaza,not out,33,16,19,1,2,206.25,20,6.85,137,8,team1,616be0ff65ff323064b6bd85
8,naeem islam,b rankin,7,9,9,0,0,77.77,20,6.85,137,8,team1,616be0ff65ff323064b6bd85
9,abdur razzak,not out,0,0,4,0,0,-,20,6.85,137,8,team1,616be0ff65ff323064b6bd85
10,jeremy bray,c raqibul hasan b mashrafe mortaza,2,10,11,0,0,20.00,18.2,7.52,138,4,team2,616be0ff65ff323064b6bd85
11,william porterfield (c),c & b abdur razzak,23,29,43,3,0,79.31,18.2,7.52,138,4,team2,616be0ff65ff323064b6bd85
12,niall o'brien †,c rubel hossain b shakib al hasan,40,25,23,3,3,160.00,18.2,7.52,138,4,team2,616be0ff65ff323064b6bd85
13,gary wilson,c mohammad ashraful b mashrafe mortaza,10,15,16,0,0,66.66,18.2,7.52,138,4,team2,616be0ff65ff323064b6bd85
14,john mooney,not out,17,14,29,2,0,121.42,18.2,7.52,138,4,team2,616be0ff65ff323064b6bd85
15,kevin o'brien,not out,39,17,15,4,2,229.41,18.2,7.52,138,4,team2,616be0ff65ff323064b6bd85
