,player,batting,r,b,m,4s,6s,sr,overs,run_rate,total_run,wickets,team,id
0,lou vincent,b van der wath,32,29,42,4,0,110.34,20,7.65,153,8,team1,616be07165ff323064b6bd4b
1,brendon mccullum †,c †boucher b m morkel,38,26,34,3,2,146.15,20,7.65,153,8,team1,616be07165ff323064b6bd4b
2,ross taylor,c †boucher b m morkel,1,3,3,0,0,33.33,20,7.65,153,8,team1,616be07165ff323064b6bd4b
3,scott styris,c de villiers b ja morkel,6,9,14,0,0,66.66,20,7.65,153,8,team1,616be07165ff323064b6bd4b
4,craig mcmillan,not out,48,25,47,2,4,192.00,20,7.65,153,8,team1,616be07165ff323064b6bd4b
5,jacob oram,b m morkel,15,15,17,2,0,100.00,20,7.65,153,8,team1,616be07165ff323064b6bd4b
6,nathan mccullum,run out (van der wath/†boucher),1,4,2,0,0,25.00,20,7.65,153,8,team1,616be07165ff323064b6bd4b
7,daniel vettori (c),c ja morkel b van der wath,1,3,4,0,0,33.33,20,7.65,153,8,team1,616be07165ff323064b6bd4b
8,shane bond,c †boucher b m morkel,0,1,2,0,0,0.00,20,7.65,153,8,team1,616be07165ff323064b6bd4b
9,mark gillespie,not out,3,7,8,0,0,42.85,20,7.65,153,8,team1,616be07165ff323064b6bd4b
10,graeme smith (c),c †bb mccullum b bond,2,4,9,0,0,50.00,19.1,8.24,158,4,team2,616be07165ff323064b6bd4b
11,herschelle gibbs,c sub (js patel) b martin,19,19,33,4,0,100.00,19.1,8.24,158,4,team2,616be07165ff323064b6bd4b
12,ab de villiers,c †bb mccullum b gillespie,1,5,4,0,0,20.00,19.1,8.24,158,4,team2,616be07165ff323064b6bd4b
13,justin kemp,not out,89,56,68,6,6,158.92,19.1,8.24,158,4,team2,616be07165ff323064b6bd4b
14,mark boucher †,c †bb mccullum b gillespie,23,23,30,2,0,100.00,19.1,8.24,158,4,team2,616be07165ff323064b6bd4b
15,shaun pollock,not out,16,11,18,0,1,145.45,19.1,8.24,158,4,team2,616be07165ff323064b6bd4b
