,player,batting,r,b,m,4s,6s,sr,overs,run_rate,total_run,wickets,team,id
0,lendl simmons,c neesham b mcclenaghan,29,19,24,5,1,152.63,20,7.94,159,5,team1,616be51c65ff323064b6be8a
1,johnson charles,c guptill b milne,7,12,16,1,0,58.33,20,7.94,159,5,team1,616be51c65ff323064b6be8a
2,andre fletcher,run out (munro/milne/†ronchi),40,36,57,3,1,111.11,20,7.94,159,5,team1,616be51c65ff323064b6be8a
3,dwayne bravo (c),b nl mccullum,12,12,15,0,1,100.00,20,7.94,159,5,team1,616be51c65ff323064b6be8a
4,chadwick walton,c †ronchi b milne,0,3,3,0,0,0.00,20,7.94,159,5,team1,616be51c65ff323064b6be8a
5,denesh ramdin †,not out,55,31,40,3,3,177.41,20,7.94,159,5,team1,616be51c65ff323064b6be8a
6,andre russell,not out,10,7,10,1,0,142.85,20,7.94,159,5,team1,616be51c65ff323064b6be8a
7,martin guptill,c †ramdin b holder,1,4,3,0,0,25.00,19,8.57,163,6,team2,616be51c65ff323064b6be8a
8,jesse ryder,c simmons b holder,23,9,13,2,2,255.55,19,8.57,163,6,team2,616be51c65ff323064b6be8a
9,brendon mccullum (c),lbw b narine,17,11,22,2,1,154.54,19,8.57,163,6,team2,616be51c65ff323064b6be8a
10,ross taylor,c walton b narine,39,41,66,3,0,95.12,19,8.57,163,6,team2,616be51c65ff323064b6be8a
11,colin munro,c miller b russell,5,6,12,0,0,83.33,19,8.57,163,6,team2,616be51c65ff323064b6be8a
12,corey anderson,c charles b russell,6,9,9,1,0,66.66,19,8.57,163,6,team2,616be51c65ff323064b6be8a
13,luke ronchi †,not out,51,28,37,4,2,182.14,19,8.57,163,6,team2,616be51c65ff323064b6be8a
14,james neesham,not out,14,6,6,2,1,233.33,19,8.57,163,6,team2,616be51c65ff323064b6be8a
