,player,batting,r,b,m,4s,6s,sr,overs,run_rate,total_run,wickets,team,id
0,shane watson,b mathews,1,4,3,0,0,25.00,20,8.39,168,5,team1,616be25c65ff323064b6bdd0
1,david warner,c jayawardene b randiv,9,12,24,1,0,75.00,20,8.39,168,5,team1,616be25c65ff323064b6bdd0
2,brad haddin †,c jayasuriya b mathews,15,10,7,3,0,150.00,20,8.39,168,5,team1,616be25c65ff323064b6bdd0
3,michael clarke (c),b randiv,14,20,31,0,0,70.00,20,8.39,168,5,team1,616be25c65ff323064b6bdd0
4,david hussey,st †sangakkara b randiv,0,1,1,0,0,0.00,20,8.39,168,5,team1,616be25c65ff323064b6bdd0
5,cameron white,not out,85,49,67,6,6,173.46,20,8.39,168,5,team1,616be25c65ff323064b6bdd0
6,michael hussey,not out,39,26,41,4,1,150.00,20,8.39,168,5,team1,616be25c65ff323064b6bdd0
7,mahela jayawardene,c smith b nannes,9,6,13,0,1,150.00,16.2,5.32,87,10,team2,616be25c65ff323064b6bdd0
8,sanath jayasuriya,lbw b nannes,5,14,23,0,0,35.71,16.2,5.32,87,10,team2,616be25c65ff323064b6bdd0
9,kumar sangakkara (c)†,c †haddin b tait,2,3,1,0,0,66.66,16.2,5.32,87,10,team2,616be25c65ff323064b6bdd0
10,tillakaratne dilshan,c white b johnson,20,12,13,2,1,166.66,16.2,5.32,87,10,team2,616be25c65ff323064b6bdd0
11,angelo mathews,c mek hussey b johnson,8,4,10,2,0,200.00,16.2,5.32,87,10,team2,616be25c65ff323064b6bdd0
12,dinesh chandimal,st †haddin b smith,19,24,21,1,0,79.16,16.2,5.32,87,10,team2,616be25c65ff323064b6bdd0
13,chamara kapugedera,b smith,12,15,13,1,0,80.00,16.2,5.32,87,10,team2,616be25c65ff323064b6bdd0
14,suraj randiv,run out (nannes),2,2,5,0,0,100.00,16.2,5.32,87,10,team2,616be25c65ff323064b6bdd0
15,lasith malinga,c smith b clarke,1,8,5,0,0,12.50,16.2,5.32,87,10,team2,616be25c65ff323064b6bdd0
16,ajantha mendis,b johnson,1,7,5,0,0,14.28,16.2,5.32,87,10,team2,616be25c65ff323064b6bdd0
17,chanaka welegedara,not out,2,3,2,0,0,66.66,16.2,5.32,87,10,team2,616be25c65ff323064b6bdd0
