,player,batting,r,b,m,4s,6s,sr,overs,run_rate,total_run,wickets,team,id
0,mohammad hafeez,c coventry b chibhabha,71,48,68,6,3,147.91,20,9.89,198,4,team1,616be30465ff323064b6bdf3
1,asad shafiq,run out (coventry/†taibu),38,23,32,6,1,165.21,20,9.89,198,4,team1,616be30465ff323064b6bdf3
2,rameez raja,lbw b price,23,27,45,2,0,85.18,20,9.89,198,4,team1,616be30465ff323064b6bdf3
3,umar akmal †,not out,22,11,21,4,0,200.00,20,9.89,198,4,team1,616be30465ff323064b6bdf3
4,shoaib malik,c masakadza b jarvis,7,7,10,0,0,100.00,20,9.89,198,4,team1,616be30465ff323064b6bdf3
5,sohail tanvir,not out,17,5,4,0,2,340.00,20,9.89,198,4,team1,616be30465ff323064b6bdf3
6,vusi sibanda,c misbah-ul-haq b sohail khan,7,6,9,1,0,116.66,15.2,7.36,113,10,team2,616be30465ff323064b6bdf3
7,chamu chibhabha,lbw b mohammad hafeez,28,26,44,2,0,107.69,15.2,7.36,113,10,team2,616be30465ff323064b6bdf3
8,cephas zhuwao,c †umar akmal b sohail khan,0,1,2,0,0,0.00,15.2,7.36,113,10,team2,616be30465ff323064b6bdf3
9,brendan taylor (c),c yasir shah b sohail tanvir,10,7,12,0,1,142.85,15.2,7.36,113,10,team2,616be30465ff323064b6bdf3
10,hamilton masakadza,c yasir shah b mohammad hafeez,12,13,16,1,0,92.30,15.2,7.36,113,10,team2,616be30465ff323064b6bdf3
11,elton chigumbura,c sohail tanvir b mohammad hafeez,1,3,8,0,0,33.33,15.2,7.36,113,10,team2,616be30465ff323064b6bdf3
12,charles coventry,c †umar akmal b saeed ajmal,30,13,14,4,1,230.76,15.2,7.36,113,10,team2,616be30465ff323064b6bdf3
13,tatenda taibu †,run out (mohammad hafeez),6,7,13,0,0,85.71,15.2,7.36,113,10,team2,616be30465ff323064b6bdf3
14,ray price,b mohammad hafeez,3,10,11,0,0,30.00,15.2,7.36,113,10,team2,616be30465ff323064b6bdf3
15,kyle jarvis,c yasir shah b aizaz cheema,0,2,1,0,0,0.00,15.2,7.36,113,10,team2,616be30465ff323064b6bdf3
16,chris mpofu,not out,4,4,6,0,0,100.00,15.2,7.36,113,10,team2,616be30465ff323064b6bdf3
