,player,batting,r,b,m,4s,6s,sr,overs,run_rate,total_run,wickets,team,id
0,nehemiah odhiambo,c raza-ur-rehman b rizwan cheema,15,14,24,3,0,107.14,20,7.29,146,7,team1,616be51c65ff323064b6be83
1,steve tikolo,st †bagai b raza-ur-rehman,40,23,27,8,0,173.91,20,7.29,146,7,team1,616be51c65ff323064b6be83
2,duncan allan,c rizwan cheema b baidwan,18,22,22,2,0,81.81,20,7.29,146,7,team1,616be51c65ff323064b6be83
3,collins obuya (c),c †bagai b gordon,40,36,47,0,3,111.11,20,7.29,146,7,team1,616be51c65ff323064b6be83
4,rakep patel,b raza-ur-rehman,11,11,9,0,1,100.00,20,7.29,146,7,team1,616be51c65ff323064b6be83
5,ragheb aga,c rizwan cheema b hansra,3,5,6,0,0,60.00,20,7.29,146,7,team1,616be51c65ff323064b6be83
6,morris ouma,not out,9,7,16,1,0,128.57,20,7.29,146,7,team1,616be51c65ff323064b6be83
7,irfan karim †,c dean b gordon,0,1,1,0,0,0.00,20,7.29,146,7,team1,616be51c65ff323064b6be83
8,shem ngoche,not out,0,1,1,0,0,0.00,20,7.29,146,7,team1,616be51c65ff323064b6be83
9,ruvindu gunasekera,c ngoche b aga,15,7,8,2,1,214.28,19.2,6.46,125,10,team2,616be51c65ff323064b6be83
10,rizwan cheema,b aga,0,3,11,0,0,0.00,19.2,6.46,125,10,team2,616be51c65ff323064b6be83
11,usman limbada,run out (ngoche),16,19,25,1,0,84.21,19.2,6.46,125,10,team2,616be51c65ff323064b6be83
12,ashish bagai (c)†,run out (gondaria),48,46,69,5,0,104.34,19.2,6.46,125,10,team2,616be51c65ff323064b6be83
13,jimmy hansra,c obuya b tikolo,2,4,5,0,0,50.00,19.2,6.46,125,10,team2,616be51c65ff323064b6be83
14,raza-ur-rehman,c †karim b obuya,10,6,10,2,0,166.66,19.2,6.46,125,10,team2,616be51c65ff323064b6be83
15,hamza tariq,c patel b allan,22,16,14,0,2,137.50,19.2,6.46,125,10,team2,616be51c65ff323064b6be83
16,junaid siddiqui,c ngoche b tikolo,5,8,9,0,0,62.50,19.2,6.46,125,10,team2,616be51c65ff323064b6be83
17,harvir baidwan,c obuya b tikolo,0,2,3,0,0,0.00,19.2,6.46,125,10,team2,616be51c65ff323064b6be83
18,abzal dean,run out (obuya),1,1,3,0,0,100.00,19.2,6.46,125,10,team2,616be51c65ff323064b6be83
19,jeremy gordon,not out,2,4,4,0,0,50.00,19.2,6.46,125,10,team2,616be51c65ff323064b6be83
