,player,batting,r,b,m,4s,6s,sr,overs,run_rate,total_run,wickets,team,id
0,graeme smith (c),lbw b khan,16,21,30,3,0,76.19,20,6.30,126,9,team1,616be07165ff323064b6bd2e
1,loots bosman,c tendulkar b khan,1,7,12,0,0,14.28,20,6.30,126,9,team1,616be07165ff323064b6bd2e
2,herschelle gibbs,c raina b agarkar,7,7,10,1,0,100.00,20,6.30,126,9,team1,616be07165ff323064b6bd2e
3,justin kemp,lbw b tendulkar,22,25,28,3,0,88.00,20,6.30,126,9,team1,616be07165ff323064b6bd2e
4,ab de villiers †,c †dhoni b agarkar,6,4,4,0,1,150.00,20,6.30,126,9,team1,616be07165ff323064b6bd2e
5,albie morkel,c mongia b sreesanth,27,18,32,1,3,150.00,20,6.30,126,9,team1,616be07165ff323064b6bd2e
6,johan van der wath,c raina b harbhajan singh,21,21,21,1,0,100.00,20,6.30,126,9,team1,616be07165ff323064b6bd2e
7,robin peterson,run out (karthik/harbhajan singh),8,12,14,0,0,66.66,20,6.30,126,9,team1,616be07165ff323064b6bd2e
8,tyron henderson,run out (†dhoni/raina),0,2,4,0,0,0.00,20,6.30,126,9,team1,616be07165ff323064b6bd2e
9,roger telemachus,not out,5,3,5,0,0,166.66,20,6.30,126,9,team1,616be07165ff323064b6bd2e
10,charl langeveldt,not out,0,1,1,0,0,0.00,20,6.30,126,9,team1,616be07165ff323064b6bd2e
11,virender sehwag (c),run out (langeveldt/sub [ag prince]),34,29,45,5,1,117.24,19.5,6.40,127,4,team2,616be07165ff323064b6bd2e
12,sachin tendulkar,b langeveldt,10,12,18,2,0,83.33,19.5,6.40,127,4,team2,616be07165ff323064b6bd2e
13,dinesh mongia,c langeveldt b peterson,38,45,63,4,1,84.44,19.5,6.40,127,4,team2,616be07165ff323064b6bd2e
14,ms dhoni †,b langeveldt,0,2,8,0,0,0.00,19.5,6.40,127,4,team2,616be07165ff323064b6bd2e
15,dinesh karthik,not out,31,28,44,3,1,110.71,19.5,6.40,127,4,team2,616be07165ff323064b6bd2e
16,suresh raina,not out,3,4,15,0,0,75.00,19.5,6.40,127,4,team2,616be07165ff323064b6bd2e
