,player,batting,r,b,m,4s,6s,sr,overs,run_rate,total_run,wickets,team,id
0,ajinkya rahane (c),c masakadza b cremer,33,32,44,2,0,103.12,20,8.90,178,5,team1,616be67b65ff323064b6bee7
1,murali vijay,run out (sikandar raza),34,19,35,5,1,178.94,20,8.90,178,5,team1,616be67b65ff323064b6bee7
2,robin uthappa †,not out,39,35,57,2,0,111.42,20,8.90,178,5,team1,616be67b65ff323064b6bee7
3,manish pandey,c sikandar raza b mpofu,19,19,23,1,1,100.00,20,8.90,178,5,team1,616be67b65ff323064b6bee7
4,kedar jadhav,c masakadza b mpofu,9,7,10,1,0,128.57,20,8.90,178,5,team1,616be67b65ff323064b6bee7
5,stuart binny,c cremer b mpofu,11,6,8,0,1,183.33,20,8.90,178,5,team1,616be67b65ff323064b6bee7
6,harbhajan singh,not out,8,3,3,1,0,266.66,20,8.90,178,5,team1,616be67b65ff323064b6bee7
7,hamilton masakadza,c jadhav b patel,28,24,40,1,2,116.66,20,6.20,124,7,team2,616be67b65ff323064b6bee7
8,chamu chibhabha,c pandey b harbhajan singh,23,27,34,2,1,85.18,20,6.20,124,7,team2,616be67b65ff323064b6bee7
9,charles coventry †,c rahane b harbhajan singh,10,10,10,0,1,100.00,20,6.20,124,7,team2,616be67b65ff323064b6bee7
10,elton chigumbura (c),b patel,1,3,2,0,0,33.33,20,6.20,124,7,team2,616be67b65ff323064b6bee7
11,sikandar raza,b patel,10,17,26,0,0,58.82,20,6.20,124,7,team2,616be67b65ff323064b6bee7
12,craig ervine,run out (sharma),2,8,12,0,0,25.00,20,6.20,124,7,team2,616be67b65ff323064b6bee7
13,graeme cremer,b sharma,9,14,19,0,0,64.28,20,6.20,124,7,team2,616be67b65ff323064b6bee7
14,prosper utseya,not out,13,7,18,1,1,185.71,20,6.20,124,7,team2,616be67b65ff323064b6bee7
15,neville madziva,not out,14,10,9,1,1,140.00,20,6.20,124,7,team2,616be67b65ff323064b6bee7
