,player,batting,r,b,m,4s,6s,sr,overs,run_rate,total_run,wickets,team,id
0,william porterfield (c),c kervezee b ten doeschate,6,11,8,1,0,54.54,20,7.55,151,6,team1,616be1b665ff323064b6bdb4
1,niall o'brien †,c borren b mohammad kashif,11,15,34,0,0,73.33,20,7.55,151,6,team1,616be1b665ff323064b6bdb4
2,alex cusack,c van bunge b jonkman,65,44,46,3,3,147.72,20,7.55,151,6,team1,616be1b665ff323064b6bdb4
3,trent johnston,c jonkman b seelaar,2,4,5,0,0,50.00,20,7.55,151,6,team1,616be1b665ff323064b6bdb4
4,gary wilson,b mudassar bukhari,29,23,34,4,0,126.08,20,7.55,151,6,team1,616be1b665ff323064b6bdb4
5,kevin o'brien,c & b jonkman,0,2,2,0,0,0.00,20,7.55,151,6,team1,616be1b665ff323064b6bdb4
6,john mooney,not out,17,13,27,2,0,130.76,20,7.55,151,6,team1,616be1b665ff323064b6bdb4
7,andrew white,not out,14,8,9,1,0,175.00,20,7.55,151,6,team1,616be1b665ff323064b6bdb4
8,alexei kervezee,b connell,2,4,2,0,0,50.00,15.3,5.54,86,10,team2,616be1b665ff323064b6bdb4
9,eric szwarczynski,b johnston,17,20,37,2,0,85.00,15.3,5.54,86,10,team2,616be1b665ff323064b6bdb4
10,mudassar bukhari,lbw b connell,0,2,2,0,0,0.00,15.3,5.54,86,10,team2,616be1b665ff323064b6bdb4
11,bas zuiderent,lbw b johnston,15,23,31,1,0,65.21,15.3,5.54,86,10,team2,616be1b665ff323064b6bdb4
12,ryan ten doeschate,c connell b botha,32,20,27,1,2,160.00,15.3,5.54,86,10,team2,616be1b665ff323064b6bdb4
13,daan van bunge,st †nj o'brien b dockrell,2,3,5,0,0,66.66,15.3,5.54,86,10,team2,616be1b665ff323064b6bdb4
14,peter borren (c),c wilson b dockrell,8,9,8,0,0,88.88,15.3,5.54,86,10,team2,616be1b665ff323064b6bdb4
15,atse buurman †,c †nj o'brien b botha,0,2,4,0,0,0.00,15.3,5.54,86,10,team2,616be1b665ff323064b6bdb4
16,mark jonkman,c kj o'brien b dockrell,1,8,12,0,0,12.50,15.3,5.54,86,10,team2,616be1b665ff323064b6bdb4
17,pieter seelaar,c kj o'brien b dockrell,1,4,3,0,0,25.00,15.3,5.54,86,10,team2,616be1b665ff323064b6bdb4
18,mohammad kashif,not out,0,0,1,0,0,-,15.3,5.54,86,10,team2,616be1b665ff323064b6bdb4
