,player,batting,r,b,m,4s,6s,sr,overs,run_rate,total_run,wickets,team,id
0,hashim amla,c hales b broad,56,37,45,6,2,151.35,20,9.80,196,5,team1,616be51c65ff323064b6beb1
1,quinton de kock †,st †buttler b tredwell,29,33,53,2,0,87.87,20,9.80,196,5,team1,616be51c65ff323064b6beb1
2,ab de villiers (c),not out,69,28,53,9,3,246.42,20,9.80,196,5,team1,616be51c65ff323064b6beb1
3,jean-paul duminy,run out (bopara/†buttler),5,5,12,0,0,100.00,20,9.80,196,5,team1,616be51c65ff323064b6beb1
4,david miller,c ali b jordan,19,15,26,2,1,126.66,20,9.80,196,5,team1,616be51c65ff323064b6beb1
5,albie morkel,b bresnan,3,3,8,0,0,100.00,20,9.80,196,5,team1,616be51c65ff323064b6beb1
6,alex hales,c miller b parnell,38,22,35,6,1,172.72,20,9.65,193,7,team2,616be51c65ff323064b6beb1
7,michael lumb,c miller b parnell,18,14,22,1,2,128.57,20,9.65,193,7,team2,616be51c65ff323064b6beb1
8,moeen ali,c †de kock b parnell,10,10,13,1,0,100.00,20,9.65,193,7,team2,616be51c65ff323064b6beb1
9,eoin morgan,c †de kock b imran tahir,14,14,26,1,0,100.00,20,9.65,193,7,team2,616be51c65ff323064b6beb1
10,jos buttler †,c morkel b imran tahir,34,24,37,2,1,141.66,20,9.65,193,7,team2,616be51c65ff323064b6beb1
11,ravi bopara,c miller b steyn,31,18,36,3,1,172.22,20,9.65,193,7,team2,616be51c65ff323064b6beb1
12,chris jordan,c de villiers b hendricks,16,14,21,2,0,114.28,20,9.65,193,7,team2,616be51c65ff323064b6beb1
13,tim bresnan,not out,17,4,9,1,2,425.00,20,9.65,193,7,team2,616be51c65ff323064b6beb1
14,stuart broad (c),not out,1,1,5,0,0,100.00,20,9.65,193,7,team2,616be51c65ff323064b6beb1
