,player,batting,r,b,m,4s,6s,sr,overs,run_rate,total_run,wickets,team,id
0,hamilton masakadza,c sharma b dinda,2,8,10,0,0,25.00,20,7.00,140,5,team1,616be25c65ff323064b6bddd
1,brendan taylor,c pathan b mishra,27,33,48,3,0,81.81,20,7.00,140,5,team1,616be25c65ff323064b6bddd
2,chamu chibhabha,b pp ojha,7,17,16,1,0,41.17,20,7.00,140,5,team1,616be25c65ff323064b6bddd
3,tatenda taibu †,not out,45,40,54,2,0,112.50,20,7.00,140,5,team1,616be25c65ff323064b6bddd
4,charles coventry,b dinda,28,13,20,3,2,215.38,20,7.00,140,5,team1,616be25c65ff323064b6bddd
5,elton chigumbura (c),c raina b ashwin,18,6,6,1,2,300.00,20,7.00,140,5,team1,616be25c65ff323064b6bddd
6,greg lamb,not out,7,4,6,1,0,175.00,20,7.00,140,5,team1,616be25c65ff323064b6bddd
7,naman ojha †,c chatara b price,10,18,22,2,0,55.55,18,8.00,144,3,team2,616be25c65ff323064b6bddd
8,murali vijay,c cremer b chibhabha,46,39,62,2,3,117.94,18,8.00,144,3,team2,616be25c65ff323064b6bddd
9,suresh raina (c),not out,72,44,59,6,2,163.63,18,8.00,144,3,team2,616be25c65ff323064b6bddd
10,yusuf pathan,c masakadza b chatara,4,7,16,0,0,57.14,18,8.00,144,3,team2,616be25c65ff323064b6bddd
11,rohit sharma,not out,0,0,1,0,0,-,18,8.00,144,3,team2,616be25c65ff323064b6bddd
