,player,batting,r,b,m,4s,6s,sr,overs,run_rate,total_run,wickets,team,id
0,parthiv patel,c broad b dernbach,10,12,19,2,0,83.33,19.4,8.38,165,10,team1,616be30465ff323064b6bdf2
1,ajinkya rahane,c dernbach b broad,61,39,49,8,0,156.41,19.4,8.38,165,10,team1,616be30465ff323064b6bdf2
2,rahul dravid,c morgan b bopara,31,21,23,0,3,147.61,19.4,8.38,165,10,team1,616be30465ff323064b6bdf2
3,virat kohli,c †kieswetter b broad,4,5,5,0,0,80.00,19.4,8.38,165,10,team1,616be30465ff323064b6bdf2
4,rohit sharma,st †kieswetter b swann,1,3,7,0,0,33.33,19.4,8.38,165,10,team1,616be30465ff323064b6bdf2
5,suresh raina,c broad b bresnan,33,19,26,2,3,173.68,19.4,8.38,165,10,team1,616be30465ff323064b6bdf2
6,ms dhoni (c)†,c hales b dernbach,8,8,15,1,0,100.00,19.4,8.38,165,10,team1,616be30465ff323064b6bdf2
7,ravichandran ashwin,run out (dernbach),4,2,1,1,0,200.00,19.4,8.38,165,10,team1,616be30465ff323064b6bdf2
8,praveen kumar,b dernbach,1,4,5,0,0,25.00,19.4,8.38,165,10,team1,616be30465ff323064b6bdf2
9,vinay kumar,not out,2,4,5,0,0,50.00,19.4,8.38,165,10,team1,616be30465ff323064b6bdf2
10,munaf patel,c †kieswetter b dernbach,0,1,1,0,0,0.00,19.4,8.38,165,10,team1,616be30465ff323064b6bdf2
11,alex hales,lbw b kumar,0,2,1,0,0,0.00,19.3,8.66,169,4,team2,616be30465ff323064b6bdf2
12,craig kieswetter †,c raina b mm patel,18,13,30,2,1,138.46,19.3,8.66,169,4,team2,616be30465ff323064b6bdf2
13,kevin pietersen,st †dhoni b kohli,33,23,31,5,0,143.47,19.3,8.66,169,4,team2,616be30465ff323064b6bdf2
14,eoin morgan,c sharma b mm patel,49,27,39,7,1,181.48,19.3,8.66,169,4,team2,616be30465ff323064b6bdf2
15,ravi bopara,not out,31,36,56,2,0,86.11,19.3,8.66,169,4,team2,616be30465ff323064b6bdf2
16,samit patel,not out,25,16,21,3,0,156.25,19.3,8.66,169,4,team2,616be30465ff323064b6bdf2
