,player,batting,r,b,m,4s,6s,sr,overs,run_rate,total_run,wickets,team,id
0,kevin pietersen,not out,62,52,91,6,1,119.23,20,6.44,129,6,team1,616be30465ff323064b6be0b
1,craig kieswetter †,c shoaib malik b saeed ajmal,17,17,21,1,1,100.00,20,6.44,129,6,team1,616be30465ff323064b6be0b
2,ravi bopara,c †umar akmal b aizaz cheema,1,2,4,0,0,50.00,20,6.44,129,6,team1,616be30465ff323064b6be0b
3,eoin morgan,run out (misbah-ul-haq/shahid afridi),9,11,15,0,0,81.81,20,6.44,129,6,team1,616be30465ff323064b6be0b
4,jonny bairstow,b saeed ajmal,3,8,9,0,0,37.50,20,6.44,129,6,team1,616be30465ff323064b6be0b
5,jos buttler,lbw b saeed ajmal,7,13,14,0,0,53.84,20,6.44,129,6,team1,616be30465ff323064b6be0b
6,samit patel,st †umar akmal b saeed ajmal,16,10,9,1,1,160.00,20,6.44,129,6,team1,616be30465ff323064b6be0b
7,stuart broad (c),not out,6,7,11,0,0,85.71,20,6.44,129,6,team1,616be30465ff323064b6be0b
8,awais zia,lbw b swann,23,28,33,1,1,82.14,20,6.20,124,6,team2,616be30465ff323064b6be0b
9,mohammad hafeez,c & b dernbach,0,1,5,0,0,0.00,20,6.20,124,6,team2,616be30465ff323064b6be0b
10,asad shafiq,run out (buttler/†kieswetter),34,32,48,3,0,106.25,20,6.20,124,6,team2,616be30465ff323064b6be0b
11,misbah-ul-haq (c),b dernbach,28,32,56,2,0,87.50,20,6.20,124,6,team2,616be30465ff323064b6be0b
12,umar akmal †,c swann b broad,22,23,25,1,0,95.65,20,6.20,124,6,team2,616be30465ff323064b6be0b
13,shahid afridi,run out (bairstow/†kieswetter),3,2,6,0,0,150.00,20,6.20,124,6,team2,616be30465ff323064b6be0b
14,hammad azam,not out,2,2,3,0,0,100.00,20,6.20,124,6,team2,616be30465ff323064b6be0b
