,player,batting,r,b,m,4s,6s,sr,overs,run_rate,total_run,wickets,team,id
0,lendl simmons,c ervine b mushangwe,41,39,52,1,2,105.12,20,7.90,158,7,team1,616be46a65ff323064b6be5c
1,johnson charles,b chatara,10,8,14,2,0,125.00,20,7.90,158,7,team1,616be46a65ff323064b6be5c
2,dwayne bravo,c †taylor b mushangwe,24,25,22,1,1,96.00,20,7.90,158,7,team1,616be46a65ff323064b6be5c
3,chris barnwell,b utseya,7,10,9,0,0,70.00,20,7.90,158,7,team1,616be46a65ff323064b6be5c
4,kieron pollard,not out,45,24,39,3,3,187.50,20,7.90,158,7,team1,616be46a65ff323064b6be5c
5,daren sammy (c),c sibanda b mutombodzi,19,12,22,2,1,158.33,20,7.90,158,7,team1,616be46a65ff323064b6be5c
6,andre russell,c ervine b mutombodzi,0,1,2,0,0,0.00,20,7.90,158,7,team1,616be46a65ff323064b6be5c
7,denesh ramdin †,b mpofu,0,1,3,0,0,0.00,20,7.90,158,7,team1,616be46a65ff323064b6be5c
8,sunil narine,not out,1,1,4,0,0,100.00,20,7.90,158,7,team1,616be46a65ff323064b6be5c
9,chamu chibhabha,b badree,13,15,13,2,0,86.66,20,5.85,117,6,team2,616be46a65ff323064b6be5c
10,vusi sibanda,c bravo b badree,5,8,22,0,0,62.50,20,5.85,117,6,team2,616be46a65ff323064b6be5c
11,hamilton masakadza,not out,53,51,66,6,0,103.92,20,5.85,117,6,team2,616be46a65ff323064b6be5c
12,brendan taylor (c)†,c sammy b badree,4,5,7,0,0,80.00,20,5.85,117,6,team2,616be46a65ff323064b6be5c
13,craig ervine,c & b bravo,15,16,20,1,0,93.75,20,5.85,117,6,team2,616be46a65ff323064b6be5c
14,malcolm waller,run out (simmons/†ramdin),7,10,14,0,0,70.00,20,5.85,117,6,team2,616be46a65ff323064b6be5c
15,tinotenda mutombodzi,c & b bravo,1,3,4,0,0,33.33,20,5.85,117,6,team2,616be46a65ff323064b6be5c
16,prosper utseya,not out,11,12,11,2,0,91.66,20,5.85,117,6,team2,616be46a65ff323064b6be5c
