,player,batting,r,b,m,4s,6s,sr,overs,run_rate,total_run,wickets,team,id
0,tillakaratne dilshan,b rg sharma,34,33,-,5,0,103.03,20,10.75,215,5,team1,616be1b665ff323064b6bda4
1,sanath jayasuriya,c i sharma b dinda,26,20,-,5,0,130.00,20,10.75,215,5,team1,616be1b665ff323064b6bda4
2,kumar sangakkara (c)†,run out (rg sharma/pathan),78,37,-,11,2,210.81,20,10.75,215,5,team1,616be1b665ff323064b6bda4
3,mahela jayawardene,b pathan,9,6,-,1,0,150.00,20,10.75,215,5,team1,616be1b665ff323064b6bda4
4,chamara kapugedera,b nehra,47,20,-,7,1,235.00,20,10.75,215,5,team1,616be1b665ff323064b6bda4
5,angelo mathews,not out,15,4,-,0,2,375.00,20,10.75,215,5,team1,616be1b665ff323064b6bda4
6,gautam gambhir,b mathews,55,26,-,11,0,211.53,20,9.30,186,9,team2,616be1b665ff323064b6bda4
7,virender sehwag,c mathews b kulasekara,26,14,-,3,1,185.71,20,9.30,186,9,team2,616be1b665ff323064b6bda4
8,ms dhoni (c)†,c pushpakumara b jayasuriya,9,12,-,0,0,75.00,20,9.30,186,9,team2,616be1b665ff323064b6bda4
9,yuvraj singh,c kulasekara b mathews,6,8,-,0,0,75.00,20,9.30,186,9,team2,616be1b665ff323064b6bda4
10,rohit sharma,run out (malinga/†sangakkara),3,4,-,0,0,75.00,20,9.30,186,9,team2,616be1b665ff323064b6bda4
11,suresh raina,c dilshan b pushpakumara,21,13,-,1,1,161.53,20,9.30,186,9,team2,616be1b665ff323064b6bda4
12,yusuf pathan,c malinga b jayasuriya,0,2,-,0,0,0.00,20,9.30,186,9,team2,616be1b665ff323064b6bda4
13,ashok dinda,b dilshan,19,20,-,1,0,95.00,20,9.30,186,9,team2,616be1b665ff323064b6bda4
14,ashish nehra,run out (fernando),22,13,-,1,2,169.23,20,9.30,186,9,team2,616be1b665ff323064b6bda4
15,pragyan ojha,not out,10,6,-,0,1,166.66,20,9.30,186,9,team2,616be1b665ff323064b6bda4
16,ishant sharma,not out,5,2,-,1,0,250.00,20,9.30,186,9,team2,616be1b665ff323064b6bda4
