,player,batting,r,b,m,4s,6s,sr,overs,run_rate,total_run,wickets,team,id
0,stuart poynter †,c †cross b sharif,11,10,-,2,0,110.00,20,8.30,166,6,team1,616be5d165ff323064b6bed3
1,john anderson,c munsey b main,3,5,-,0,0,60.00,20,8.30,166,6,team1,616be5d165ff323064b6bed3
2,andy balbirnie,run out (sharif),31,26,-,3,0,119.23,20,8.30,166,6,team1,616be5d165ff323064b6bed3
3,andrew poynter,c sharif b leask,36,24,-,3,2,150.00,20,8.30,166,6,team1,616be5d165ff323064b6bed3
4,kevin o'brien (c),c leask b sharif,36,29,-,2,1,124.13,20,8.30,166,6,team1,616be5d165ff323064b6bed3
5,stuart thompson,c leask b berrington,6,3,-,1,0,200.00,20,8.30,166,6,team1,616be5d165ff323064b6bed3
6,tyrone kane,not out,26,17,-,3,0,152.94,20,8.30,166,6,team1,616be5d165ff323064b6bed3
7,george dockrell,not out,10,6,-,1,0,166.66,20,8.30,166,6,team1,616be5d165ff323064b6bed3
8,george munsey,b kane,0,2,-,0,0,0.00,18.1,9.19,167,4,team2,616be5d165ff323064b6bed3
9,kyle coetzer,st †sw poynter b dockrell,34,22,-,5,0,154.54,18.1,9.19,167,4,team2,616be5d165ff323064b6bed3
10,matthew cross †,c †sw poynter b dockrell,48,30,-,6,1,160.00,18.1,9.19,167,4,team2,616be5d165ff323064b6bed3
11,michael leask,b dockrell,13,11,-,2,0,118.18,18.1,9.19,167,4,team2,616be5d165ff323064b6bed3
12,richie berrington,not out,20,15,-,2,0,133.33,18.1,9.19,167,4,team2,616be5d165ff323064b6bed3
13,preston mommsen (c),not out,47,29,-,5,1,162.06,18.1,9.19,167,4,team2,616be5d165ff323064b6bed3
