,player,batting,r,b,m,4s,6s,sr,overs,run_rate,total_run,wickets,team,id
0,subash khakurel †,c aizaz khan b nadeem ahmed,22,16,23,4,0,137.50,20,7.45,149,8,team1,616be51c65ff323064b6be99
1,sagar pun,c waqas barkat b haseeb amjad,13,13,19,2,0,100.00,20,7.45,149,8,team1,616be51c65ff323064b6be99
2,gyanendra malla,c & b haseeb amjad,48,41,64,4,1,117.07,20,7.45,149,8,team1,616be51c65ff323064b6be99
3,paras khadka (c),c nizakat khan b najeeb amar,41,37,47,4,0,110.81,20,7.45,149,8,team1,616be51c65ff323064b6be99
4,binod bhandari,c waqas barkat b nadeem ahmed,1,2,3,0,0,50.00,20,7.45,149,8,team1,616be51c65ff323064b6be99
5,sharad vesawkar,run out (aizaz khan/†atkinson),14,9,10,2,0,155.55,20,7.45,149,8,team1,616be51c65ff323064b6be99
6,basant regmi,not out,0,0,3,0,0,-,20,7.45,149,8,team1,616be51c65ff323064b6be99
7,naresh budayair,b haseeb amjad,0,1,1,0,0,0.00,20,7.45,149,8,team1,616be51c65ff323064b6be99
8,shakti gauchan,run out (haseeb amjad),0,1,1,0,0,0.00,20,7.45,149,8,team1,616be51c65ff323064b6be99
9,irfan ahmed,c †khakurel b khadka,0,1,1,0,0,0.00,17,4.05,69,10,team2,616be51c65ff323064b6be99
10,waqas barkat,c mukhiya b gauchan,18,19,27,3,0,94.73,17,4.05,69,10,team2,616be51c65ff323064b6be99
11,jamie atkinson (c)†,b sompal kami,6,7,6,1,0,85.71,17,4.05,69,10,team2,616be51c65ff323064b6be99
12,babar hayat,b gauchan,20,25,38,2,0,80.00,17,4.05,69,10,team2,616be51c65ff323064b6be99
13,mark chapman,b regmi,13,12,14,1,0,108.33,17,4.05,69,10,team2,616be51c65ff323064b6be99
14,nizakat khan,b regmi,0,1,1,0,0,0.00,17,4.05,69,10,team2,616be51c65ff323064b6be99
15,tanwir afzal,c khadka b regmi,0,5,10,0,0,0.00,17,4.05,69,10,team2,616be51c65ff323064b6be99
16,aizaz khan,b gauchan,0,3,2,0,0,0.00,17,4.05,69,10,team2,616be51c65ff323064b6be99
17,najeeb amar,c †bhandari b sompal kami,2,9,10,0,0,22.22,17,4.05,69,10,team2,616be51c65ff323064b6be99
18,haseeb amjad,not out,4,9,15,0,0,44.44,17,4.05,69,10,team2,616be51c65ff323064b6be99
19,nadeem ahmed,b mukhiya,5,11,10,0,0,45.45,17,4.05,69,10,team2,616be51c65ff323064b6be99
