,player,batting,r,b,m,4s,6s,sr,overs,run_rate,total_run,wickets,team,id
0,rizwan cheema (c),retired hurt,3,3,7,0,0,100.00,20,7.10,142,7,team1,616be1b665ff323064b6bdae
1,john davison,c de grooth b schiferli,0,3,3,0,0,0.00,20,7.10,142,7,team1,616be1b665ff323064b6bdae
2,hiral patel,c & b van bunge,25,25,34,1,0,100.00,20,7.10,142,7,team1,616be1b665ff323064b6bdae
3,geoff barnett,c de grooth b seelaar,36,20,29,6,0,180.00,20,7.10,142,7,team1,616be1b665ff323064b6bdae
4,ashish bagai †,b seelaar,14,17,29,0,0,82.35,20,7.10,142,7,team1,616be1b665ff323064b6bdae
5,ian billcliff,b ten doeschate,37,30,29,3,1,123.33,20,7.10,142,7,team1,616be1b665ff323064b6bdae
6,sunil dhaniram,c szwarczynski b mudassar bukhari,4,6,8,0,0,66.66,20,7.10,142,7,team1,616be1b665ff323064b6bdae
7,umar bhatti,run out (†buurman),7,7,11,0,0,100.00,20,7.10,142,7,team1,616be1b665ff323064b6bdae
8,khurram chohan,not out,7,7,9,1,0,100.00,20,7.10,142,7,team1,616be1b665ff323064b6bdae
9,harvir baidwan,not out,4,2,2,0,0,200.00,20,7.10,142,7,team1,616be1b665ff323064b6bdae
10,alexei kervezee,st †bagai b davison,39,31,38,6,0,125.80,19.1,7.61,146,4,team2,616be1b665ff323064b6bdae
11,eric szwarczynski,c khurram chohan b bhatti,25,17,24,5,0,147.05,19.1,7.61,146,4,team2,616be1b665ff323064b6bdae
12,bas zuiderent,not out,43,41,52,2,1,104.87,19.1,7.61,146,4,team2,616be1b665ff323064b6bdae
13,peter borren (c),run out (†bagai/dhaniram),12,12,12,0,0,100.00,19.1,7.61,146,4,team2,616be1b665ff323064b6bdae
14,ryan ten doeschate,c †bagai b baidwan,17,14,23,1,0,121.42,19.1,7.61,146,4,team2,616be1b665ff323064b6bdae
15,daan van bunge,not out,0,0,3,0,0,-,19.1,7.61,146,4,team2,616be1b665ff323064b6bdae
