,player,batting,r,b,m,4s,6s,sr,overs,run_rate,total_run,wickets,team,id
0,amjad ali,c dockrell b stirling,20,19,25,4,0,105.26,20,6.15,123,6,team1,616be51c65ff323064b6be9f
1,faizan asif,run out (murtagh/†wilson),11,15,20,1,0,73.33,20,6.15,123,6,team1,616be51c65ff323064b6be9f
2,khurram khan (c),c joyce b murtagh,16,21,41,1,0,76.19,20,6.15,123,6,team1,616be51c65ff323064b6be9f
3,swapnil patil †,c porterfield b stirling,0,3,2,0,0,0.00,20,6.15,123,6,team1,616be51c65ff323064b6be9f
4,shaiman anwar,c & b o'brien,30,28,29,0,2,107.14,20,6.15,123,6,team1,616be51c65ff323064b6be9f
5,amjad javed,c joyce b o'brien,19,21,21,3,0,90.47,20,6.15,123,6,team1,616be51c65ff323064b6be9f
6,rohan mustafa,not out,13,13,23,0,0,100.00,20,6.15,123,6,team1,616be51c65ff323064b6be9f
7,vikrant shetty,not out,1,1,4,0,0,100.00,20,6.15,123,6,team1,616be51c65ff323064b6be9f
8,william porterfield (c),not out,33,35,65,2,1,94.28,14.2,7.18,103,3,team2,616be51c65ff323064b6be9f
9,paul stirling,retired hurt,8,5,12,2,0,160.00,14.2,7.18,103,3,team2,616be51c65ff323064b6be9f
10,ed joyce,c khurram khan b sharif asadullah,43,38,41,4,1,113.15,14.2,7.18,103,3,team2,616be51c65ff323064b6be9f
11,kevin o'brien,c shetty b sharif asadullah,0,2,3,0,0,0.00,14.2,7.18,103,3,team2,616be51c65ff323064b6be9f
12,andrew poynter,b amjad javed,4,5,4,1,0,80.00,14.2,7.18,103,3,team2,616be51c65ff323064b6be9f
13,gary wilson †,not out,1,1,3,0,0,100.00,14.2,7.18,103,3,team2,616be51c65ff323064b6be9f
