,player,batting,r,b,m,4s,6s,sr,overs,run_rate,total_run,wickets,team,id
0,noor ali zadran,c stirling b botha,42,45,56,5,0,93.33,20,6.95,139,8,team1,616be1b665ff323064b6bdad
1,karim sadiq,b johnston,4,5,6,1,0,80.00,20,6.95,139,8,team1,616be1b665ff323064b6bdad
2,shafiqullah,c mooney b johnston,3,6,12,0,0,50.00,20,6.95,139,8,team1,616be1b665ff323064b6bdad
3,mohammad shahzad †,run out (mooney),12,17,30,0,0,70.58,20,6.95,139,8,team1,616be1b665ff323064b6bdad
4,nawroz mangal (c),st †nj o'brien b dockrell,13,11,16,0,1,118.18,20,6.95,139,8,team1,616be1b665ff323064b6bdad
5,mohammad nabi,not out,43,25,31,3,2,172.00,20,6.95,139,8,team1,616be1b665ff323064b6bdad
6,samiullah shinwari,run out (cusack/connell),2,4,5,0,0,50.00,20,6.95,139,8,team1,616be1b665ff323064b6bdad
7,raees ahmadzai,st †nj o'brien b botha,9,5,14,0,1,180.00,20,6.95,139,8,team1,616be1b665ff323064b6bdad
8,mirwais ashraf,run out (kj o'brien),1,1,2,0,0,100.00,20,6.95,139,8,team1,616be1b665ff323064b6bdad
9,hamid hassan,not out,1,1,3,0,0,100.00,20,6.95,139,8,team1,616be1b665ff323064b6bdad
10,william porterfield (c),b karim sadiq,35,23,28,3,2,152.17,19.2,6.51,126,10,team2,616be1b665ff323064b6bdad
11,niall o'brien †,c noor ali zadran b shapoor zadran,2,6,12,0,0,33.33,19.2,6.51,126,10,team2,616be1b665ff323064b6bdad
12,paul stirling,c nawroz mangal b hamid hassan,21,23,38,2,0,91.30,19.2,6.51,126,10,team2,616be1b665ff323064b6bdad
13,andre botha,b karim sadiq,0,2,2,0,0,0.00,19.2,6.51,126,10,team2,616be1b665ff323064b6bdad
14,kevin o'brien,c nawroz mangal b karim sadiq,7,9,8,0,0,77.77,19.2,6.51,126,10,team2,616be1b665ff323064b6bdad
15,alex cusack,run out (nawroz mangal),15,13,20,0,0,115.38,19.2,6.51,126,10,team2,616be1b665ff323064b6bdad
16,gary wilson,c †mohammad shahzad b mohammad nabi,8,10,12,0,0,80.00,19.2,6.51,126,10,team2,616be1b665ff323064b6bdad
17,trent johnston,c samiullah shinwari b mohammad nabi,18,17,21,1,0,105.88,19.2,6.51,126,10,team2,616be1b665ff323064b6bdad
18,john mooney,b hamid hassan,9,13,22,1,0,69.23,19.2,6.51,126,10,team2,616be1b665ff323064b6bdad
19,peter connell,run out (hamid hassan),0,1,4,0,0,0.00,19.2,6.51,126,10,team2,616be1b665ff323064b6bdad
20,george dockrell,not out,0,0,2,0,0,-,19.2,6.51,126,10,team2,616be1b665ff323064b6bdad
