,player,batting,r,b,m,4s,6s,sr,overs,run_rate,total_run,wickets,team,id
0,chris foggo,c welsh b thuraisingam,7,5,3,1,0,140.00,20,3.50,70,10,team1,616be0ff65ff323064b6bd67
1,oliver pitcher,c osinde b davison,15,27,52,0,0,55.55,20,3.50,70,10,team1,616be0ff65ff323064b6bd67
2,oronde bascome,c welsh b osinde,2,6,4,0,0,33.33,20,3.50,70,10,team1,616be0ff65ff323064b6bd67
3,steven outerbridge,lbw b osinde,4,10,9,0,0,40.00,20,3.50,70,10,team1,616be0ff65ff323064b6bd67
4,james celestine,c †bagai b welsh,2,7,11,0,0,28.57,20,3.50,70,10,team1,616be0ff65ff323064b6bd67
5,george o'brien,lbw b welsh,0,2,2,0,0,0.00,20,3.50,70,10,team1,616be0ff65ff323064b6bd67
6,jekon edness †,lbw b dhaniram,9,21,24,0,0,42.85,20,3.50,70,10,team1,616be0ff65ff323064b6bd67
7,rodney trott (c),st †bagai b baidwan,8,15,18,0,0,53.33,20,3.50,70,10,team1,616be0ff65ff323064b6bd67
8,stefan kelly,not out,11,21,21,0,0,52.38,20,3.50,70,10,team1,616be0ff65ff323064b6bd67
9,kyle hodsoll,b baidwan,0,1,1,0,0,0.00,20,3.50,70,10,team1,616be0ff65ff323064b6bd67
10,tamauri tucker,b dhaniram,1,5,5,0,0,20.00,20,3.50,70,10,team1,616be0ff65ff323064b6bd67
11,mohammad qazi,c outerbridge b o'brien,0,1,2,0,0,0.00,10.3,6.76,71,2,team2,616be0ff65ff323064b6bd67
12,john davison,c foggo b kelly,19,13,19,2,1,146.15,10.3,6.76,71,2,team2,616be0ff65ff323064b6bd67
13,geoff barnett,not out,31,34,65,4,0,91.17,10.3,6.76,71,2,team2,616be0ff65ff323064b6bd67
14,ashish bagai †,not out,15,15,50,1,0,100.00,10.3,6.76,71,2,team2,616be0ff65ff323064b6bd67
