,player,batting,r,b,m,4s,6s,sr,overs,run_rate,total_run,wickets,team,id
0,mahela jayawardene,c nl mccullum b southee,81,51,74,8,2,158.82,20,6.75,135,6,team1,616be25c65ff323064b6bdbd
1,tillakaratne dilshan,b oram,3,19,21,0,0,15.78,20,6.75,135,6,team1,616be25c65ff323064b6bdbd
2,kumar sangakkara (c)†,b styris,4,11,8,0,0,36.36,20,6.75,135,6,team1,616be25c65ff323064b6bdbd
3,dinesh chandimal,c taylor b nl mccullum,29,23,26,1,1,126.08,20,6.75,135,6,team1,616be25c65ff323064b6bdbd
4,chamara kapugedera,c nl mccullum b bond,11,10,15,0,1,110.00,20,6.75,135,6,team1,616be25c65ff323064b6bdbd
5,angelo mathews,c nl mccullum b bond,3,6,8,0,0,50.00,20,6.75,135,6,team1,616be25c65ff323064b6bdbd
6,sanath jayasuriya,not out,0,0,1,0,0,-,20,6.75,135,6,team1,616be25c65ff323064b6bdbd
7,brendon mccullum,c malinga b mathews,0,4,1,0,0,0.00,19.5,7.00,139,8,team2,616be25c65ff323064b6bdbd
8,jesse ryder,b muralitharan,42,27,36,3,2,155.55,19.5,7.00,139,8,team2,616be25c65ff323064b6bdbd
9,martin guptill,b jayasuriya,19,24,39,1,1,79.16,19.5,7.00,139,8,team2,616be25c65ff323064b6bdbd
10,ross taylor,c mathews b muralitharan,9,15,19,0,0,60.00,19.5,7.00,139,8,team2,616be25c65ff323064b6bdbd
11,scott styris,b mendis,17,21,26,1,0,80.95,19.5,7.00,139,8,team2,616be25c65ff323064b6bdbd
12,daniel vettori (c),run out (sub [s randiv]/malinga),17,15,33,1,0,113.33,19.5,7.00,139,8,team2,616be25c65ff323064b6bdbd
13,jacob oram,b welegedara,15,6,6,0,2,250.00,19.5,7.00,139,8,team2,616be25c65ff323064b6bdbd
14,gareth hopkins †,run out (dilshan/†sangakkara),1,1,1,0,0,100.00,19.5,7.00,139,8,team2,616be25c65ff323064b6bdbd
15,nathan mccullum,not out,16,6,9,1,1,266.66,19.5,7.00,139,8,team2,616be25c65ff323064b6bdbd
16,tim southee,not out,0,0,1,0,0,-,19.5,7.00,139,8,team2,616be25c65ff323064b6bdbd
