,player,batting,r,b,m,4s,6s,sr,overs,run_rate,total_run,wickets,team,id
0,michael swart,not out,76,59,-,8,1,128.81,20,8.60,172,4,team1,616be5d165ff323064b6bed7
1,tobias visee,c malla b karn,4,10,-,0,0,40.00,20,8.60,172,4,team1,616be5d165ff323064b6bed7
2,ben cooper,c vesawkar b karan kc,66,46,-,4,3,143.47,20,8.60,172,4,team1,616be5d165ff323064b6bed7
3,wesley barresi †,b sompal kami,12,3,-,0,2,400.00,20,8.60,172,4,team1,616be5d165ff323064b6bed7
4,mudassar bukhari,b sompal kami,1,2,-,0,0,50.00,20,8.60,172,4,team1,616be5d165ff323064b6bed7
5,gyanendra malla,c mudassar bukhari b van schelven,12,6,-,3,0,200.00,17.4,3.90,69,10,team2,616be5d165ff323064b6bed7
6,subash khakurel †,c swart b rippon,6,12,-,0,0,50.00,17.4,3.90,69,10,team2,616be5d165ff323064b6bed7
7,binod bhandari,c borren b mudassar bukhari,2,4,-,0,0,50.00,17.4,3.90,69,10,team2,616be5d165ff323064b6bed7
8,paras khadka (c),c mudassar bukhari b van schelven,2,6,-,0,0,33.33,17.4,3.90,69,10,team2,616be5d165ff323064b6bed7
9,basant regmi,b van meekeren,2,13,-,0,0,15.38,17.4,3.90,69,10,team2,616be5d165ff323064b6bed7
10,rajesh pulami,c †barresi b rippon,0,1,-,0,0,0.00,17.4,3.90,69,10,team2,616be5d165ff323064b6bed7
11,sharad vesawkar,c ahsan malik b o'dowd,18,31,-,0,1,58.06,17.4,3.90,69,10,team2,616be5d165ff323064b6bed7
12,pradeep airee,c †barresi b van meekeren,0,1,-,0,0,0.00,17.4,3.90,69,10,team2,616be5d165ff323064b6bed7
13,sompal kami,c borren b ahsan malik,14,16,-,1,0,87.50,17.4,3.90,69,10,team2,616be5d165ff323064b6bed7
14,avinash karn,lbw b rippon,4,7,-,0,0,57.14,17.4,3.90,69,10,team2,616be5d165ff323064b6bed7
15,karan kc,not out,2,10,-,0,0,20.00,17.4,3.90,69,10,team2,616be5d165ff323064b6bed7
