,player,batting,r,b,m,4s,6s,sr,overs,run_rate,total_run,wickets,team,id
0,kamran akmal †,c schiferli b seelaar,41,30,42,3,2,136.66,20,8.75,175,5,team1,616be0ff65ff323064b6bd87
1,salman butt,c borren b ten doeschate,18,13,20,2,1,138.46,20,8.75,175,5,team1,616be0ff65ff323064b6bd87
2,shoaib malik,c seelaar b borren,30,28,31,2,0,107.14,20,8.75,175,5,team1,616be0ff65ff323064b6bd87
3,younis khan (c),c de grooth b seelaar,36,20,29,0,3,180.00,20,8.75,175,5,team1,616be0ff65ff323064b6bd87
4,misbah-ul-haq,not out,31,20,30,3,0,155.00,20,8.75,175,5,team1,616be0ff65ff323064b6bd87
5,shahid afridi,b nannes,13,7,5,0,1,185.71,20,8.75,175,5,team1,616be0ff65ff323064b6bd87
6,fawad alam,not out,3,2,1,0,0,150.00,20,8.75,175,5,team1,616be0ff65ff323064b6bd87
7,darron reekers,c sohail tanvir b mohammad amir,13,6,4,3,0,216.66,17.3,5.31,93,10,team2,616be0ff65ff323064b6bd87
8,alexei kervezee,st †kamran akmal b saeed ajmal,21,29,35,1,0,72.41,17.3,5.31,93,10,team2,616be0ff65ff323064b6bd87
9,bas zuiderent,b shahid afridi,13,15,21,2,0,86.66,17.3,5.31,93,10,team2,616be0ff65ff323064b6bd87
10,peter borren,c salman butt b saeed ajmal,2,4,4,0,0,50.00,17.3,5.31,93,10,team2,616be0ff65ff323064b6bd87
11,ryan ten doeschate,st †kamran akmal b shoaib malik,14,10,14,0,1,140.00,17.3,5.31,93,10,team2,616be0ff65ff323064b6bd87
12,tom de grooth,b shahid afridi,4,7,5,0,0,57.14,17.3,5.31,93,10,team2,616be0ff65ff323064b6bd87
13,daan van bunge,st †kamran akmal b shahid afridi,0,2,1,0,0,0.00,17.3,5.31,93,10,team2,616be0ff65ff323064b6bd87
14,edgar schiferli,c saeed ajmal b shahid afridi,2,6,6,0,0,33.33,17.3,5.31,93,10,team2,616be0ff65ff323064b6bd87
15,jeroen smits (c)†,not out,11,17,17,0,0,64.70,17.3,5.31,93,10,team2,616be0ff65ff323064b6bd87
16,dirk nannes,st †kamran akmal b saeed ajmal,6,7,12,0,0,85.71,17.3,5.31,93,10,team2,616be0ff65ff323064b6bd87
17,pieter seelaar,b umar gul,1,2,1,0,0,50.00,17.3,5.31,93,10,team2,616be0ff65ff323064b6bd87
