,player,batting,r,b,m,4s,6s,sr,overs,run_rate,total_run,wickets,team,id
0,hamish rutherford,c dernbach b broad,11,10,13,2,0,110.00,20,6.95,139,8,team1,616be46a65ff323064b6be57
1,martin guptill,c & b broad,59,55,77,2,1,107.27,20,6.95,139,8,team1,616be46a65ff323064b6be57
2,brendon mccullum (c)†,c bairstow b tredwell,26,20,24,3,0,130.00,20,6.95,139,8,team1,616be46a65ff323064b6be57
3,ross taylor,c bairstow b root,6,4,4,0,1,150.00,20,6.95,139,8,team1,616be46a65ff323064b6be57
4,grant elliott,c finn b dernbach,15,12,11,0,1,125.00,20,6.95,139,8,team1,616be46a65ff323064b6be57
5,colin munro,c root b broad,1,3,5,0,0,33.33,20,6.95,139,8,team1,616be46a65ff323064b6be57
6,james franklin,c tredwell b dernbach,15,14,25,3,0,107.14,20,6.95,139,8,team1,616be46a65ff323064b6be57
7,nathan mccullum,c †buttler b dernbach,0,1,3,0,0,0.00,20,6.95,139,8,team1,616be46a65ff323064b6be57
8,ian butler,not out,1,1,4,0,0,100.00,20,6.95,139,8,team1,616be46a65ff323064b6be57
9,michael lumb,not out,53,34,50,1,5,155.88,12.4,11.28,143,10,team2,616be46a65ff323064b6be57
10,alex hales,not out,80,42,50,9,4,190.47,12.4,11.28,143,10,team2,616be46a65ff323064b6be57
