,player,batting,r,b,m,4s,6s,sr,overs,run_rate,total_run,wickets,team,id
0,dwayne smith,c dj hussey b doherty,63,34,46,6,4,185.29,19.4,8.13,160,10,team1,616be30465ff323064b6be19
1,johnson charles,c christian b watson,37,21,28,6,1,176.19,19.4,8.13,160,10,team1,616be30465ff323064b6be19
2,kieron pollard,c †wade b lee,1,3,7,0,0,33.33,19.4,8.13,160,10,team1,616be30465ff323064b6be19
3,dwayne bravo,c christian b watson,23,24,51,0,0,95.83,19.4,8.13,160,10,team1,616be30465ff323064b6be19
4,daren sammy (c),b mckay,5,9,11,0,0,55.55,19.4,8.13,160,10,team1,616be30465ff323064b6be19
5,danza hyatt,c bailey b mckay,6,7,9,1,0,85.71,19.4,8.13,160,10,team1,616be30465ff323064b6be19
6,marlon samuels,c warner b christian,2,3,6,0,0,66.66,19.4,8.13,160,10,team1,616be30465ff323064b6be19
7,carlton baugh †,c †wade b lee,7,9,10,1,0,77.77,19.4,8.13,160,10,team1,616be30465ff323064b6be19
8,sunil narine,run out (bailey),2,4,7,0,0,50.00,19.4,8.13,160,10,team1,616be30465ff323064b6be19
9,garey mathurin,not out,3,4,7,0,0,75.00,19.4,8.13,160,10,team1,616be30465ff323064b6be19
10,fidel edwards,b lee,0,1,2,0,0,0.00,19.4,8.13,160,10,team1,616be30465ff323064b6be19
11,david warner,run out (bravo),58,43,58,5,3,134.88,20,7.29,146,9,team2,616be30465ff323064b6be19
12,shane watson,c sammy b edwards,0,2,4,0,0,0.00,20,7.29,146,9,team2,616be30465ff323064b6be19
13,george bailey (c),c hyatt b samuels,24,18,29,2,1,133.33,20,7.29,146,9,team2,616be30465ff323064b6be19
14,michael hussey,c & b samuels,14,10,18,0,1,140.00,20,7.29,146,9,team2,616be30465ff323064b6be19
15,david hussey,c pollard b bravo,19,15,46,1,1,126.66,20,7.29,146,9,team2,616be30465ff323064b6be19
16,matthew wade †,c & b samuels,17,20,27,1,1,85.00,20,7.29,146,9,team2,616be30465ff323064b6be19
17,dan christian,c sammy b edwards,3,3,3,0,0,100.00,20,7.29,146,9,team2,616be30465ff323064b6be19
18,brett lee,b edwards,0,1,2,0,0,0.00,20,7.29,146,9,team2,616be30465ff323064b6be19
19,clint mckay,b bravo,7,7,8,0,1,100.00,20,7.29,146,9,team2,616be30465ff323064b6be19
20,james pattinson,not out,0,0,2,0,0,-,20,7.29,146,9,team2,616be30465ff323064b6be19
21,xavier doherty,not out,2,1,2,0,0,200.00,20,7.29,146,9,team2,616be30465ff323064b6be19
