,player,batting,r,b,m,4s,6s,sr,overs,run_rate,total_run,wickets,team,id
0,tamim iqbal,c sw masakadza b utseya,43,30,45,6,1,143.33,20,8.39,168,7,team1,616be46a65ff323064b6be64
1,shamsur rahman,c waller b utseya,2,3,3,0,0,66.66,20,8.39,168,7,team1,616be46a65ff323064b6be64
2,shakib al hasan,c sikandar raza b mushangwe,40,28,33,6,1,142.85,20,8.39,168,7,team1,616be46a65ff323064b6be64
3,mushfiqur rahim (c)†,lbw b h masakadza,17,12,15,2,0,141.66,20,8.39,168,7,team1,616be46a65ff323064b6be64
4,nasir hossain,run out (sibanda),27,23,32,3,0,117.39,20,8.39,168,7,team1,616be46a65ff323064b6be64
5,mahmudullah,c sikandar raza b panyangara,1,4,6,0,0,25.00,20,8.39,168,7,team1,616be46a65ff323064b6be64
6,mominul haque,b vitori,9,9,16,1,0,100.00,20,8.39,168,7,team1,616be46a65ff323064b6be64
7,sohag gazi,not out,8,7,10,1,0,114.28,20,8.39,168,7,team1,616be46a65ff323064b6be64
8,abdur razzak,not out,6,6,9,0,0,100.00,20,8.39,168,7,team1,616be46a65ff323064b6be64
9,hamilton masakadza,b abdur razzak,2,5,4,0,0,40.00,20,6.70,134,9,team2,616be46a65ff323064b6be64
10,vusi sibanda,c mahmudullah b shafiul islam,32,19,25,3,1,168.42,20,6.70,134,9,team2,616be46a65ff323064b6be64
11,brendan taylor (c)†,c nasir hossain b shakib al hasan,15,10,12,3,0,150.00,20,6.70,134,9,team2,616be46a65ff323064b6be64
12,sean williams,run out (robiul islam),16,19,24,2,0,84.21,20,6.70,134,9,team2,616be46a65ff323064b6be64
13,sikandar raza,b shakib al hasan,31,30,38,0,2,103.33,20,6.70,134,9,team2,616be46a65ff323064b6be64
14,malcolm waller,c mominul haque b abdur razzak,10,10,9,1,0,100.00,20,6.70,134,9,team2,616be46a65ff323064b6be64
15,shingi masakadza,c nasir hossain b shakib al hasan,9,12,17,0,0,75.00,20,6.70,134,9,team2,616be46a65ff323064b6be64
16,prosper utseya,b shafiul islam,6,8,12,0,0,75.00,20,6.70,134,9,team2,616be46a65ff323064b6be64
17,natsai m'shangwe,b shakib al hasan,0,1,1,0,0,0.00,20,6.70,134,9,team2,616be46a65ff323064b6be64
18,tinashe panyangara,not out,1,3,6,0,0,33.33,20,6.70,134,9,team2,616be46a65ff323064b6be64
19,brian vitori,not out,1,3,3,0,0,33.33,20,6.70,134,9,team2,616be46a65ff323064b6be64
