,player,batting,r,b,m,4s,6s,sr,overs,run_rate,total_run,wickets,team,id
0,rohit sharma,c morris b abbott,106,66,79,12,5,160.60,20,9.95,199,5,team1,616be67b65ff323064b6bef9
1,shikhar dhawan,run out (de lange/†de villiers),3,4,16,0,0,75.00,20,9.95,199,5,team1,616be67b65ff323064b6bef9
2,virat kohli,c duminy b abbott,43,27,58,1,3,159.25,20,9.95,199,5,team1,616be67b65ff323064b6bef9
3,suresh raina,lbw b morris,14,8,16,0,2,175.00,20,9.95,199,5,team1,616be67b65ff323064b6bef9
4,ms dhoni (c)†,not out,20,12,22,2,1,166.66,20,9.95,199,5,team1,616be67b65ff323064b6bef9
5,ambati rayudu,run out (amla/morris),0,1,1,0,0,0.00,20,9.95,199,5,team1,616be67b65ff323064b6bef9
6,axar patel,not out,2,3,7,0,0,66.66,20,9.95,199,5,team1,616be67b65ff323064b6bef9
7,hashim amla,run out (kumar/ashwin),36,24,33,5,0,150.00,19.4,10.16,200,3,team2,616be67b65ff323064b6bef9
8,ab de villiers †,b ashwin,51,32,43,7,1,159.37,19.4,10.16,200,3,team2,616be67b65ff323064b6bef9
9,faf du plessis (c),b aravind,4,5,14,0,0,80.00,19.4,10.16,200,3,team2,616be67b65ff323064b6bef9
10,jean-paul duminy,not out,68,34,59,1,7,200.00,19.4,10.16,200,3,team2,616be67b65ff323064b6bef9
11,farhaan behardien,not out,32,23,54,4,1,139.13,19.4,10.16,200,3,team2,616be67b65ff323064b6bef9
