,player,batting,r,b,m,4s,6s,sr,overs,run_rate,total_run,wickets,team,id
0,henry davids,c anderson b mcclenaghan,68,51,67,7,2,133.33,20,8.94,179,6,team1,616be3ab65ff323064b6be50
1,faf du plessis (c),b hira,1,9,5,0,0,11.11,20,8.94,179,6,team1,616be3ab65ff323064b6be50
2,quinton de kock †,c anderson b mcclenaghan,2,4,12,0,0,50.00,20,8.94,179,6,team1,616be3ab65ff323064b6be50
3,justin ontong,c anderson b franklin,48,30,39,1,3,160.00,20,8.94,179,6,team1,616be3ab65ff323064b6be50
4,david miller,c anderson b bracewell,28,15,27,4,0,186.66,20,8.94,179,6,team1,616be3ab65ff323064b6be50
5,farhaan behardien,c mcclenaghan b bracewell,22,11,19,2,1,200.00,20,8.94,179,6,team1,616be3ab65ff323064b6be50
6,rory kleinveldt,not out,0,0,2,0,0,-,20,8.94,179,6,team1,616be3ab65ff323064b6be50
7,rob nicol,lbw b mclaren,5,3,2,1,0,166.66,20,7.29,146,9,team2,616be3ab65ff323064b6be50
8,martin guptill,c peterson b phangiso,24,20,26,3,1,120.00,20,7.29,146,9,team2,616be3ab65ff323064b6be50
9,brendon mccullum (c)†,c ontong b phangiso,25,22,31,3,1,113.63,20,7.29,146,9,team2,616be3ab65ff323064b6be50
10,colin munro,c †de kock b mclaren,3,10,14,0,0,30.00,20,7.29,146,9,team2,616be3ab65ff323064b6be50
11,james franklin,c ontong b phangiso,16,13,17,1,1,123.07,20,7.29,146,9,team2,616be3ab65ff323064b6be50
12,james neesham,c morkel b peterson,12,10,15,2,0,120.00,20,7.29,146,9,team2,616be3ab65ff323064b6be50
13,nathan mccullum,c peterson b mclaren,17,14,23,2,0,121.42,20,7.29,146,9,team2,616be3ab65ff323064b6be50
14,corey anderson,run out (mclaren),12,9,16,1,0,133.33,20,7.29,146,9,team2,616be3ab65ff323064b6be50
15,doug bracewell,not out,15,9,14,2,0,166.66,20,7.29,146,9,team2,616be3ab65ff323064b6be50
16,ronnie hira,c ontong b kleinveldt,12,9,11,2,0,133.33,20,7.29,146,9,team2,616be3ab65ff323064b6be50
17,mitchell mcclenaghan,not out,1,1,4,0,0,100.00,20,7.29,146,9,team2,616be3ab65ff323064b6be50
