,player,batting,r,b,m,4s,6s,sr,overs,run_rate,total_run,wickets,team,id
0,upul tharanga,b aizaz cheema,12,13,-,2,0,92.30,19.3,7.23,141,10,team1,616be30465ff323064b6bdfd
1,tillakaratne dilshan (c),c misbah-ul-haq b saeed ajmal,28,15,-,4,0,186.66,19.3,7.23,141,10,team1,616be30465ff323064b6bdfd
2,dinesh chandimal,lbw b aizaz cheema,56,44,-,6,0,127.27,19.3,7.23,141,10,team1,616be30465ff323064b6bdfd
3,kumar sangakkara †,c & b mohammad hafeez,9,9,-,0,0,100.00,19.3,7.23,141,10,team1,616be30465ff323064b6bdfd
4,angelo mathews,run out (misbah-ul-haq),14,20,-,0,0,70.00,19.3,7.23,141,10,team1,616be30465ff323064b6bdfd
5,chamara silva,run out (saeed ajmal/†umar akmal),4,8,-,0,0,50.00,19.3,7.23,141,10,team1,616be30465ff323064b6bdfd
6,thisara perera,c †umar akmal b aizaz cheema,0,2,-,0,0,0.00,19.3,7.23,141,10,team1,616be30465ff323064b6bdfd
7,lasith malinga,b aizaz cheema,1,2,-,0,0,50.00,19.3,7.23,141,10,team1,616be30465ff323064b6bdfd
8,dilruwan perera,c misbah-ul-haq b umar gul,1,3,-,0,0,33.33,19.3,7.23,141,10,team1,616be30465ff323064b6bdfd
9,ajantha mendis,not out,0,0,-,0,0,-,19.3,7.23,141,10,team1,616be30465ff323064b6bdfd
10,dilhara fernando,b umar gul,0,1,-,0,0,0.00,19.3,7.23,141,10,team1,616be30465ff323064b6bdfd
11,mohammad hafeez,lbw b nltc perera,13,14,-,1,0,92.85,19.3,7.28,142,5,team2,616be30465ff323064b6bdfd
12,imran farhat,c nltc perera b mendis,19,15,-,4,0,126.66,19.3,7.28,142,5,team2,616be30465ff323064b6bdfd
13,asad shafiq,b malinga,33,33,-,3,0,100.00,19.3,7.28,142,5,team2,616be30465ff323064b6bdfd
14,umar akmal †,b dilshan,0,1,-,0,0,0.00,19.3,7.28,142,5,team2,616be30465ff323064b6bdfd
15,misbah-ul-haq (c),not out,48,38,-,3,1,126.31,19.3,7.28,142,5,team2,616be30465ff323064b6bdfd
16,shahid afridi,c †sangakkara b fernando,22,15,-,0,2,146.66,19.3,7.28,142,5,team2,616be30465ff323064b6bdfd
17,shoaib malik,not out,2,1,-,0,0,200.00,19.3,7.28,142,5,team2,616be30465ff323064b6bdfd
