,player,batting,r,b,m,4s,6s,sr,overs,run_rate,total_run,wickets,team,id
0,mohammad hafeez,c bairstow b swann,23,22,44,3,0,104.54,20,7.19,144,6,team1,616be30465ff323064b6be08
1,awais zia,c broad b finn,18,12,15,1,1,150.00,20,7.19,144,6,team1,616be30465ff323064b6be08
2,asad shafiq,run out (†kieswetter/swann),19,17,27,2,0,111.76,20,7.19,144,6,team1,616be30465ff323064b6be08
3,shahid afridi,c morgan b swann,7,7,9,1,0,100.00,20,7.19,144,6,team1,616be30465ff323064b6be08
4,misbah-ul-haq (c),not out,26,26,50,1,1,100.00,20,7.19,144,6,team1,616be30465ff323064b6be08
5,umar akmal †,c dernbach b swann,0,3,2,0,0,0.00,20,7.19,144,6,team1,616be30465ff323064b6be08
6,shoaib malik,c bairstow b dernbach,39,33,37,4,1,118.18,20,7.19,144,6,team1,616be30465ff323064b6be08
7,kevin pietersen,c asad shafiq b shahid afridi,33,21,26,4,1,157.14,20,6.80,136,6,team2,616be30465ff323064b6be08
8,craig kieswetter †,b mohammad hafeez,14,18,32,2,0,77.77,20,6.80,136,6,team2,616be30465ff323064b6be08
9,ravi bopara,b umar gul,39,32,42,2,1,121.87,20,6.80,136,6,team2,616be30465ff323064b6be08
10,eoin morgan,b mohammad hafeez,14,16,17,1,0,87.50,20,6.80,136,6,team2,616be30465ff323064b6be08
11,jonny bairstow,not out,22,21,40,0,0,104.76,20,6.80,136,6,team2,616be30465ff323064b6be08
12,jos buttler,c saeed ajmal b umar gul,3,4,6,0,0,75.00,20,6.80,136,6,team2,616be30465ff323064b6be08
13,samit patel,lbw b umar gul,0,1,1,0,0,0.00,20,6.80,136,6,team2,616be30465ff323064b6be08
14,graeme swann,not out,2,7,11,0,0,28.57,20,6.80,136,6,team2,616be30465ff323064b6be08
