,player,batting,r,b,m,4s,6s,sr,overs,run_rate,total_run,wickets,team,id
0,gautam gambhir,c smith b pollock,19,19,19,3,0,100.00,20,7.65,153,5,team1,616be07165ff323064b6bd4f
1,virender sehwag,c †boucher b ntini,11,11,23,1,0,100.00,20,7.65,153,5,team1,616be07165ff323064b6bd4f
2,dinesh karthik,c ja morkel b pollock,0,1,1,0,0,0.00,20,7.65,153,5,team1,616be07165ff323064b6bd4f
3,robin uthappa,c smith b m morkel,15,16,22,1,1,93.75,20,7.65,153,5,team1,616be07165ff323064b6bd4f
4,rohit sharma,not out,50,40,52,7,2,125.00,20,7.65,153,5,team1,616be07165ff323064b6bd4f
5,ms dhoni (c)†,run out (philander),45,33,39,4,1,136.36,20,7.65,153,5,team1,616be07165ff323064b6bd4f
6,irfan pathan,not out,0,1,1,0,0,0.00,20,7.65,153,5,team1,616be07165ff323064b6bd4f
7,herschelle gibbs,lbw b singh,1,3,7,0,0,33.33,20,5.80,116,9,team2,616be07165ff323064b6bd4f
8,graeme smith (c),c karthik b singh,4,6,10,1,0,66.66,20,5.80,116,9,team2,616be07165ff323064b6bd4f
9,ab de villiers,lbw b sreesanth,1,4,7,0,0,25.00,20,5.80,116,9,team2,616be07165ff323064b6bd4f
10,justin kemp,run out (sharma),5,12,21,1,0,41.66,20,5.80,116,9,team2,616be07165ff323064b6bd4f
11,mark boucher †,b sreesanth,36,41,69,4,0,87.80,20,5.80,116,9,team2,616be07165ff323064b6bd4f
12,shaun pollock,b singh,0,1,1,0,0,0.00,20,5.80,116,9,team2,616be07165ff323064b6bd4f
13,albie morkel,b singh,36,37,60,2,1,97.29,20,5.80,116,9,team2,616be07165ff323064b6bd4f
14,vernon philander,st †karthik b harbhajan singh,2,5,3,0,0,40.00,20,5.80,116,9,team2,616be07165ff323064b6bd4f
15,johan van der wath,st †karthik b harbhajan singh,2,6,10,0,0,33.33,20,5.80,116,9,team2,616be07165ff323064b6bd4f
16,morne morkel,not out,1,3,6,0,0,33.33,20,5.80,116,9,team2,616be07165ff323064b6bd4f
17,makhaya ntini,not out,4,2,1,1,0,200.00,20,5.80,116,9,team2,616be07165ff323064b6bd4f
