,player,batting,r,b,m,4s,6s,sr,overs,run_rate,total_run,wickets,team,id
0,jacques kallis,run out (bb mccullum),24,23,36,2,1,104.34,20,6.40,128,7,team1,616be0ff65ff323064b6bd88
1,graeme smith (c),b butler,33,35,55,4,0,94.28,20,6.40,128,7,team1,616be0ff65ff323064b6bd88
2,herschelle gibbs,c & b styris,3,7,13,0,0,42.85,20,6.40,128,7,team1,616be0ff65ff323064b6bd88
3,roelof van der merwe,b nl mccullum,0,6,8,0,0,0.00,20,6.40,128,7,team1,616be0ff65ff323064b6bd88
4,jean-paul duminy,c broom b mills,29,23,35,1,2,126.08,20,6.40,128,7,team1,616be0ff65ff323064b6bd88
5,ab de villiers,run out (guptill),15,8,9,2,0,187.50,20,6.40,128,7,team1,616be0ff65ff323064b6bd88
6,mark boucher †,c bb mccullum b butler,6,6,9,0,0,100.00,20,6.40,128,7,team1,616be0ff65ff323064b6bd88
7,albie morkel,not out,10,10,13,0,0,100.00,20,6.40,128,7,team1,616be0ff65ff323064b6bd88
8,johan botha,not out,2,2,4,0,0,100.00,20,6.40,128,7,team1,616be0ff65ff323064b6bd88
9,brendon mccullum (c),st †boucher b van der merwe,57,54,74,6,0,105.55,20,6.35,127,5,team2,616be0ff65ff323064b6bd88
10,martin guptill,c van der merwe b steyn,6,5,8,1,0,120.00,20,6.35,127,5,team2,616be0ff65ff323064b6bd88
11,neil broom,c & b kallis,1,5,4,0,0,20.00,20,6.35,127,5,team2,616be0ff65ff323064b6bd88
12,ross taylor,b van der merwe,22,31,44,2,0,70.96,20,6.35,127,5,team2,616be0ff65ff323064b6bd88
13,jacob oram,run out (smith),24,18,27,2,0,133.33,20,6.35,127,5,team2,616be0ff65ff323064b6bd88
14,scott styris,not out,7,7,16,0,0,100.00,20,6.35,127,5,team2,616be0ff65ff323064b6bd88
