,player,batting,r,b,m,4s,6s,sr,overs,run_rate,total_run,wickets,team,id
0,dwayne smith,c & b bracewell,13,8,5,0,2,162.50,20,8.85,177,5,team1,616be30465ff323064b6be1e
1,chris gayle,b mccullum,53,39,64,3,4,135.89,20,8.85,177,5,team1,616be30465ff323064b6be1e
2,johnson charles,c southee b nicol,36,32,43,4,1,112.50,20,8.85,177,5,team1,616be30465ff323064b6be1e
3,lendl simmons,c southee b mccullum,18,16,19,0,2,112.50,20,8.85,177,5,team1,616be30465ff323064b6be1e
4,daren sammy (c),c williamson b southee,13,11,15,1,0,118.18,20,8.85,177,5,team1,616be30465ff323064b6be1e
5,dwayne bravo,not out,35,11,18,1,4,318.18,20,8.85,177,5,team1,616be30465ff323064b6be1e
6,marlon samuels,not out,4,4,6,0,0,100.00,20,8.85,177,5,team1,616be30465ff323064b6be1e
7,rob nicol,st †ramdin b narine,7,12,19,0,0,58.33,18.4,6.21,116,10,team2,616be30465ff323064b6be1e
8,martin guptill,c edwards b narine,18,18,18,2,1,100.00,18.4,6.21,116,10,team2,616be30465ff323064b6be1e
9,tim southee,c charles b badree,3,5,12,0,0,60.00,18.4,6.21,116,10,team2,616be30465ff323064b6be1e
10,kane williamson (c),run out (simmons/badree),6,5,4,1,0,120.00,18.4,6.21,116,10,team2,616be30465ff323064b6be1e
11,daniel flynn,c gayle b samuels,22,19,25,0,2,115.78,18.4,6.21,116,10,team2,616be30465ff323064b6be1e
12,dean brownlie,b narine,1,4,4,0,0,25.00,18.4,6.21,116,10,team2,616be30465ff323064b6be1e
13,tom latham †,b samuels,19,19,25,1,0,100.00,18.4,6.21,116,10,team2,616be30465ff323064b6be1e
14,nathan mccullum,c & b bravo,14,15,30,0,0,93.33,18.4,6.21,116,10,team2,616be30465ff323064b6be1e
15,andrew ellis,c bravo b narine,1,3,6,0,0,33.33,18.4,6.21,116,10,team2,616be30465ff323064b6be1e
16,doug bracewell,c smith b bravo,20,11,12,0,2,181.81,18.4,6.21,116,10,team2,616be30465ff323064b6be1e
17,kyle mills,not out,1,1,2,0,0,100.00,18.4,6.21,116,10,team2,616be30465ff323064b6be1e
