,player,batting,r,b,m,4s,6s,sr,overs,run_rate,total_run,wickets,team,id
0,richard levi,c nicol b franklin,11,7,9,1,1,157.14,20,8.25,165,7,team1,616be30465ff323064b6be05
1,hashim amla,c †bb mccullum b bracewell,33,22,32,4,1,150.00,20,8.25,165,7,team1,616be30465ff323064b6be05
2,albie morkel,c nicol b southee,10,9,11,0,1,111.11,20,8.25,165,7,team1,616be30465ff323064b6be05
3,ab de villiers (c)†,b nicol,29,23,40,2,1,126.08,20,8.25,165,7,team1,616be30465ff323064b6be05
4,jean-paul duminy,run out (nicol),38,20,23,2,2,190.00,20,8.25,165,7,team1,616be30465ff323064b6be05
5,justin ontong,lbw b nicol,6,5,7,1,0,120.00,20,8.25,165,7,team1,616be30465ff323064b6be05
6,johan botha,c guptill b southee,2,7,12,0,0,28.57,20,8.25,165,7,team1,616be30465ff323064b6be05
7,wayne parnell,not out,22,17,24,2,1,129.41,20,8.25,165,7,team1,616be30465ff323064b6be05
8,robin peterson,not out,11,10,13,1,0,110.00,20,8.25,165,7,team1,616be30465ff323064b6be05
9,rob nicol,c levi b m morkel,33,19,21,5,1,173.68,20,8.10,162,7,team2,616be30465ff323064b6be05
10,martin guptill,c amla b botha,26,19,25,3,1,136.84,20,8.10,162,7,team2,616be30465ff323064b6be05
11,jesse ryder,c m morkel b botha,52,42,56,5,2,123.80,20,8.10,162,7,team2,616be30465ff323064b6be05
12,brendon mccullum (c)†,c †de villiers b peterson,18,19,20,1,1,94.73,20,8.10,162,7,team2,616be30465ff323064b6be05
13,kane williamson,c ja morkel b m morkel,6,9,13,0,0,66.66,20,8.10,162,7,team2,616be30465ff323064b6be05
14,james franklin,not out,9,8,27,0,0,112.50,20,8.10,162,7,team2,616be30465ff323064b6be05
15,nathan mccullum,c †de villiers b de lange,0,2,4,0,0,0.00,20,8.10,162,7,team2,616be30465ff323064b6be05
16,doug bracewell,c amla b de lange,0,2,2,0,0,0.00,20,8.10,162,7,team2,616be30465ff323064b6be05
17,tim southee,not out,0,1,3,0,0,0.00,20,8.10,162,7,team2,616be30465ff323064b6be05
